addr,end,kind,name,extra
00000000,00000000,label,"_except_list",Label
10000000,10000080,data,"IMAGE_DOS_HEADER_10000000",IMAGE_DOS_HEADER
10000080,100000e8,data,"DAT_10000080",IMAGE_RICH_HEADER
100000f0,100001e8,data,"DAT_100000f0",IMAGE_NT_HEADERS32
100001e8,10000210,data,"DAT_100001e8",IMAGE_SECTION_HEADER
10000210,10000238,data,"DAT_10000210",IMAGE_SECTION_HEADER
10000238,10000260,data,"DAT_10000238",IMAGE_SECTION_HEADER
10000260,10000288,data,"DAT_10000260",IMAGE_SECTION_HEADER
10000288,100002b0,data,"DAT_10000288",IMAGE_SECTION_HEADER
10001000,10001030,func,"`vector_constructor_iterator'",
10001030,10001050,func,"_$E2@10001000",
10001050,10001080,func,"_$E7@10001000",
10001080,10001090,func,"_$E5@10001000",
10001090,100010c0,func,"_$E12@10001000",
100010c0,100010d0,func,"_$E10@10001000",
100010d0,10001100,func,"_$E17@10001000",
10001100,10001110,func,"_$E15@10001000",
10001110,10001140,func,"_$E22@10001000",
10001140,10001150,func,"_$E20@10001000",
10001150,10001170,func,"_$E25@10001000",
10001170,10001190,func,"_$E28@10001000",
10001190,100011b0,func,"_$E31@10001000",
100011b0,100011d0,func,"_$E34@10001000",
100011d0,100011f0,func,"_$E37@10001000",
100011f0,10001210,func,"_$E40@10001000",
10001210,10001230,func,"_$E43@10001000",
10001230,10001340,func,"d3d_InitModelVertexBufferPools",
10001340,10001370,func,"d3d_TermModelVertexBufferPools",
10001370,10001390,func,"FillModelBaseTexCoords",
10001390,100013d0,func,"FillModelDetailTexCoords",
100013d0,100013e0,func,"CopyModelGeneratedTexCoords",
100013e0,10001410,func,"FillModelBaseAndGeneratedTexCoords",
10001410,10001420,func,"GenerateModelTexCoordsNoOp",
10001420,10001490,func,"GenerateModelEnvMapCoords",
10001490,10001510,func,"GenerateModelSpecularCoords",
10001510,10001520,func,"CopyTLVertex32",
10001520,10001530,func,"CopyTLVertex40",
10001530,10001940,func,"ClipModelPolygon32",
10001940,10001a50,func,"TLVertex_ClipExtra",
10001a50,10001ac0,func,"IntersectNearClipPlane",
10001ac0,10001b30,func,"IntersectLeftClipPlane",
10001b30,10001f20,func,"ClipModelPolygon40",
10001f20,10002050,func,"TLVertex40_ClipExtra",
10002050,10002bc0,func,"ModelDraw::DrawPieceClippedReallyClose",
10002bc0,100036d0,func,"ModelDraw::DrawPieceClipped",
100036d0,10003b60,func,"ModelDraw::DrawPieceProjected",
10003b60,10003e00,func,"ModelDraw::DrawPieceTransformed",
10003e00,10004230,func,"ModelDraw::DrawPieceUntransformed",
10004230,10004270,func,"ModelDraw::DrawPieceCached",
10004270,100045a0,func,"ModelDraw::DrawPiecesWithCallbacks",
100045a0,10004660,func,"ModelDraw::SelectPieceDrawCallbacks",
10004660,10005700,func,"ModelDraw::SkinAndLightPieceVertices",
10005700,10006140,func,"ModelDraw::PrepareModelPieceVertices",
10006140,10006150,func,"UnkType_VertexBufferPoolA<0>::vfn_Unk18",
10006150,10006160,func,"UnkType_VertexBufferPoolB<0>::vfn_Unk18",
10006160,10006180,func,"UnkType_VertexBufferPoolA<0>::`scalar_deleting_destructor'",
10006180,10006230,func,"UnkType_VertexBufferPoolA<0>::vfn_Unk1c",
10006230,100062e0,func,"UnkType_VertexBufferPoolB<0>::vfn_Unk1c",
100062e0,100063e0,func,"ProjectPositionWithDepthBias",
100063e0,10006670,func,"ClipPolyTop",
10006670,10006900,func,"ClipPolyRight",
10006900,10006ba0,func,"ClipPolyBottom",
10006ba0,10006e40,func,"ClipPolyFar",
10006e40,10007100,func,"ClipPolyTop40",
10007100,100073b0,func,"ClipPolyRight40",
100073b0,10007670,func,"ClipPolyBottom40",
10007670,10007930,func,"ClipPolyFar40",
10007930,10007976,func,"SetupWorldTextureCoordinates",
10007976,100079e4,func,"FlushWorldTexturePolys",
100079e4,10007a89,func,"d3d_SetTexture",
10007a89,10007b41,func,"d3d_BindRTexture",
10007b41,10007ddb,func,"DrawWorldTexturePoly",
10007ddb,10007e36,func,"AllocateTexturePolyNode",
10007e36,10007e5d,func,"sb_Allocate",
10007e5d,10008197,func,"DrawPolyDynamicLightmaps",
10008197,1000832e,func,"LTMatrix::Inverse",
1000832e,100083ae,func,"LTMatrix::Apply4x4",
100083ae,100083bf,func,"CountAdder_Destructor",
100083bf,100083ec,func,"QueueWorldTexturePoly",
100083ec,100085d3,func,"AddPolyDynamicVertexLighting",
100085d3,100085f2,func,"_CVector<float>::MagSqr",
100085f2,1000868d,func,"TransformClipProjectPolygon40",
1000868d,10008719,func,"MatVMul_InPlace_H",
10008719,10008779,func,"TransformPositionInPlace",
10008779,10008895,func,"ClipPolygon40",
10008895,100088ec,func,"ProjectVertexToScreen",
100088ec,10008a23,func,"ClipPolyNear40",
10008a23,10008b58,func,"ClipPolyLeft40",
10008b58,10008bb4,func,"IntersectTopClipPlane",
10008bb4,10008c10,func,"IntersectRightClipPlane",
10008c10,10008c6e,func,"IntersectBottomClipPlane",
10008c6e,10008cd0,func,"IntersectFarClipPlane",
10008cd0,10008ce0,func,"_$E2@drawparticles",
10008ce0,10009020,func,"d3d_DrawParticleSystem",
10009020,10009240,func,"MatMul",
10009240,10009350,func,"d3d_SetupTransformation",
10009350,10009370,func,"d3d_FindRTextureForStage",
10009370,100098b0,func,"d3d_DrawParticleBatch",
100098b0,100098d0,func,"_CVector<float>::Init",
100098d0,100098d5,func,"_$E2@100098d0",
100098d5,100098ef,func,"_$E1@100098d0",
100098ef,100098f4,func,"_$E5@100098d0",
100098f4,1000990e,func,"_$E4@100098d0",
1000990e,10009913,func,"_$E8@100098d0",
10009913,1000992d,func,"_$E7@100098d0",
1000992d,10009932,func,"_$E11@100098d0",
10009932,1000994c,func,"_$E10@100098d0",
1000994c,10009951,func,"_$E14@100098d0",
10009951,1000996b,func,"_$E13@100098d0",
1000996b,10009970,func,"_$E17@100098d0",
10009970,1000998a,func,"_$E16@100098d0",
1000998a,1000998f,func,"_$E20@100098d0",
1000998f,100099a9,func,"_$E19@100098d0",
100099a9,100099b3,func,"d3d_SetChromaKeyPass",
100099b3,100099b9,func,"d3d_GetChromaKeyPass",
100099b9,10009e80,func,"DrawLightmappedWorldPoly",
10009e80,10009ea5,func,"RelightWorldPolyIfNeeded",
10009ea5,10009f0b,func,"d3d_SetLightmapTexture",
10009f0b,10009f6c,func,"d3d_BuildDualTextureWorldVertices",
10009f6c,1000a066,func,"d3d_BuildLightmappedWorldVertices",
1000a066,1000a134,func,"d3d_UpdateWorldVertexLightmapUVs",
1000a134,1000a16b,func,"d3d_ReservePolyScratchVertices",
1000a16b,1000a1c2,func,"d3d_DrawOrQueueLightmappedWorldPoly",
1000a1c2,1000a211,func,"d3d_SetEnvMapTextureStates",
1000a211,1000a23a,func,"d3d_UnsetEnvMapTextureStates",
1000a23a,1000a25e,func,"d3d_SetDetailTextureStates",
1000a25e,1000a27b,func,"d3d_UnsetDetailTexture",
1000a27b,1000a2a7,func,"d3d_UnsetTexture",
1000a2a7,1000a4dc,func,"d3d_FlushWorldTextureBuckets",
1000a4dc,1000a521,func,"StageStateSet::StageStateSet",
1000a521,1000a538,func,"StageStateSet::~StageStateSet",
1000a538,1000a70d,func,"d3d_DrawWorldTextureBucket",
1000a70d,1000a8c0,func,"d3d_DrawSingleTextureWorldBucket",
1000a8c0,1000ac7b,func,"d3d_DrawDualTextureWorldBucket",
1000ac7b,1000ac8a,func,"d3d_FlushPendingWorldTextureBuckets",
1000ac8a,1000ad48,func,"d3d_FlushLightmapPageQueues",
1000ad48,1000ae2f,func,"d3d_DrawClippedTriangleFan",
1000ae2f,1000af16,func,"d3d_DrawClippedDualTextureTriangleFan",
1000af16,1000afb1,func,"d3d_ClipAndProjectTLVertices",
1000afb1,1000b0cd,func,"ClipPoly",
1000b0cd,1000b20c,func,"ClipPolyNear",
1000b20c,1000b349,func,"ClipPolyLeft",
1000b349,1000b35f,func,"_$E4@setupmodel",
1000b35f,1000b369,func,"_$E2@setupmodel",
1000b369,1000b36a,func,"_$E10@setupmodel",
1000b36a,1000b36f,func,"_$E13@setupmodel",
1000b36f,1000b389,func,"_$E12@setupmodel",
1000b389,1000b38e,func,"_$E16@setupmodel",
1000b38e,1000b3a8,func,"_$E15@setupmodel",
1000b3a8,1000b3ad,func,"_$E19@setupmodel",
1000b3ad,1000b3c7,func,"_$E18@setupmodel",
1000b3c7,1000b3cc,func,"_$E22@setupmodel",
1000b3cc,1000b3e6,func,"_$E21@setupmodel",
1000b3e6,1000b3eb,func,"_$E25@setupmodel",
1000b3eb,1000b409,func,"_$E24@setupmodel",
1000b409,1000b40e,func,"_$E28@setupmodel",
1000b40e,1000b428,func,"_$E27@setupmodel",
1000b428,1000b42d,func,"_$E31@setupmodel",
1000b42d,1000b447,func,"_$E30@setupmodel",
1000b447,1000b44c,func,"_$E34@setupmodel",
1000b44c,1000b466,func,"_$E33@setupmodel",
1000b466,1000b46b,func,"_$E37@setupmodel",
1000b46b,1000b489,func,"_$E36@setupmodel",
1000b489,1000b48e,func,"_$E40@setupmodel",
1000b48e,1000b4a8,func,"_$E39@setupmodel",
1000b4a8,1000b4ad,func,"_$E43@setupmodel",
1000b4ad,1000b4cb,func,"_$E42@setupmodel",
1000b4cb,1000b4d0,func,"_$E46@setupmodel",
1000b4d0,1000b4ea,func,"_$E45@setupmodel",
1000b4ea,1000b4ef,func,"_$E49@setupmodel",
1000b4ef,1000b509,func,"_$E48@setupmodel",
1000b509,1000b50e,func,"_$E52@setupmodel",
1000b50e,1000b528,func,"_$E51@setupmodel",
1000b528,1000b560,func,"d3d_QueueModel",
1000b560,1000b584,func,"LTAnimTracker::IsValid",
1000b584,1000b63b,func,"d3d_TestModelFrustum",
1000b63b,1000b6ae,func,"d3d_TestSphereClipPlanes",
1000b6ae,1000b6cd,func,"d3d_ModelPreFrame",
1000b6cd,1000b772,func,"d3d_BuildModelWarbleTables",
1000b772,1000b7aa,func,"d3d_ModelModuleInit",
1000b7aa,1000b7af,func,"d3d_TermModelVertexBufferPools",
1000b7af,1000b891,func,"ModelDraw::ModelDraw",
1000b891,1000b8e5,func,"UnkType_StateCache::UnkType_StateCache",
1000b8e5,1000b94b,func,"LTMatrix::Identity",
1000b94b,1000b9b1,func,"LTMatrix::Init",
1000b9b1,1000b9d1,func,"UnkType_StageRecord::ResetStageRecord",
1000b9d1,1000b9d4,func,"UnkType_ModelLight::UnkType_ModelLight",
1000b9d4,1000ba1c,func,"ModelDraw::~ModelDraw",
1000ba1c,1000ba6e,func,"ModelDraw::EnsureVertexAndTransformBuffers",
1000ba6e,1000baa4,func,"ModelDraw::CallModelHook",
1000baa4,1000bafe,func,"ModelDraw::StaticLightCB",
1000bafe,1000bcf3,func,"ModelDraw::AddModelLight",
1000bcf3,1000bd4f,func,"MatVMul",
1000bd4f,1000bdeb,func,"CastRayAtSky",
1000bdeb,1000be28,func,"IntersectQuery::IntersectQuery",
1000be28,1000be59,func,"IntersectInfo::IntersectInfo",
1000be59,1000be88,func,"UnkType_MainWorldView::w_GetPolyFromHPoly",
1000be88,1000c0bf,func,"ModelDraw::GetDirLightAmount",
1000c0bf,1000c100,func,"LTMatrix::GetBasisVectors",
1000c100,1000c73d,func,"ModelDraw::SetupModelLight",
1000c73d,1000c790,func,"MatVMul_3x3",
1000c790,1000c823,func,"Mat_InverseTransformation",
1000c823,1000c860,func,"FindObjInfo::FindObjInfo",
1000c860,1000ccd9,func,"w_GetLightVal",
1000ccd9,1000d340,func,"ModelDraw::DrawFadeSprite",
1000d340,1000d35f,func,"d3d_DrawDevicePrimitive",
1000d35f,1000d3a7,func,"ModelDraw::GetLODIndexCount",
1000d3a7,1000dbf8,func,"ModelDraw::DrawModel",
1000dbf8,1000dc6d,func,"LTMatrix::TransformPlane",
1000dc6d,1000dcc7,func,"LTMatrix::Apply",
1000dcc7,1000dd18,func,"UnkType_DrawState::UnkType_DrawState",
1000dd18,1000dd19,func,"d3d_BeginModelProjectionNoOp",
1000dd19,1000dd34,func,"d3d_ProjectModelVertex",
1000dd34,1000ddb4,func,"MatVMul_H",
1000ddb4,1000ddc5,func,"d3d_BeginModelWarbleProjection",
1000ddc5,1000de1f,func,"d3d_ProjectWarbledModelVertex",
1000de1f,1000de56,func,"d3d_PackRigidModelCacheKey",
1000de56,1000df7a,func,"ModelDraw::SelectLODAndBlend",
1000df7a,1000dfb6,func,"ModelDraw::BuildProjectedNodeTransforms",
1000dfb6,1000dfcf,func,"_CVector<float>::_CVector<float>",
1000dfcf,1000e011,func,"_CVector<float>::Dist",
1000e011,1000e03c,func,"_CVector<float>::Mag",
1000e03c,1000e06c,func,"_CVector<float>::operator-",
1000e06c,1000e09f,func,"_CVector<float>::operator-",
1000e09f,1000e0c1,func,"CMoArray<unsigned_short,DefaultCache>::CMoArray<unsigned_short,DefaultCache>",
1000e0c1,1000e0d7,func,"CMoArray<unsigned_short,DefaultCache>::GenBegin",
1000e0d7,1000e0ec,func,"CMoArray<unsigned_short,DefaultCache>::GenGetNext",
1000e0ec,1000e0fc,func,"CMoArray<unsigned_short,DefaultCache>::GenGetAt",
1000e0fc,1000e111,func,"CMoArray<unsigned_short,DefaultCache>::GenAppend",
1000e111,1000e122,func,"CMoArray<unsigned_short,DefaultCache>::GenRemoveAt",
1000e122,1000e12f,func,"CMoArray<unsigned_short,DefaultCache>::GenRemoveAll",
1000e12f,1000e1b9,func,"CMoArray<unsigned_short,DefaultCache>::GenCopyList",
1000e1b9,1000e248,func,"CMoArray<unsigned_short,DefaultCache>::GenAppendList",
1000e248,1000e26f,func,"CMoArray<unsigned_short,DefaultCache>::GenFindElement",
1000e26f,1000e291,func,"CMoArray<TLVertex,DefaultCache>::CMoArray<TLVertex,DefaultCache>",
1000e291,1000e2a1,func,"CMoArray<unsigned_short,DefaultCache>::GenIsValid",
1000e2a1,1000e2c4,func,"CMoArray<TLVertex,DefaultCache>::GenGetNext",
1000e2c4,1000e2e2,func,"CMoArray<TLVertex,DefaultCache>::GenGetAt",
1000e2e2,1000e2f7,func,"CMoArray<TLVertex,DefaultCache>::GenAppend",
1000e2f7,1000e308,func,"CMoArray<TLVertex,DefaultCache>::GenRemoveAt",
1000e308,1000e315,func,"CMoArray<TLVertex,DefaultCache>::GenRemoveAll",
1000e315,1000e3c9,func,"CMoArray<TLVertex,DefaultCache>::GenCopyList",
1000e3c9,1000e485,func,"CMoArray<TLVertex,DefaultCache>::GenAppendList",
1000e485,1000e4ac,func,"CMoArray<TLVertex,DefaultCache>::GenFindElement",
1000e4ac,1000e4ce,func,"CMoArray<LTMatrix,DefaultCache>::CMoArray<LTMatrix,DefaultCache>",
1000e4ce,1000e4f1,func,"CMoArray<LTMatrix,DefaultCache>::GenGetNext",
1000e4f1,1000e50f,func,"CMoArray<LTMatrix,DefaultCache>::GenGetAt",
1000e50f,1000e524,func,"CMoArray<LTMatrix,DefaultCache>::GenAppend",
1000e524,1000e535,func,"CMoArray<LTMatrix,DefaultCache>::GenRemoveAt",
1000e535,1000e542,func,"CMoArray<LTMatrix,DefaultCache>::GenRemoveAll",
1000e542,1000e5f6,func,"CMoArray<LTMatrix,DefaultCache>::GenCopyList",
1000e5f6,1000e6b2,func,"CMoArray<LTMatrix,DefaultCache>::GenAppendList",
1000e6b2,1000e6d9,func,"CMoArray<LTMatrix,DefaultCache>::GenFindElement",
1000e6d9,1000e70c,func,"_CVector<float>::Norm",
1000e70c,1000e756,func,"_CVector<float>::Cross",
1000e756,1000e7cc,func,"_CVector<float>::Equals",
1000e7cc,1000e801,func,"CMoArray<unsigned_short,DefaultCache>::Init",
1000e801,1000e860,func,"CMoArray<unsigned_short,DefaultCache>::SetSize2",
1000e860,1000e90f,func,"CMoArray<unsigned_short,DefaultCache>::InternalNiceSetSize",
1000e90f,1000e944,func,"CMoArray<TLVertex,DefaultCache>::Init",
1000e944,1000e9a6,func,"CMoArray<TLVertex,DefaultCache>::SetSize2",
1000e9a6,1000ea62,func,"CMoArray<TLVertex,DefaultCache>::InternalNiceSetSize",
1000ea62,1000ea97,func,"CMoArray<LTMatrix,DefaultCache>::Init",
1000ea97,1000eaf6,func,"CMoArray<LTMatrix,DefaultCache>::SetSize2",
1000eaf6,1000ebb2,func,"CMoArray<LTMatrix,DefaultCache>::InternalNiceSetSize",
1000ebb2,1000ec7a,func,"CMoArray<unsigned_short,DefaultCache>::Insert2",
1000ec7a,1000ed35,func,"CMoArray<unsigned_short,DefaultCache>::Remove2",
1000ed35,1000ed4c,func,"CMoArray<unsigned_short,DefaultCache>::_AllocateTArray",
1000ed4c,1000ee57,func,"CMoArray<TLVertex,DefaultCache>::Insert2",
1000ee57,1000ef41,func,"CMoArray<TLVertex,DefaultCache>::Remove2",
1000ef41,1000f049,func,"CMoArray<LTMatrix,DefaultCache>::Insert2",
1000f049,1000f130,func,"CMoArray<LTMatrix,DefaultCache>::Remove2",
1000f130,1000f148,func,"CMoArray<LTMatrix,DefaultCache>::_AllocateTArray",
1000f148,1000f160,func,"BaseNew",
1000f160,1000f180,func,"_$E2@3d_ops",
1000f180,1000f1a0,func,"_$E5@3d_ops",
1000f1a0,1000f270,func,"ViewParams::SetupFogViewPosition",
1000f270,1000f3a0,func,"d3d_CalcLightAdd",
1000f3a0,1000f3a1,func,"_$E2@common_draw",
1000f3a1,1000f3a2,func,"_$E5@common_draw",
1000f3a2,1000f3a3,func,"_$E8@common_draw",
1000f3a3,1000f3a4,func,"_$E11@common_draw",
1000f3a4,1000f3a5,func,"_$E14@common_draw",
1000f3a5,1000f3af,func,"_$E17@common_draw",
1000f3af,1000f3c0,func,"ViewParams::ViewParams",
1000f3c0,1000f40a,func,"d3d_IncrementFrameCode",
1000f40a,1000f458,func,"d3d_ClearWorldBspFrameCodes",
1000f458,1000f551,func,"d3d_IsPortalInsideViewFrustum",
1000f551,1000f5e3,func,"d3d_InitViewBox",
1000f5e3,1000f6de,func,"d3d_InitViewBox2",
1000f6de,1000f72b,func,"d3d_CacheProjectionCoefficients",
1000f72b,100101f9,func,"d3d_InitFrustum2",
100101f9,10010222,func,"MatTranspose3x3",
10010222,10010281,func,"MatVMul_InPlace_Transposed3x3",
10010281,100102b9,func,"d3d_SetupPerspectiveMatrix",
100102b9,100103c2,func,"d3d_SetupSkyStuff",
100103c2,10010777,func,"d3d_InitFrame",
10010777,100107c3,func,"d3d_FreeLitPolyList",
100107c3,100107fb,func,"d3d_FreePolyLightRecords",
100107fb,10010800,func,"d3d_ClearFrameLitPolys",
10010800,1001083a,func,"d3d_InitLitPolyPools",
1001083a,1001085e,func,"d3d_TermLitPolyPools",
1001085e,1001094c,func,"d3d_CalcWorldReflectionUVs",
1001094c,1001095c,func,"_$E2@common_init",
1001095c,10010967,func,"_$E5@common_init",
10010967,10010998,func,"d3d_FreeDeviceList",
10010998,100109c6,func,"d3d_ListDevices",
100109c6,100109fd,func,"d3d_GetHook",
100109fd,10010a24,func,"DDPFToPFormat",
10010a24,10010a69,func,"r_GetBufferFormatOfSurface",
10010a69,10010b13,func,"d3d_FreeDDraw",
10010b13,10010b22,func,"d3d_Term",
10010b22,10010e0d,func,"d3d_Init",
10010e0d,10010e36,func,"d3d_IsNullRenderOn",
10010e36,10010eb3,func,"d3d_FindDeviceByName",
10010eb3,10010f44,func,"d3d_EnumDisplayModeCallback",
10010f44,10010fd3,func,"GetSupportedModes",
10010fd3,10010ff1,func,"FreeModeList",
10010ff1,1001116b,func,"RenderDLLSetup",
1001116b,10011170,func,"_$E2@common_stuff",
10011170,100111b5,func,"_$E1@common_stuff",
100111b5,100111f0,func,"ConVar::ConVar",
100111f0,100111f5,func,"_$E5@common_stuff",
100111f5,1001123f,func,"_$E4@common_stuff",
1001123f,10011244,func,"_$E8@common_stuff",
10011244,1001128e,func,"_$E7@common_stuff",
1001128e,10011293,func,"_$E11@common_stuff",
10011293,100112df,func,"_$E10@common_stuff",
100112df,100112e4,func,"_$E14@common_stuff",
100112e4,10011330,func,"_$E13@common_stuff",
10011330,10011335,func,"_$E17@common_stuff",
10011335,1001137f,func,"_$E16@common_stuff",
1001137f,10011384,func,"_$E20@common_stuff",
10011384,100113ce,func,"_$E19@common_stuff",
100113ce,100113d3,func,"_$E23@common_stuff",
100113d3,1001141f,func,"_$E22@common_stuff",
1001141f,10011424,func,"_$E26@common_stuff",
10011424,1001146e,func,"_$E25@common_stuff",
1001146e,10011473,func,"_$E29@common_stuff",
10011473,100114bd,func,"_$E28@common_stuff",
100114bd,100114c2,func,"_$E32@common_stuff",
100114c2,1001150c,func,"_$E31@common_stuff",
1001150c,10011511,func,"_$E35@common_stuff",
10011511,1001155b,func,"_$E34@common_stuff",
1001155b,10011560,func,"_$E38@common_stuff",
10011560,100115aa,func,"_$E37@common_stuff",
100115aa,100115af,func,"_$E41@common_stuff",
100115af,100115f9,func,"_$E40@common_stuff",
100115f9,100115fe,func,"_$E44@common_stuff",
100115fe,10011648,func,"_$E43@common_stuff",
10011648,1001164d,func,"_$E47@common_stuff",
1001164d,10011697,func,"_$E46@common_stuff",
10011697,1001169c,func,"_$E50@common_stuff",
1001169c,100116e6,func,"_$E49@common_stuff",
100116e6,100116eb,func,"_$E53@common_stuff",
100116eb,10011735,func,"_$E52@common_stuff",
10011735,1001173a,func,"_$E56@common_stuff",
1001173a,10011786,func,"_$E55@common_stuff",
10011786,1001178b,func,"_$E59@common_stuff",
1001178b,100117d7,func,"_$E58@common_stuff",
100117d7,100117dc,func,"_$E62@common_stuff",
100117dc,10011826,func,"_$E61@common_stuff",
10011826,1001182b,func,"_$E65@common_stuff",
1001182b,10011877,func,"_$E64@common_stuff",
10011877,1001187c,func,"_$E68@common_stuff",
1001187c,100118c6,func,"_$E67@common_stuff",
100118c6,100118cb,func,"_$E71@common_stuff",
100118cb,10011915,func,"_$E70@common_stuff",
10011915,1001191a,func,"_$E74@common_stuff",
1001191a,10011966,func,"_$E73@common_stuff",
10011966,1001196b,func,"_$E77@common_stuff",
1001196b,100119b5,func,"_$E76@common_stuff",
100119b5,100119ba,func,"_$E80@common_stuff",
100119ba,10011a06,func,"_$E79@common_stuff",
10011a06,10011a0b,func,"_$E83@common_stuff",
10011a0b,10011a55,func,"_$E82@common_stuff",
10011a55,10011a5a,func,"_$E86@common_stuff",
10011a5a,10011aa4,func,"_$E85@common_stuff",
10011aa4,10011aa9,func,"_$E89@common_stuff",
10011aa9,10011af3,func,"_$E88@common_stuff",
10011af3,10011af8,func,"_$E92@common_stuff",
10011af8,10011b42,func,"_$E91@common_stuff",
10011b42,10011b47,func,"_$E95@common_stuff",
10011b47,10011b91,func,"_$E94@common_stuff",
10011b91,10011b96,func,"_$E98@common_stuff",
10011b96,10011be0,func,"_$E97@common_stuff",
10011be0,10011be5,func,"_$E101@common_stuff",
10011be5,10011c2f,func,"_$E100@common_stuff",
10011c2f,10011c34,func,"_$E104@common_stuff",
10011c34,10011c7e,func,"_$E103@common_stuff",
10011c7e,10011c83,func,"_$E107@common_stuff",
10011c83,10011ccd,func,"_$E106@common_stuff",
10011ccd,10011cd2,func,"_$E110@common_stuff",
10011cd2,10011d1c,func,"_$E109@common_stuff",
10011d1c,10011d21,func,"_$E113@common_stuff",
10011d21,10011d6b,func,"_$E112@common_stuff",
10011d6b,10011d70,func,"_$E116@common_stuff",
10011d70,10011dba,func,"_$E115@common_stuff",
10011dba,10011dbf,func,"_$E119@common_stuff",
10011dbf,10011e09,func,"_$E118@common_stuff",
10011e09,10011e0e,func,"_$E122@common_stuff",
10011e0e,10011e58,func,"_$E121@common_stuff",
10011e58,10011e5d,func,"_$E125@common_stuff",
10011e5d,10011ea7,func,"_$E124@common_stuff",
10011ea7,10011eac,func,"_$E128@common_stuff",
10011eac,10011ef6,func,"_$E127@common_stuff",
10011ef6,10011efb,func,"_$E131@common_stuff",
10011efb,10011f45,func,"_$E130@common_stuff",
10011f45,10011f4a,func,"_$E134@common_stuff",
10011f4a,10011f94,func,"_$E133@common_stuff",
10011f94,10011f99,func,"_$E137@common_stuff",
10011f99,10011fe3,func,"_$E136@common_stuff",
10011fe3,10011fe8,func,"_$E140@common_stuff",
10011fe8,10012032,func,"_$E139@common_stuff",
10012032,10012037,func,"_$E143@common_stuff",
10012037,10012081,func,"_$E142@common_stuff",
10012081,10012086,func,"_$E146@common_stuff",
10012086,100120d0,func,"_$E145@common_stuff",
100120d0,100120d5,func,"_$E149@common_stuff",
100120d5,10012121,func,"_$E148@common_stuff",
10012121,10012126,func,"_$E152@common_stuff",
10012126,10012172,func,"_$E151@common_stuff",
10012172,10012177,func,"_$E155@common_stuff",
10012177,100121c3,func,"_$E154@common_stuff",
100121c3,100121c8,func,"_$E158@common_stuff",
100121c8,10012212,func,"_$E157@common_stuff",
10012212,10012217,func,"_$E161@common_stuff",
10012217,10012263,func,"_$E160@common_stuff",
10012263,10012268,func,"_$E164@common_stuff",
10012268,100122b2,func,"_$E163@common_stuff",
100122b2,100122b7,func,"_$E167@common_stuff",
100122b7,10012303,func,"_$E166@common_stuff",
10012303,10012308,func,"_$E170@common_stuff",
10012308,10012352,func,"_$E169@common_stuff",
10012352,10012357,func,"_$E173@common_stuff",
10012357,100123a1,func,"_$E172@common_stuff",
100123a1,100123a6,func,"_$E176@common_stuff",
100123a6,100123f0,func,"_$E175@common_stuff",
100123f0,100123f5,func,"_$E179@common_stuff",
100123f5,1001243f,func,"_$E178@common_stuff",
1001243f,10012444,func,"_$E182@common_stuff",
10012444,1001248e,func,"_$E181@common_stuff",
1001248e,10012493,func,"_$E185@common_stuff",
10012493,100124dd,func,"_$E184@common_stuff",
100124dd,100124e2,func,"_$E188@common_stuff",
100124e2,1001252c,func,"_$E187@common_stuff",
1001252c,10012531,func,"_$E191@common_stuff",
10012531,1001257b,func,"_$E190@common_stuff",
1001257b,10012580,func,"_$E194@common_stuff",
10012580,100125ca,func,"_$E193@common_stuff",
100125ca,100125cf,func,"_$E197@common_stuff",
100125cf,10012619,func,"_$E196@common_stuff",
10012619,1001261e,func,"_$E200@common_stuff",
1001261e,10012668,func,"_$E199@common_stuff",
10012668,1001266d,func,"_$E203@common_stuff",
1001266d,100126b7,func,"_$E202@common_stuff",
100126b7,100126bc,func,"_$E206@common_stuff",
100126bc,10012706,func,"_$E205@common_stuff",
10012706,1001270b,func,"_$E209@common_stuff",
1001270b,10012755,func,"_$E208@common_stuff",
10012755,1001275a,func,"_$E212@common_stuff",
1001275a,100127a4,func,"_$E211@common_stuff",
100127a4,100127a9,func,"_$E215@common_stuff",
100127a9,100127f3,func,"_$E214@common_stuff",
100127f3,100127f8,func,"_$E218@common_stuff",
100127f8,10012842,func,"_$E217@common_stuff",
10012842,10012847,func,"_$E221@common_stuff",
10012847,10012891,func,"_$E220@common_stuff",
10012891,10012896,func,"_$E224@common_stuff",
10012896,100128e0,func,"_$E223@common_stuff",
100128e0,100128e5,func,"_$E227@common_stuff",
100128e5,1001292f,func,"_$E226@common_stuff",
1001292f,10012934,func,"_$E230@common_stuff",
10012934,10012980,func,"_$E229@common_stuff",
10012980,10012985,func,"_$E233@common_stuff",
10012985,100129cf,func,"_$E232@common_stuff",
100129cf,100129d4,func,"_$E236@common_stuff",
100129d4,10012a1e,func,"_$E235@common_stuff",
10012a1e,10012a23,func,"_$E239@common_stuff",
10012a23,10012a6d,func,"_$E238@common_stuff",
10012a6d,10012a72,func,"_$E242@common_stuff",
10012a72,10012abc,func,"_$E241@common_stuff",
10012abc,10012ac1,func,"_$E245@common_stuff",
10012ac1,10012b0b,func,"_$E244@common_stuff",
10012b0b,10012b10,func,"_$E248@common_stuff",
10012b10,10012b5a,func,"_$E247@common_stuff",
10012b5a,10012b5f,func,"_$E251@common_stuff",
10012b5f,10012ba9,func,"_$E250@common_stuff",
10012ba9,10012bae,func,"_$E254@common_stuff",
10012bae,10012bf8,func,"_$E253@common_stuff",
10012bf8,10012bfd,func,"_$E257@common_stuff",
10012bfd,10012c47,func,"_$E256@common_stuff",
10012c47,10012c4c,func,"_$E260@common_stuff",
10012c4c,10012c96,func,"_$E259@common_stuff",
10012c96,10012c9b,func,"_$E263@common_stuff",
10012c9b,10012ce5,func,"_$E262@common_stuff",
10012ce5,10012cfe,func,"dalloc",
10012cfe,10012d44,func,"dalloc_z",
10012d44,10012d5d,func,"dfree",
10012d5d,10012d92,func,"dsi_ConsolePrint",
10012d92,10012dd2,func,"AddDebugMessage",
10012dd2,10012e26,func,"d3d_MaybeCreateCVar",
10012e26,10012e4c,func,"d3d_CreateConsoleVariables",
10012e4c,10012eaf,func,"d3d_ReadConsoleVariables",
10012eaf,10012edf,func,"UppercaseStringInPlace",
10012edf,10012ef4,func,"CountMaskBits",
10012ef4,10012f2b,func,"ConParse::Parse",
10012f2b,10012f7d,func,"ConParse::ParseFind",
10012f7d,10012fd9,func,"cp_Parse",
10012fd9,100130b6,func,"cp_GetNextToken",
100130b6,1001317f,func,"cp_ParseParen",
1001317f,10013215,func,"cp_ParseQuote",
10013215,10013236,func,"_$E2@counter",
10013236,10013254,func,"Counter::Counter",
10013254,1001325f,func,"cnt_StartCounter",
1001325f,100132a0,func,"cnt_EndCounter",
100132a0,100132c0,func,"_$E2@d3d_draw",
100132c0,100132e0,func,"_$E5@d3d_draw",
100132e0,10013300,func,"_$E8@d3d_draw",
10013300,10013320,func,"_$E11@d3d_draw",
10013320,10013340,func,"_$E14@d3d_draw",
10013340,10013360,func,"_$E17@d3d_draw",
10013360,10013380,func,"_$E20@d3d_draw",
10013380,100133a0,func,"_$E23@d3d_draw",
100133a0,100133c0,func,"_$E26@d3d_draw",
100133c0,100133e0,func,"_$E29@d3d_draw",
100133e0,10013400,func,"_$E32@d3d_draw",
10013400,10013420,func,"_$E35@d3d_draw",
10013420,10013440,func,"_$E38@d3d_draw",
10013440,10013460,func,"_$E41@d3d_draw",
10013460,10013480,func,"_$E44@d3d_draw",
10013480,100134a0,func,"_$E49@d3d_draw",
100134a0,100134b0,func,"d3d_EmptyDrawGlobalInitializer",
100134b0,10013560,func,"d3d_CalcDistanceFogAlpha",
10013560,100135c0,func,"d3d_CalcSkyFogAlpha",
100135c0,10013990,func,"d3d_CalcVerticalFogAlpha",
10013990,100139d0,func,"d3d_PackSqrtRGB",
100139d0,100139f0,func,"d3d_PackRGB",
100139f0,10013a80,func,"d3d_SetModulateAlphaTextureStates",
10013a80,10013ad0,func,"_$E54@d3d_draw",
10013ad0,10013ba0,func,"_$E52@d3d_draw",
10013ba0,10013df0,func,"d3d_SetTranslucentObjectStates",
10013df0,10013e00,func,"d3d_UnsetTranslucentObjectStates",
10013e00,10013e40,func,"d3d_BeginChromaKeyPolyPass",
10013e40,10013e80,func,"d3d_EndChromaKeyPolyPass",
10013e80,10013ef0,func,"d3d_GrowTLVertexBuffer",
10013ef0,10013f40,func,"d3d_QueueWorldPoly",
10013f40,10014100,func,"d3d_AccumulateWorldPolyFillArea",
10014100,100142b0,func,"d3d_DrawFlatWorldPoly",
100142b0,100142f0,func,"d3d_FreeWorldPolyQueue",
100142f0,100144b0,func,"d3d_Clear",
100144b0,100145f0,func,"d3d_SetWorldPolyDrawMode",
100145f0,100147b0,func,"d3d_FlushQueuedWorldDrawPasses",
100147b0,100147f0,func,"d3d_GetWorldPolyVertices",
100147f0,10014980,func,"d3d_ProjectAndDrawTriangleFan",
10014980,10014a40,func,"d3d_CopyLTMatrixToD3D",
10014a40,10014ce0,func,"d3d_FullDrawScene",
10014ce0,10014e40,func,"d3d_FlushFlatWorldPolys",
10014e40,10014f20,func,"d3d_SelectWorldPolyDrawCallbacks",
10014f20,10015230,func,"d3d_DrawLightAddPoly",
10015230,10015240,func,"_$E57@d3d_draw",
10015240,100155a0,func,"d3d_DrawLightScalePoly",
100155a0,100155b0,func,"_$E59@d3d_draw",
100155b0,10015820,func,"d3d_DrawMirrorSurfaceOverlay",
10015820,10016150,func,"d3d_DrawReflectedWorldScenes",
10016150,10016160,func,"UnkType_FlushVertex::UnkType_FlushVertex",
10016160,10016180,func,"LTMatrix::SetTranslation",
10016180,100161c0,func,"LTMatrix::operator*",
100161c0,100161e0,func,"d3d_DrawVisibleReflections",
100161e0,10017150,func,"d3d_ClipTLVertexLine",
10017150,100173e0,func,"d3d_DrawLine",
100173e0,10017930,func,"d3d_DrawWireframeBox",
10017930,10017980,func,"d3d_DrawWorldTree_R",
10017980,10017aa0,func,"d3d_DrawTerrainSectionBounds",
10017aa0,100184f0,func,"d3d_RenderScene",
100184f0,10018550,func,"d3d_InitPolyDrawPools",
10018550,100185a0,func,"d3d_TermPolyDrawPools",
100185a0,100187c0,func,"d3d_AddLightAnimVertexColors",
100187c0,100187e0,func,"_CVector<float>::Dot",
100187e0,100188e0,func,"_STL::vector<RenderState,_STL::allocator<RenderState>_>::vector<RenderState,_STL::allocator<RenderState>_>",
100188e0,10018940,func,"_STL::vector<RenderState,_STL::allocator<RenderState>_>::~vector<RenderState,_STL::allocator<RenderState>_>",
10018940,10018a90,func,"_STL::vector<RenderState,_STL::allocator<RenderState>_>::push_back",
10018a90,10018aa0,func,"_STL::_Vector_base<TextureState,_STL::allocator<TextureState>_>::_Vector_base<TextureState,_STL::allocator<TextureState>_>",
10018aa0,10018b10,func,"_STL::vector<TextureState,_STL::allocator<TextureState>_>::~vector<TextureState,_STL::allocator<TextureState>_>",
10018b10,10018b20,func,"_STL::_STL_alloc_proxy<RenderState_*,RenderState,_STL::allocator<RenderState>_>::_STL_alloc_proxy<RenderState_*,RenderState,_STL::allocator<RenderState>_>",
10018b20,10018c10,func,"_STL::_STL_mutex_spin<0>::_M_do_lock",
10018c10,10018db0,func,"_STL::vector<RenderState>::_M_insert_overflow",
10018db0,10018dd0,func,"_STL::_Construct",
10018dd0,10018f80,func,"_STL::__node_alloc<true,0>::allocate",
10018f80,100190c0,func,"_STL::__node_alloc<true,0>::deallocate",
100190c0,10019220,func,"_STL::__node_alloc<true,0>::_S_refill",
10019220,10019350,func,"_STL::__node_alloc<true,0>::_S_chunk_alloc",
10019350,10019351,func,"_$E4@d3d_drawsky",
10019351,1001955d,func,"d3d_DrawSkyWorldPoly",
1001955d,1001955e,func,"_$E7@d3d_drawsky",
1001955e,10019691,func,"d3d_DrawSkyWorldModel",
10019691,10019880,func,"d3d_DrawSkyObjects",
10019880,100198bc,func,"GetWorldModelFirstSurfaceFlags",
100198bc,100198e5,func,"UnkType_StateRestorer::~UnkType_StateRestorer",
100198e5,10019900,func,"_STL::_Vector_base<RenderState,_STL::allocator<RenderState>_>::~_Vector_base<RenderState,_STL::allocator<RenderState>_>",
10019900,10019923,func,"_STL::_Vector_base<TextureState,_STL::allocator<TextureState>_>::~_Vector_base<TextureState,_STL::allocator<TextureState>_>",
10019923,10019b10,func,"d3d_ApplyWorldPolyVertexLights",
10019b10,1001a380,func,"D3DAppErrorToString",
10019b72,10019b72,label,"switchD_10019c98::caseD_8876017c",Label
10019bd1,10019bd1,label,"switchD_10019bd1::switchD",Label
10019bd8,10019bd8,label,"switchD_10019bd1::caseD_88760037",Label
10019bde,10019bde,label,"switchD_10019bd1::caseD_8876005a",Label
10019be4,10019be4,label,"switchD_10019bd1::caseD_8876005f",Label
10019bea,10019bea,label,"switchD_10019bd1::caseD_88760064",Label
10019bf0,10019bf0,label,"switchD_10019bd1::caseD_8876006e",Label
10019bf6,10019bf6,label,"switchD_10019bd1::caseD_88760078",Label
10019c18,10019c18,label,"switchD_10019c18::switchD",Label
10019c1f,10019c1f,label,"switchD_10019c18::caseD_88760091",Label
10019c25,10019c25,label,"switchD_10019c18::caseD_88760096",Label
10019c2b,10019c2b,label,"switchD_10019c18::caseD_887600a0",Label
10019c31,10019c31,label,"switchD_10019c18::caseD_887600aa",Label
10019c37,10019c37,label,"switchD_10019c18::caseD_887600b4",Label
10019c3d,10019c3d,label,"switchD_10019c18::caseD_887600cd",Label
10019c43,10019c43,label,"switchD_10019c18::caseD_887600d2",Label
10019c49,10019c49,label,"switchD_10019c18::caseD_887600d7",Label
10019c4f,10019c4f,label,"switchD_10019c18::caseD_887600dc",Label
10019c55,10019c55,label,"switchD_10019c18::caseD_887600d4",Label
10019c5b,10019c5b,label,"switchD_10019c18::caseD_887600e1",Label
10019c61,10019c61,label,"switchD_10019c18::caseD_887600e6",Label
10019c67,10019c67,label,"switchD_10019c18::caseD_887600f0",Label
10019c6d,10019c6d,label,"switchD_10019c18::caseD_887600fa",Label
10019c98,10019c98,label,"switchD_10019c98::switchD",Label
10019c9f,10019c9f,label,"switchD_10019c98::caseD_88760104",Label
10019ca5,10019ca5,label,"switchD_10019c98::caseD_88760118",Label
10019cab,10019cab,label,"switchD_10019c98::caseD_88760122",Label
10019cb1,10019cb1,label,"switchD_10019c98::caseD_88760136",Label
10019cb7,10019cb7,label,"switchD_10019c98::caseD_8876013c",Label
10019cbd,10019cbd,label,"switchD_10019c98::caseD_8876013d",Label
10019cc3,10019cc3,label,"switchD_10019c98::caseD_88760140",Label
10019cc9,10019cc9,label,"switchD_10019c98::caseD_8876014a",Label
10019ccf,10019ccf,label,"switchD_10019c98::caseD_8876014f",Label
10019cd5,10019cd5,label,"switchD_10019c98::caseD_88760154",Label
10019cdb,10019cdb,label,"switchD_10019c98::caseD_8876015e",Label
10019ce1,10019ce1,label,"switchD_10019c98::caseD_88760168",Label
10019ce7,10019ce7,label,"switchD_10019c98::caseD_8876017e",Label
10019d0b,10019d0b,label,"switchD_10019d0b::switchD",Label
10019d12,10019d12,label,"switchD_10019d0b::caseD_88760190",Label
10019d18,10019d18,label,"switchD_10019d0b::caseD_88760183",Label
10019d1e,10019d1e,label,"switchD_10019d0b::caseD_8876019a",Label
10019d24,10019d24,label,"switchD_10019d0b::caseD_887601a4",Label
10019d2a,10019d2a,label,"switchD_10019d0b::caseD_887601ae",Label
10019d30,10019d30,label,"switchD_10019d0b::caseD_887601b8",Label
10019d36,10019d36,label,"switchD_10019d0b::caseD_887601c2",Label
10019d3c,10019d3c,label,"switchD_10019d0b::caseD_887601cc",Label
10019d42,10019d42,label,"switchD_10019d0b::caseD_887601d6",Label
10019d48,10019d48,label,"switchD_10019d0b::caseD_887601e0",Label
10019d4e,10019d4e,label,"switchD_10019d0b::caseD_887601ea",Label
10019d54,10019d54,label,"switchD_10019d0b::caseD_887601fe",Label
10019d5a,10019d5a,label,"switchD_10019d0b::caseD_88760208",Label
10019d8d,10019d8d,label,"switchD_10019d8d::switchD",Label
10019d94,10019d94,label,"switchD_10019d8d::caseD_8876023e",Label
10019d9a,10019d9a,label,"switchD_10019d8d::caseD_88760249",Label
10019da0,10019da0,label,"switchD_10019d8d::caseD_88760247",Label
10019da6,10019da6,label,"switchD_10019d8d::caseD_88760237",Label
10019dac,10019dac,label,"switchD_10019d8d::caseD_88760232",Label
10019db2,10019db2,label,"switchD_10019d8d::caseD_88760245",Label
10019db8,10019db8,label,"switchD_10019d8d::caseD_8876023b",Label
10019dbe,10019dbe,label,"switchD_10019d8d::caseD_8876023a",Label
10019dc4,10019dc4,label,"switchD_10019d8d::caseD_88760231",Label
10019dca,10019dca,label,"switchD_10019d8d::caseD_88760243",Label
10019dd0,10019dd0,label,"switchD_10019d8d::caseD_8876023f",Label
10019dd6,10019dd6,label,"switchD_10019d8d::caseD_88760238",Label
10019ddc,10019ddc,label,"switchD_10019d8d::caseD_8876024a",Label
10019de2,10019de2,label,"switchD_10019d8d::caseD_88760240",Label
10019de8,10019de8,label,"switchD_10019d8d::caseD_88760233",Label
10019dee,10019dee,label,"switchD_10019d8d::caseD_88760235",Label
10019df4,10019df4,label,"switchD_10019d8d::caseD_88760239",Label
10019dfa,10019dfa,label,"switchD_10019d8d::caseD_88760242",Label
10019e00,10019e00,label,"switchD_10019d8d::caseD_8876023c",Label
10019e06,10019e06,label,"switchD_10019d8d::caseD_8876023d",Label
10019e0c,10019e0c,label,"switchD_10019d8d::caseD_88760244",Label
10019e12,10019e12,label,"switchD_10019d8d::caseD_88760246",Label
10019e18,10019e18,label,"switchD_10019d8d::caseD_88760248",Label
10019e1e,10019e1e,label,"switchD_10019d8d::caseD_88760241",Label
10019e24,10019e24,label,"switchD_10019d8d::caseD_88760234",Label
10019e2a,10019e2a,label,"switchD_10019d8d::caseD_88760236",Label
10019e30,10019e30,label,"switchD_10019d8d::caseD_8876021c",Label
10019e36,10019e36,label,"switchD_10019d8d::caseD_8876024b",Label
10019e3c,10019e3c,label,"switchD_10019d8d::caseD_88760230",Label
10019e69,10019e69,label,"switchD_10019e69::switchD",Label
10019e70,10019e70,label,"switchD_10019e69::caseD_8876024d",Label
10019e76,10019e76,label,"switchD_10019e69::caseD_887602bc",Label
10019e7c,10019e7c,label,"switchD_10019e69::caseD_887602bd",Label
10019e82,10019e82,label,"switchD_10019e69::caseD_887602ca",Label
10019e88,10019e88,label,"switchD_10019e69::caseD_887602cb",Label
10019e8e,10019e8e,label,"switchD_10019e69::caseD_887602c6",Label
10019e94,10019e94,label,"switchD_10019e69::caseD_887602c7",Label
10019e9a,10019e9a,label,"switchD_10019e69::caseD_887602c8",Label
10019ea0,10019ea0,label,"switchD_10019e69::caseD_887602c9",Label
10019ea6,10019ea6,label,"switchD_10019e69::caseD_887602cc",Label
10019eac,10019eac,label,"switchD_10019e69::caseD_887602cd",Label
10019eb2,10019eb2,label,"switchD_10019e69::caseD_887602d0",Label
10019eb8,10019eb8,label,"switchD_10019e69::caseD_887602d1",Label
10019ebe,10019ebe,label,"switchD_10019e69::caseD_887602d2",Label
10019ee5,10019ee5,label,"switchD_10019ee5::switchD",Label
10019eec,10019eec,label,"switchD_10019ee5::caseD_887602d8",Label
10019ef2,10019ef2,label,"switchD_10019ee5::caseD_887602d7",Label
10019ef8,10019ef8,label,"switchD_10019ee5::caseD_887602d4",Label
10019efe,10019efe,label,"switchD_10019ee5::caseD_887602d5",Label
10019f04,10019f04,label,"switchD_10019ee5::caseD_887602da",Label
10019f0a,10019f0a,label,"switchD_10019ee5::caseD_887602db",Label
10019f10,10019f10,label,"switchD_10019ee5::caseD_887602dc",Label
10019f16,10019f16,label,"switchD_10019ee5::caseD_887602de",Label
10019f1c,10019f1c,label,"switchD_10019ee5::caseD_887602e4",Label
10019f22,10019f22,label,"switchD_10019ee5::caseD_887602e5",Label
10019f28,10019f28,label,"switchD_10019ee5::caseD_887602e6",Label
10019f38,10019f38,label,"switchD_10019bd1::caseD_88760038",Label
10019f44,10019f60,jumptable,"switchD_10019bd1::switchdataD_10019f44",ptr
10019f60,10019fa2,jumptable,"switchD_10019bd1::switchdataD_10019f60",byte
10019fa2,10019fa4,gap,"GAP_10019fa2",align
10019fa4,10019fe0,jumptable,"switchD_10019c18::switchdataD_10019fa4",ptr
10019fe0,1001a04a,jumptable,"switchD_10019c18::switchdataD_10019fe0",byte
1001a04a,1001a04c,gap,"GAP_1001a04a",align
1001a04c,1001a088,jumptable,"switchD_10019c98::switchdataD_1001a04c",ptr
1001a088,1001a103,jumptable,"switchD_10019c98::switchdataD_1001a088",byte
1001a104,1001a13c,jumptable,"switchD_10019d0b::switchdataD_1001a104",ptr
1001a13c,1001a1c2,jumptable,"switchD_10019d0b::switchdataD_1001a13c",byte
1001a1c2,1001a1c4,gap,"GAP_1001a1c2",align
1001a1c4,1001a23c,jumptable,"switchD_10019d8d::switchdataD_1001a1c4",ptr
1001a23c,1001a26c,jumptable,"switchD_10019d8d::switchdataD_1001a23c",byte
1001a26c,1001a2a8,jumptable,"switchD_10019e69::switchdataD_1001a26c",ptr
1001a2a8,1001a32e,jumptable,"switchD_10019e69::switchdataD_1001a2a8",byte
1001a32e,1001a330,gap,"GAP_1001a32e",align
1001a330,1001a360,jumptable,"switchD_10019ee5::switchdataD_1001a330",ptr
1001a360,1001a373,jumptable,"switchD_10019ee5::switchdataD_1001a360",byte
1001a380,1001a3a0,func,"_$E2@d3d_init",
1001a3a0,1001a3c0,func,"_$E5@d3d_init",
1001a3c0,1001a3e0,func,"_$E8@d3d_init",
1001a3e0,1001a400,func,"_$E11@d3d_init",
1001a400,1001a850,func,"d3d_ReadExtraConsoleVariables",
1001a850,1001a860,func,"CanDrawPortals",
1001a860,1001a8b0,func,"d3d_EnumZBufferFormatsCallback",
1001a8b0,1001aa70,func,"CheckSpecialCards",
1001aa70,1001acc0,func,"d3d_CreateDeviceWithZBuffer",
1001acc0,1001b6f0,func,"d3d_CreateDevice",
1001b6f0,1001b700,func,"d3d_EnumAttachedSurfacesCallback",
1001b700,1001b770,func,"d3d_CreateContext",
1001b770,1001b790,func,"d3d_DeleteContext",
1001b790,1001b7e0,func,"d3d_RebindLightmaps",
1001b7e0,1001b840,func,"CD3D_Device_FreeDevice",
1001b840,1001b870,func,"d3d_TermRendererModules",
1001b870,1001b8a0,func,"d3d_InitRendererModules",
1001b8a0,1001bd70,func,"d3d_RenderCommand",
1001bd70,1001bd80,func,"d3d_GetInfoFlags",
1001bd80,1001bdb0,func,"d3d_Start3D",
1001bdb0,1001be20,func,"d3d_End3D",
1001be20,1001be30,func,"d3d_IsIn3D",
1001be30,1001bf10,func,"d3d_LoadGamma",
1001bf10,1001bf63,func,"d3d_DestroyTiles",
1001bf63,1001bfb4,func,"d3d_SetSolidAlpha",
1001bfb4,1001c133,func,"d3d_DoAlphaFromColorKey",
1001c133,1001c3d2,func,"d3d_FillSurfaceTiles",
1001c3d2,1001c3e4,func,"d3d_UnoptimizeSurface",
1001c3e4,1001c627,func,"d3d_OptimizeSurface",
1001c627,1001c725,func,"d3d_StartOptimized2D",
1001c725,1001c7eb,func,"d3d_EndOptimized2D",
1001c7eb,1001c7f1,func,"d3d_IsInOptimized2D",
1001c7f1,1001c8b8,func,"d3d_SetOptimized2DBlend",
1001c8b8,1001c8ca,func,"d3d_SetOptimized2DColor",
1001c8ca,1001c8da,func,"d3d_GetOptimized2DBlend",
1001c8da,1001c8ea,func,"d3d_GetOptimized2DColor",
1001c8ea,1001cc80,func,"d3d_BlitToScreen3D",
1001cc80,1001d1b5,func,"d3d_WarpToScreen3D",
1001d1b5,1001d1dd,func,"D3DShadowTexture::`scalar_deleting_destructor'",
1001d1dd,1001d1fa,func,"IShadowTexture::`scalar_deleting_destructor'",
1001d1fa,1001d478,func,"D3DShadowTexture::Init",
1001d478,1001d496,func,"D3DShadowTexture::Term",
1001d496,1001d4ab,func,"D3DShadowTexture::GetDimensions",
1001d4ab,1001d5b5,func,"D3DShadowTexture::BindForShadowMultiply",
1001d5b5,1001d7e6,func,"D3DShadowTexture::DrawScreenQuad",
1001d7e6,1001d836,func,"D3DShadowTexture::CopyToOffscreen",
1001d836,1001d886,func,"D3DShadowTexture::CopyFromOffscreen",
1001d886,1001d8c0,func,"D3DShadowTextureInstance::D3DShadowTextureInstance",
1001d8c0,1001d8eb,func,"D3DShadowTextureInstance::~D3DShadowTextureInstance",
1001d8eb,1001d8ff,func,"D3DShadowTextureInstance::Find",
1001d8ff,1001d939,func,"D3DShadowTextureFactory::D3DShadowTextureFactory",
1001d939,1001d955,func,"D3DShadowTextureFactory::`scalar_deleting_destructor'",
1001d955,1001d9a0,func,"D3DShadowTextureFactory::~D3DShadowTextureFactory",
1001d9a0,1001d9bd,func,"UnkType_ShadowTextureFactoryBase::`scalar_deleting_destructor'",
1001d9bd,1001da29,func,"D3DShadowTextureFactory::AllocShadowTexture",
1001da29,1001da60,func,"D3DShadowTextureFactory::FreeShadowTexture",
1001da60,1001da65,func,"_$E3@d3d_surface",
1001da65,1001da7f,func,"_$E2@d3d_surface",
1001da7f,1001db2d,func,"d3d_CreateSurface",
1001db2d,1001db4e,func,"d3d_DeleteSurface",
1001db4e,1001db7e,func,"d3d_GetSurfaceInfo",
1001db7e,1001dbb4,func,"d3d_LockSurface",
1001dbb4,1001dbca,func,"d3d_UnlockSurface",
1001dbca,1001dc4f,func,"d3d_LockScreen",
1001dc4f,1001dc81,func,"d3d_UnlockScreen",
1001dc81,1001dd30,func,"d3d_BlitFromScreen",
1001dd30,1001de1c,func,"d3d_ReallyBlitToScreen",
1001de1c,1001de85,func,"d3d_BlitToScreen",
1001de85,1001dec3,func,"d3d_WarpToScreen",
1001dec3,1001ded2,func,"d3d_GetScreenFormat",
1001ded2,1001df19,func,"PFormat::operator=",
1001df19,1001e189,func,"d3d_MakeScreenShot",
1001e189,1001e39c,func,"d3d_SwapBuffers",
1001e39c,1001e3be,func,"CMoArray<unsigned_long,DefaultCache>::CMoArray<unsigned_long,DefaultCache>",
1001e3be,1001e3d2,func,"CMoArray<unsigned_long,DefaultCache>::GenGetNext",
1001e3d2,1001e3d6,func,"CMoArray<unsigned_long,DefaultCache>::GenGetSize",
1001e3d6,1001e3fd,func,"CMoArray<unsigned_long,DefaultCache>::GenFindElement",
1001e3fd,1001e407,func,"CMoArray<unsigned_long,DefaultCache>::GenSetCacheSize",
1001e407,1001e4c6,func,"CMoArray<unsigned_long,DefaultCache>::Insert2",
1001e4c6,1001e57c,func,"CMoArray<unsigned_long,DefaultCache>::Remove2",
1001e57c,1001e5a0,func,"CMoArray<unsigned_long,DefaultCache>::_DeleteAndDestroyArray",
1001e5a0,1001e5b0,func,"_$E2@d3d_texture",
1001e5b0,1001e5d0,func,"_$E5@d3d_texture",
1001e5d0,1001e600,func,"_$E10@d3d_texture",
1001e600,1001e630,func,"_$E8@d3d_texture",
1001e630,1001e650,func,"BaseObjectBank::`scalar_deleting_destructor'",
1001e650,1001e660,func,"_$E13@d3d_texture",
1001e660,1001e670,func,"_$E16@d3d_texture",
1001e670,1001e690,func,"_$E19@d3d_texture",
1001e690,1001e6d0,func,"RTexture::RTexture",
1001e6d0,1001e6f0,func,"UnkType_RTextureData::`scalar_deleting_destructor'",
1001e6f0,1001e700,func,"UnkType_RTextureData::IsRTexture",
1001e700,1001e710,func,"UnkType_RTextureData::IsFullbrite",
1001e710,1001e720,func,"UnkType_RTextureData::GetBaseWidth",
1001e720,1001e730,func,"UnkType_RTextureData::GetBaseHeight",
1001e730,1001e750,func,"d3d_GetLightmapTextureFormat",
1001e750,1001e900,func,"d3d_CreateLightmapRTexture",
1001e900,1001e910,func,"UnkType_RTextureData::UnkType_RTextureData",
1001e910,1001e9f0,func,"d3d_BuildSpecularLookupTexture",
1001e9f0,1001eb80,func,"d3d_CreateTextureFromPixels",
1001eb80,1001ec50,func,"d3d_ReinitLightmapTextureSupport",
1001ec50,1001f0d0,func,"CTextureManager_Init",
1001f0d0,1001f540,func,"d3d_EnumTextureFormatsCallback",
1001f540,1001f590,func,"GetColorMaskBitRange",
1001f590,1001f600,func,"d3d_FindTextureFormatBySpecs",
1001f600,1001f670,func,"DetectDXTTextureFormatSupport",
1001f670,1001f770,func,"d3d_CreateShadowBlobTexture",
1001f770,1001f850,func,"d3d_TermTextureManager",
1001f850,1001f920,func,"CTextureManager_FreeTexture",
1001f920,1001f960,func,"CTextureManager_FreeTextureList",
1001f960,1001f9b0,func,"d3d_FreeAllTextures",
1001f9b0,1001fa40,func,"d3d_ListTextureFormats",
1001fa40,1001ff80,func,"d3d_PrintFormatInfo",
1001ff80,1001fff0,func,"d3d_AddToString",
1001fff0,10020330,func,"d3d_CreateAndLoadTexture",
10020330,10020350,func,"CheapLTLink::AddAfter",
10020350,10020360,func,"UnkType_RTextureData::~UnkType_RTextureData",
10020360,10020ab0,func,"r_TransferTexture",
10020ab0,10020f20,func,"d3d_CreateMipmapTextureSurface",
10020f20,10020fb0,func,"d3d_GetFirstUsableMipmap",
10020fb0,10020ff0,func,"UnkType_RTextureData::operator=",
10020ff0,100211d0,func,"d3d_RefreshWorldPolyLightmap",
100211d0,10021290,func,"d3d_EnsureTextureAndGetFlags",
10021290,10021960,func,"CTextureManager_CreateRTexture",
10021960,100219b0,func,"CTextureManager_S3TCFormatConv",
100219b0,10021a50,func,"AdjustAspectRatio",
10021a50,10021a80,func,"CTextureManager_IsS3TCFormatSupported",
10021a80,10021b50,func,"d3d_EnsureTextureAndGetUVScale",
10021b50,10021c60,func,"d3d_BindTexture",
10021c60,10021c80,func,"d3d_UnbindTexture",
10021c80,10021cf0,func,"ObjectBank<RTexture,NullCS>::AllocVoid",
10021cf0,10021d10,func,"ObjectBank<RTexture,NullCS>::FreeVoid",
10021d10,10021d30,func,"ObjectBank<RTexture,NullCS>::Term",
10021d30,10021d70,func,"ObjectBank<RTexture,NullCS>::`scalar_deleting_destructor'",
10021d70,10021d86,func,"_$E6@10021d70",
10021d86,10021d9c,func,"UnkType_StateRestorer::UnkType_StateRestorer",
10021d9c,10021da6,func,"_$E4@10021d70",
10021da6,10021db7,func,"UnkType_StateRestorer::RestoreAllStates",
10021db7,10021dfd,func,"UnkType_StateRestorer::ApplyStateChange",
10021dfd,10021e28,func,"UnkType_StateRestorer::ApplyTextureStageState",
10021e28,10021e47,func,"UnkType_StateRestorer::ApplyRenderState",
10021e47,10021e80,func,"UnkType_StateRestorer::SaveRenderState",
10021e80,10021ec9,func,"UnkType_StateRestorer::SaveTextureStageState",
10021ec9,10021f09,func,"UnkType_StateRestorer::RestoreRenderStates",
10021f09,10021f51,func,"UnkType_StateRestorer::RestoreTextureStageStates",
10021f51,10021f7d,func,"_STL::vector<TextureState,_STL::allocator<TextureState>_>::push_back",
10021f7d,10021fb3,func,"_STL::vector<RenderState,_STL::allocator<RenderState>_>::erase",
10021fb3,10021fec,func,"_STL::vector<TextureState,_STL::allocator<TextureState>_>::erase",
10021fec,100220f1,func,"_STL::vector<TextureState,_STL::allocator<TextureState>_>::_M_insert_overflow",
100220f1,100220fe,func,"_$E4@dirtyrect",
100220fe,10022123,func,"UnkType_TiedList::Init",
10022123,10022130,func,"_$E7@dirtyrect",
10022130,10022135,func,"_$E10@dirtyrect",
10022135,10022151,func,"_$E9@dirtyrect",
10022151,100222c0,func,"InvalidateRect",
100222c0,1002231c,func,"RectangleCombine",
1002231c,100223c8,func,"BlitDirtyRectsToPrimary",
100223c8,1002241c,func,"DirtyRectSwap",
1002241c,10022424,func,"ClearDirtyRects",
10022424,1002242e,func,"_$E4@draw_canvas",
1002242e,10022433,func,"_$E7@draw_canvas",
10022433,1002244d,func,"_$E6@draw_canvas",
1002244d,1002246e,func,"CanvasDrawMgr::CanvasDrawMgr",
1002246e,100224ae,func,"CanvasDrawMgr::DrawCanvas",
100224ae,10022645,func,"CanvasDrawMgr::SaveAndSetCanvasStates",
10022645,100226e9,func,"CanvasDrawMgr::RestoreCanvasStates",
100226e9,10022803,func,"CanvasDrawMgr::DrawPrimitive",
10022803,10022832,func,"ConvertCanvasBlendToD3DBlend",
10022832,10022990,func,"CanvasDrawMgr::SetState",
10022857,10022857,label,"switchD_10022857::switchD",Label
1002285e,1002285e,label,"switchD_10022857::caseD_0",Label
1002286a,1002286a,label,"switchD_10022857::caseD_1",Label
10022876,10022876,label,"switchD_10022857::caseD_2",Label
10022889,10022889,label,"switchD_10022857::caseD_3",Label
1002289d,1002289d,label,"switchD_10022857::caseD_4",Label
100228b8,100228b8,label,"switchD_10022857::caseD_5",Label
100228e1,100228e1,label,"switchD_10022857::caseD_6",Label
1002291f,1002291f,label,"switchD_10022857::caseD_7",Label
10022964,10022964,label,"switchD_10022857::default",Label
10022970,10022990,jumptable,"switchD_10022857::switchdataD_10022970",ptr
10022990,100229a8,func,"ConvertCanvasTextureAddressToD3D",
100229a8,100229d5,func,"ConvertCanvasTextureOpToD3D",
100229d5,100229f2,func,"CanvasDrawMgr::GetState",
100229f2,10022a73,func,"CanvasDrawMgr::SetTexture",
10022a73,10022a90,func,"CanvasDrawMgr::GetTexelSize",
10022a90,10022a9f,func,"d3d_DrawCanvasCB",
10022a9f,10022ab6,func,"d3d_ProcessCanvas",
10022ab6,10022ae3,func,"BaseObjectSet::Add",
10022ae3,10022b15,func,"d3d_DrawSolidCanvases",
10022b15,10022b3b,func,"d3d_QueueTranslucentCanvases",
10022b3b,10022b50,func,"d3d_QueueCanvasDraw",
10022b50,10022bc5,func,"BaseObjectSet::DrawSolidCanvasesAndCollectTranslucent",
10022bc5,10022bca,func,"_$E4@10022bc5",
10022bca,10022be4,func,"_$E3@10022bc5",
10022be4,10022c01,func,"QueueWorldPolyWithClipFlags",
10022c01,10022f85,func,"DrawMultipassGouraudWorldPoly",
10022f85,1002329f,func,"DrawWorldPolyDynamicLightPasses",
1002329f,1002331b,func,"BuildGouraudWorldPolyVertices",
1002331b,10023397,func,"BuildSaturatedGouraudWorldPolyVertices",
10023397,10023398,func,"_$E7@10022bc5",
10023398,1002358b,func,"DrawSinglePassGouraudWorldPoly",
1002358b,100235bb,func,"ScaleWorldPolyStageZeroTexCoords",
100235bb,100235e1,func,"SetAdditiveAlphaBlendForMode",
100235e1,100235e2,func,"d3d_NullCallback",
100235e2,1002362a,func,"FlushQueuedWorldPolyPages",
1002362a,100236ae,func,"DrawAndFreeQueuedWorldPolyNodes",
100236ae,10023763,func,"QueueEnvMappedWorldPolyPass",
10023763,10023860,func,"QueueClippedLinkedTextureWorldPolyPass",
10023860,100238b0,func,"d3d_ProcessLight",
100238b0,10023b00,func,"AttachDynamicLightToWorldModelPolys",
10023b00,10023b20,func,"DynamicLightWorldModelQueryCB",
10023b20,10023cb0,func,"ApplyVisibleDynamicLight",
10023cb0,10023ce0,func,"ApplyVisibleDynamicLights",
10023ce0,10023d30,func,"d3d_ProcessLineSystem",
10023d30,10023d60,func,"d3d_QueueLineSystems",
10023d60,10023d80,func,"d3d_QueueLineSystemDraw",
10023d80,100241e0,func,"d3d_DrawLineSystem",
100241e0,100241e5,func,"_$E3@drawmodel",
100241e5,100241ff,func,"_$E2@drawmodel",
100241ff,10024204,func,"_$E6@drawmodel",
10024204,1002421e,func,"_$E5@drawmodel",
1002421e,10024427,func,"ModelDraw::DrawAnimationDimensionsBox",
10024427,100244b3,func,"d3d_DrawLine",
100244b3,10024589,func,"ModelDraw::BeginModelRenderPass",
10024589,100246b7,func,"ModelDraw::BindModelSkinTextures",
100246b7,1002473b,func,"SaveAndSetStageOneAdditiveStates",
1002473b,1002476b,func,"RestoreStageOneAdditiveStates",
1002476b,10024c8b,func,"ModelDraw::DrawModelRenderPasses",
10024c8b,10024cd7,func,"ModelDraw::DrawModelPassWithVertexCallbacks",
10024cd7,10024ceb,func,"RestoreModelFillMode",
10024ceb,10024d22,func,"d3d_ProcessModel",
10024d22,10024dc0,func,"d3d_DrawSolidModels",
10024dc0,10024deb,func,"d3d_DrawChromaKeyModels",
10024deb,10024e2e,func,"d3d_QueueTranslucentModels",
10024e2e,10024f8c,func,"d3d_DrawTranslucentModel",
10024f8c,10025013,func,"d3d_GetBlendStates",
10025013,10025018,func,"_$E3@drawmodelshadows",
10025018,10025036,func,"_$E2@drawmodelshadows",
10025036,1002503b,func,"_$E6@drawmodelshadows",
1002503b,10025059,func,"_$E5@drawmodelshadows",
10025059,1002505e,func,"_$E9@drawmodelshadows",
1002505e,10025078,func,"_$E8@drawmodelshadows",
10025078,100252c6,func,"ModelDraw::DrawBlobShadowOnWorldPoly",
100252c6,10026009,func,"ModelDraw::DrawModelShadows",
10026009,100260cd,func,"LTMatrix::SetupProjectionMatrix",
100260cd,100260ce,func,"_$E12@drawmodelshadows",
100260ce,100261f9,func,"ClipShadowPolygonToPlane",
100261f9,10026300,func,"InterpolateShadowVertexAttributes",
10026300,10026343,func,"UnkType_PlaneClipper::IsInsidePlane",
10026343,10026412,func,"UnkType_PlaneClipper::IntersectEdgeWithPlane",
10026412,100264ad,func,"TransformClipAndProjectShadowPolygon",
100264ad,100265c9,func,"ClipShadowPolygonToViewFrustum",
100265c9,10026700,func,"ClipShadowPolygonToNearPlane",
10026700,10026835,func,"ClipShadowPolygonToLeftPlane",
10026835,10026969,func,"ClipShadowPolygonToTopPlane",
10026969,10026a9c,func,"ClipShadowPolygonToRightPlane",
10026a9c,10026bd2,func,"ClipShadowPolygonToBottomPlane",
10026bd2,10026d09,func,"ClipShadowPolygonToFarPlane",
10026d09,10026d0e,func,"_$E14@drawmodelshadows",
10026d0e,10026d2c,func,"_$E13@drawmodelshadows",
10026d2c,10026d31,func,"_$E17@drawmodelshadows",
10026d31,10026d4b,func,"_$E16@drawmodelshadows",
10026d4b,10026d50,func,"_$E20@drawmodelshadows",
10026d50,10026d6a,func,"_$E19@drawmodelshadows",
10026d6a,1002701e,func,"ModelDraw::DrawProjectedShadowOnWorldPoly",
1002701e,100285a0,func,"ModelDraw::DrawProjectedModelShadows",
100285a0,100285c0,func,"_$E2@drawobjects",
100285c0,100285e0,func,"_$E5@drawobjects",
100285e0,10028610,func,"d3d_InitObjectModules",
10028610,10028640,func,"d3d_TermObjectModules",
10028640,10028660,func,"d3d_InitObjectQueues",
10028660,10028960,func,"d3d_FlushObjectQueues",
10028960,100289b0,func,"_$E8@drawobjects",
100289b0,10028ba0,func,"ObjectDrawList::SortByViewDistance",
10028ba0,10028c30,func,"ObjectDrawList::Add",
10028c30,10028c60,func,"CMoArray<ObjectDrawer>::GenGetNext",
10028c60,10028c90,func,"CMoArray<ObjectDrawer>::GenGetAt",
10028c90,10028e10,func,"CMoArray<ObjectDrawer>::GenAppend",
10028e10,10028f60,func,"CMoArray<ObjectDrawer>::GenRemoveAt",
10028f60,10028fa0,func,"CMoArray<ObjectDrawer>::GenRemoveAll",
10028fa0,10028fb0,func,"CMoArray<ObjectDrawer>::GenGetSize",
10028fb0,10029100,func,"CMoArray<ObjectDrawer>::GenCopyList",
10029100,10029200,func,"CMoArray<ObjectDrawer>::GenAppendList",
10029200,10029230,func,"CMoArray<ObjectDrawer>::GenFindElement",
10029230,100292e0,func,"CMoArray<ObjectDrawer>::Init",
100292e0,10029370,func,"CMoArray<ObjectDrawer>::SetSize2",
10029370,100294a0,func,"CMoArray<ObjectDrawer>::InternalNiceSetSize",
100294a0,10029640,func,"CMoArray<ObjectDrawer>::Insert2",
10029640,10029660,func,"BaseNew",
10029660,10029665,func,"_$E2@drawparticles_a",
10029665,10029683,func,"_$E1@drawparticles_a",
10029683,10029688,func,"_$E5@drawparticles_a",
10029688,100296a6,func,"_$E4@drawparticles_a",
100296a6,100296f7,func,"d3d_InitParticleQuadIndices",
100296f7,1002970e,func,"d3d_ProcessParticles",
1002970e,100298b6,func,"d3d_TestAndDrawPS",
100298b6,100298da,func,"d3d_QueueTranslucentParticles",
100298da,100298ef,func,"d3d_QueueParticleSystemDraw",
100298ef,100298f4,func,"_$E2@100298ef",
100298f4,10029912,func,"_$E1@100298ef",
10029912,10029917,func,"_$E5@100298ef",
10029917,10029931,func,"_$E4@100298ef",
10029931,10029947,func,"_$E10@100298ef",
10029947,10029995,func,"DrawPolyMgr::DrawPolyMgr",
10029995,100299c3,func,"Material::Material",
100299c3,100299f5,func,"UnkType_DPMPass::UnkType_DPMPass",
100299f5,10029a1d,func,"UnkType_DPMMaterialInstance::UnkType_DPMMaterialInstance",
10029a1d,10029a80,func,"UnkType_DPMPassList::UnkType_DPMPassList",
10029a80,10029ac6,func,"DrawPolyMgr::InitTestGouraudMaterial",
10029ac6,10029ad0,func,"_$E8@100298ef",
10029ad0,10029b12,func,"DrawPolyMgr::~DrawPolyMgr",
10029b12,10029b3c,func,"DrawPolyMgr::GenerateScaledBaseTexCoords",
10029b3c,10029b52,func,"DrawPolyMgr::CopySecondaryTexCoords",
10029b52,10029b9f,func,"DrawPolyMgr::GeneratePannedPlanarTexCoords",
10029b9f,10029bc1,func,"DrawPolyMgr::SetDetailUV",
10029bc1,10029bed,func,"DrawPolyMgr::SetTwoStageUV",
10029bed,10029c2b,func,"DrawPolyMgr::SetThreeStageUV",
10029c2b,10029c55,func,"DrawPolyMgr::InitSurfaceTextureSource",
10029c55,10029c5b,func,"DrawPolyMgr::InitLightmapTextureSource",
10029c5b,10029cbb,func,"DrawPolyMgr::InitDetailTextureSource",
10029cbb,10029ccb,func,"DrawPolyMgr::InitUntexturedSource",
10029ccb,10029ce6,func,"DrawPolyMgr::BindSurfaceTexture",
10029ce6,10029cf8,func,"DrawPolyMgr::BindLightmapTexture",
10029cf8,10029d5a,func,"DrawPolyMgr::BindDetailTexture",
10029d5a,10029d60,func,"DllMain@12",
10029d60,10029d6b,func,"DrawPolyMgr::SetFullbrightColor",
10029d6b,10029da6,func,"DrawPolyMgr::SetCorrectedVertexColor",
10029da6,10029e1c,func,"DrawPolyMgr::SetScaledVertexColor",
10029e1c,10029e39,func,"GetTextureBucketKey",
10029e39,10029e53,func,"GetLightmapBucketKey",
10029e53,10029e70,func,"ClipAndProjectSingleTexturePoly",
10029e70,10029e8d,func,"ClipAndProjectTwoTexturePoly",
10029e8d,10029e9e,func,"ClipSingleTexturePoly",
10029e9e,10029eaf,func,"ClipTwoTexturePoly",
10029eaf,10029eb4,func,"RejectThreeTexturePoly",
10029eb4,10029ecc,func,"DrawPolyMgr::AddDynamicLightToDrawBuffer",
10029ecc,10029ecf,func,"DrawPolyMgr::SkipDrawBufferPostprocess",
10029ecf,10029f9a,func,"DrawPolyMgr::QueuePolyForPass",
10029f9a,1002a084,func,"DrawPolyMgr::SetPassRenderStates",
1002a084,1002a089,func,"_$E13@100298ef",
1002a089,1002a0a3,func,"_$E12@100298ef",
1002a0a3,1002a0a8,func,"_$E16@100298ef",
1002a0a8,1002a0c2,func,"_$E15@100298ef",
1002a0c2,1002a40f,func,"DrawPolyMgr::FlushQueuedPolys",
1002a40f,1002a693,func,"DrawPolyMgr::DrawPolyFirstPass",
1002a693,1002a8bc,func,"DrawPolyMgr::DrawPolyAdditionalPass",
1002a8bc,1002a990,func,"DrawPolyMgr::DrawUntexturedBucket",
1002a990,1002a9b2,func,"CMoArray<QVert,DefaultCache>::CMoArray<QVert,DefaultCache>",
1002a9b2,1002a9d4,func,"CMoArray<QVert,DefaultCache>::GenGetNext",
1002a9d4,1002a9e9,func,"CMoArray<QVert,DefaultCache>::GenAppend",
1002a9e9,1002a9fa,func,"CMoArray<QVert,DefaultCache>::GenRemoveAt",
1002a9fa,1002aa07,func,"CMoArray<QVert,DefaultCache>::GenRemoveAll",
1002aa07,1002aaba,func,"CMoArray<QVert,DefaultCache>::GenCopyList",
1002aaba,1002ab75,func,"CMoArray<QVert,DefaultCache>::GenAppendList",
1002ab75,1002ab9c,func,"CMoArray<QVert,DefaultCache>::GenFindElement",
1002ab9c,1002aba1,func,"ObjectBank<UnkType_DPMNode,NullCS>::AllocVoid",
1002aba1,1002abad,func,"ObjectBank<UnkType_DPMNode,NullCS>::FreeVoid",
1002abad,1002abe2,func,"CMoArray<QVert,DefaultCache>::Init",
1002abe2,1002ac44,func,"CMoArray<QVert,DefaultCache>::SetSize2",
1002ac44,1002acff,func,"CMoArray<QVert,DefaultCache>::InternalNiceSetSize",
1002acff,1002ad1b,func,"ObjectBank<UnkType_DPMNode,NullCS>::Allocate",
1002ad1b,1002ad39,func,"UnkType_DPMNode::UnkType_DPMNode",
1002ad39,1002ad60,func,"ObjectBank<UnkType_DPMNode,NullCS>::Free",
1002ad60,1002ad92,func,"UnkType_DPMNode::~UnkType_DPMNode",
1002ad92,1002adad,func,"ObjectBank<?40,NullCS>::Term",
1002adad,1002addd,func,"ObjectBank<UnkType_DPMNode,NullCS>::`scalar_deleting_destructor'",
1002addd,1002aede,func,"CMoArray<QVert,DefaultCache>::Insert2",
1002aede,1002afb9,func,"CMoArray<QVert,DefaultCache>::Remove2",
1002afb9,1002afd0,func,"BaseNew",
1002afd0,1002aff0,func,"_$E2@drawpolygrid",
1002aff0,1002c560,func,"d3d_DrawPolyGrid",
1002c560,1002c840,func,"ClassifyPolyGridTriangle",
1002c840,1002cc80,func,"GeneratePolyGridEnvMapUV",
1002cc80,1002cc90,func,"d3d_NullPreFrameCallback",
1002cc90,1002cce0,func,"d3d_ProcessPolyGrid",
1002cce0,1002cdc0,func,"d3d_DrawSolidPolyGrids",
1002cdc0,1002cdf0,func,"d3d_QueueTranslucentPolyGrids",
1002cdf0,1002ce10,func,"d3d_QueuePolyGrid",
1002ce10,1002ce30,func,"d3d_InitPolyGridBuffers",
1002ce30,1002ce70,func,"d3d_TermPolyGridDraw",
1002ce70,1002cec0,func,"_CVector<float>::operator+",
1002cec0,1002cf10,func,"_CVector<float>::operator*",
1002cf10,1002d000,func,"ProjectPolyGridVertices",
1002d000,1002d005,func,"_$E2@1002d000",
1002d005,1002d01f,func,"_$E1@1002d000",
1002d01f,1002d024,func,"_$E5@1002d000",
1002d024,1002d03e,func,"_$E4@1002d000",
1002d03e,1002d043,func,"_$E8@1002d000",
1002d043,1002d05d,func,"_$E7@1002d000",
1002d05d,1002d062,func,"_$E11@1002d000",
1002d062,1002d07c,func,"_$E10@1002d000",
1002d07c,1002d080,func,"d3d_PortalFileCommand",
1002d080,1002d090,func,"_$E2@drawsky",
1002d090,1002d0b0,func,"_$E5@drawsky",
1002d0b0,1002d0d0,func,"_$E8@drawsky",
1002d0d0,1002d4c0,func,"CalcVisibleSkyPortalExtents",
1002d4c0,1002d640,func,"d3d_DrawSky",
1002d640,1002d650,func,"_$E2@drawsprite",
1002d650,1002d660,func,"_$E5@drawsprite",
1002d660,1002d860,func,"d3d_DrawSprite",
1002d860,1002e310,func,"d3d_DrawSprite_NonRotatable",
1002e310,1002e9f0,func,"d3d_DrawRotatableSprite",
1002e9f0,1002ea40,func,"d3d_ProcessSprite",
1002ea40,1002ea70,func,"d3d_QueueTranslucentSprites",
1002ea70,1002ea90,func,"d3d_QueueSprite",
1002ea90,1002eaf0,func,"d3d_DrawNoZSprites",
1002eaf0,1002ebb0,func,"TransformVertexPositionsHomogeneous",
1002ebb0,1002f010,func,"d3d_ClipSprite",
1002f010,1002f330,func,"ClipAndProjectPolyWithDepthBias",
1002f330,1002f350,func,"_$E2@drawworldmodel",
1002f350,1002f360,func,"_$E5@drawworldmodel",
1002f360,1002f440,func,"d3d_ProcessWorldModel",
1002f440,1002f780,func,"DrawWorldModelPolyList",
1002f780,1002fa50,func,"RelightWorldPolyVertices",
1002fa50,1002fa80,func,"d3d_DrawSolidWorldModels",
1002fa80,1002fed0,func,"d3d_DrawSolidWorldModel",
1002fed0,1002ff00,func,"d3d_DrawChromaKeyWorldModels",
1002ff00,10030070,func,"d3d_QueueTranslucentWorldModels",
10030070,10030370,func,"d3d_DrawTranslucentWorldModel",
10030370,10030ad0,func,"DrawTranslucentWorldModelPoly",
10030ad0,10030bb0,func,"d3d_DrawAdditiveWorldModel",
10030bb0,10030bba,func,"_$E2@fullintersectline",
10030bba,10030bbf,func,"_$E1@fullintersectline",
10030bbf,10030bc9,func,"_$E5@fullintersectline",
10030bc9,10030bce,func,"_$E4@fullintersectline",
10030bce,10030bd8,func,"_$E8@fullintersectline",
10030bd8,10030bdd,func,"_$E7@fullintersectline",
10030bdd,10030ed1,func,"i_IntersectSegment",
10030ed1,10030f58,func,"i_FindIntersectionsHPoly",
10030f58,10030f8d,func,"IntersectRequest::IntersectRequest",
10030f8d,10030fd9,func,"i_FindIntersections",
10030fd9,10031041,func,"i_ISCallback",
10031041,10031187,func,"i_HandlePossibleIntersection",
10031187,1003185f,func,"i_BoundingBoxTest",
1003185f,10031a26,func,"i_QuickSphereTest",
10031a26,10031cbb,func,"i_TestWorldModel",
10031cbb,10031d18,func,"_CVector<float>::DistSqr",
10031d18,10031d82,func,"EnumerateDirectDrawDevices",
10031d82,10031e7c,func,"DDEnumCallback",
10031e7c,10031e94,func,"DDEnumCallbackEx",
10031e94,10032031,func,"gr_GetPerpendicularVector",
10032031,1003223b,func,"InternalIntersectLineNode",
1003223b,10032384,func,"InsideConvex",
10032384,1003239b,func,"IntersectLineNode",
1003239b,100323f9,func,"IntersectLine",
100323f9,100323ff,func,"D3DShadowTextureFactory::Get",
100323ff,1003244f,func,"GetCachedProjectionShadowTexture",
1003244f,1003249f,func,"GetCachedSilhouetteShadowTexture",
1003249f,10032503,func,"DecompressLightmapTexelRuns",
10032503,10032583,func,"DecompressLightmapMaskRuns",
10032583,10032588,func,"_$E3@10032583",
10032588,100325a2,func,"_$E2@10032583",
100325a2,100325a7,func,"_$E6@10032583",
100325a7,100325c5,func,"_$E5@10032583",
100325c5,100325ca,func,"_$E9@10032583",
100325ca,100325e8,func,"_$E8@10032583",
100325e8,1003273a,func,"BuildDynamicLightmapPixels",
1003273a,10032825,func,"FillDynamicLightmapRGB555",
10032825,1003287a,func,"PackDynamicLightColorRGB555",
1003287a,10032966,func,"FillDynamicLightmapRGB32",
10032966,100329b0,func,"PackDynamicLightColorRGB32",
100329b0,100329d0,func,"_$E2@100329b0",
100329d0,10032a30,func,"InitLightFalloffScaleTable",
10032a30,10032a60,func,"InitLightColorClampTable",
10032a60,10032c40,func,"SetupLightmapLightContext",
10032c40,10033140,func,"ApplyPolyDynamicLightsToLightmap",
10033140,10033210,func,"AddLightmapLightToRGB555Texel",
10033210,100338d0,func,"UpdatePolyAnimatedLightmap",
100338d0,10033c00,func,"BuildShadowMappedLightAnimTexels",
10033c00,10033e00,func,"BuildColorLightAnimTexels",
10033e00,10034000,func,"AddLightmapLightToRGB32Rect",
10034000,10034142,func,"FindLightmapPageSpace",
10034142,1003424d,func,"CreateLightmapPage",
1003424d,10034277,func,"LightmapPage::LightmapPage",
10034277,1003427a,func,"LightmapPage::IsRTexture",
1003427a,1003427e,func,"LightmapPage::GetBaseWidth",
1003427e,1003429b,func,"LightmapPage::`scalar_deleting_destructor'",
1003429b,100344b0,func,"AssignPolyLightmapPage",
100344b0,100344c8,func,"WorldPoly::GetNumVertices",
100344c8,100344f5,func,"AssignLeafLightmapPages",
100344f5,1003451a,func,"UnkType_LMVisQuery::UnkType_LMVisQuery",
1003451a,1003451b,func,"vq_DefaultFn1",
1003451b,1003451f,func,"vq_DefaultBoolFn",
1003451f,10034543,func,"FreeLightmapPageBitmaps",
10034543,10034597,func,"ClearBspLightmapPageFlags",
10034597,10034783,func,"PageInLightmaps",
10034783,100347ac,func,"ClearPolyLightmapPages",
100347ac,1003481f,func,"FreeLightmapPages",
1003481f,10034824,func,"_$E2@lightmap_planes",
10034824,10034a77,func,"_$E1@lightmap_planes",
10034a77,10034a9d,func,"LMPlane::LMPlane",
10034a9d,10034af0,func,"SetupLMPlaneVectors",
10034af0,10034c7c,func,"UnkType_LMLock::LockStagingLightmap",
10034c7c,10034d82,func,"UnkType_LMLock::UnlockStagingLightmap",
10034d82,10034d87,func,"_$E2@10034af0",
10034d87,10034d88,func,"_$E1@10034af0",
10034d88,10034d92,func,"_$E5@10034af0",
10034d92,10034db8,func,"UnkType_LMTexturePools::UnkType_LMTexturePools",
10034db8,10034e3d,func,"UnkType_LMTexturePools::CreateTexturePools",
10034e3d,10034e61,func,"UnkType_LMTexturePools::ResetTexturePoolLists",
10034e61,10034ebb,func,"UnkType_LMTexturePools::FreeTexturePools",
10034ebb,10035071,func,"DrawQueuedLightmappedPolys",
10035071,1003524b,func,"DrawMultitexturedLightmappedPoly",
1003524b,10035348,func,"FillPolyVerticesWithLocalLightmapUVs",
10035348,10035416,func,"SetPolyLocalLightmapUVs",
10035416,100354bf,func,"DrawPolyBaseTexturePass",
100354bf,10035629,func,"DrawPolyWithWorldPlanarTexture",
10035629,100356b8,func,"ProcessQueuedPolyList",
100356b8,100356d5,func,"QueueLightmappedPoly",
100356d5,10035771,func,"SetLightmapTextureStageStates",
10035771,1003579a,func,"ResetLightmapTextureStageStates",
1003579a,10035917,func,"quat_ConvertToMatrix",
10035917,10035ce6,func,"CollectWorldModelSegmentPolys",
10035ce6,10035ce7,func,"_$E2@10035917",
10035ce7,10035cf1,func,"_$E4@10035917",
10035cf1,10035d13,func,"UnkType_AddClampTable::UnkType_AddClampTable",
10035d13,10035d1d,func,"_$E7@10035917",
10035d1d,10035d75,func,"UnkType_MulTable::UnkType_MulTable",
10035d75,10035d7f,func,"_$E10@10035917",
10035d7f,10035de7,func,"UnkType_SqrtTable::UnkType_SqrtTable",
10035de7,10035dec,func,"_$E2@pixelformat",
10035dec,10035e8a,func,"_$E1@pixelformat",
10035e8a,10035fe7,func,"GenericCopy",
10035fe7,1003602c,func,"or_cpy",
1003602c,10036041,func,"Convert8Pto8",
10036041,10036056,func,"Convert8Pto16",
10036056,1003608d,func,"Convert8Pto32",
1003608d,100360c1,func,"Convert8to8",
100360c1,100360d6,func,"Convert8to16",
100360d6,1003610d,func,"Convert8to32",
1003610d,10036122,func,"Convert16to8",
10036122,10036156,func,"Convert16to16",
10036156,1003618d,func,"Convert16to32",
1003618d,100361c3,func,"Convert32to8",
100361c3,100361f9,func,"Convert32to16",
100361f9,1003622f,func,"Convert32to32",
1003622f,10036244,func,"Convert32Pto16",
10036244,10036259,func,"Convert32Pto32",
10036259,1003626e,func,"ConvertDXTto16",
1003626e,10036283,func,"ConvertDXTto32",
10036283,100362a9,func,"CPV_BFto8",
100362a9,100362ec,func,"BaseBFToAny::Init",
100362ec,1003634b,func,"CC_BFto8::DoConvert",
1003634b,10036372,func,"CPV_BFto16",
10036372,100363d9,func,"CC_BFto16::DoConvert",
100363d9,100363ff,func,"CPV_BFto32",
100363ff,10036462,func,"CC_BFto32::DoConvert",
10036462,10036488,func,"CPV_8toBF",
10036488,100364cb,func,"BaseAnyToBF::Init",
100364cb,10036542,func,"CC_8toBF::DoConvert",
10036542,10036568,func,"CPV_16toBF",
10036568,100365df,func,"CC_16toBF::DoConvert",
100365df,10036605,func,"CPV_32toBF",
10036605,1003664e,func,"CC_32toBF::DoConvert",
1003664e,1003668a,func,"PFormat::Init",
1003668a,100366bd,func,"SetBitCountAndRightShift",
100366bd,100366f6,func,"GetMaskBounds",
100366f6,10036711,func,"PFormat::InitPValueFormat",
10036711,1003671c,func,"PFormat::GetBytesPerPixelShift",
1003671c,10036720,func,"PFormat::GetType",
10036720,10036756,func,"PFormat::IsSameFormat",
10036756,10036761,func,"PFormat::GetBytesPerPixel",
10036761,10036797,func,"FMConvertRequest::FMConvertRequest",
10036797,10036850,func,"FMConvertRequest::IsValid",
10036850,1003689c,func,"FormatMgr::FormatMgr",
1003689c,100368dc,func,"FormatMgr::ConvertPixels",
100368dc,100369d0,func,"FormatMgr::InitScaleTables",
100369d0,100369fe,func,"FormatMgr::PValueToFormatColor",
100369fe,10036a34,func,"CalcImageSize",
10036a34,10036b02,func,"Convert2Pass",
10036b02,10036b22,func,"CC_8PtoBF::DoConvert",
10036b22,10036bd7,func,"Convert2Pass",
10036bd7,10036c60,func,"Convert1Pass",
10036c60,10036d15,func,"Convert2Pass",
10036d15,10036dea,func,"Convert2Pass",
10036dea,10036ea6,func,"Convert2Pass",
10036ea6,10036f36,func,"Convert1Pass",
10036f36,10036ff2,func,"Convert2Pass",
10036ff2,100370ac,func,"Convert2Pass",
100370ac,10037185,func,"Convert2Pass",
10037185,10037217,func,"Convert1Pass",
10037217,100372d9,func,"Convert2Pass",
100372d9,10037368,func,"Convert1Pass",
10037368,10037422,func,"Convert2Pass",
10037422,100374b5,func,"Convert1Pass",
100374b5,10037577,func,"Convert2Pass",
10037577,1003764f,func,"Convert2Pass",
1003764f,10037704,func,"Convert2Pass",
10037704,1003772d,func,"CC_32PtoBF::DoConvert",
1003772d,100377e2,func,"Convert2Pass",
100377e2,10038011,func,"ConvertDXTGeneric",
10038011,10038830,func,"ConvertDXTGeneric",
10038830,10038850,func,"_$E4@tagnodes",
10038850,100389f0,func,"_$E2@tagnodes",
100389f0,10038a30,func,"BaseObjectSet::Init",
10038a30,10038aa0,func,"BaseObjectSet::Draw",
10038aa0,10038b40,func,"AllocSet::Init",
10038b40,10038b60,func,"AllocSet::Term",
10038b60,10038cd0,func,"VisibleSet::VisibleSet",
10038cd0,10038cf0,func,"BaseObjectSet::BaseObjectSet",
10038cf0,100390d0,func,"VisibleSet::Init",
100390d0,10039100,func,"VisibleSet::ClearSet",
10039100,10039440,func,"ProcessAllBspObjectsAndPolys",
10039440,10039510,func,"d3d_ProcessAttachments",
10039510,10039540,func,"TagWorldVisibility",
10039540,10039900,func,"d3d_TagVisibleLeaves",
10039900,10039a40,func,"d3d_CheckAndProcessObject",
10039a40,10039ae0,func,"CollectProcessableObjects",
10039ae0,10039d90,func,"ProcessVisibleLeaf",
10039d90,10039e00,func,"d3d_IsWorldNodeVisible",
10039e00,10039e10,func,"d3d_GetVisibleSet",
10039e10,10039e30,func,"CMoArray<WorldPoly_*,DefaultCache>::GenBegin",
10039e30,10039e50,func,"CMoArray<WorldPoly_*,DefaultCache>::GenIsValid",
10039e50,10039e70,func,"CMoArray<WorldPoly_*,DefaultCache>::GenGetNext",
10039e70,10039e80,func,"CMoArray<WorldPoly_*,DefaultCache>::GenGetAt",
10039e80,10039f90,func,"CMoArray<WorldPoly_*,DefaultCache>::GenAppend",
10039f90,1003a0a0,func,"CMoArray<WorldPoly_*,DefaultCache>::GenRemoveAt",
1003a0a0,1003a1c0,func,"CMoArray<WorldPoly_*,DefaultCache>::GenCopyList",
1003a1c0,1003a290,func,"CMoArray<WorldPoly_*,DefaultCache>::GenAppendList",
1003a290,1003a2c0,func,"CMoArray<unsigned_long,class_DefaultCache>::GenFindElement",
1003a2c0,1003a2d0,func,"CMoArray<WorldPoly_*,DefaultCache>::GenSetCacheSize",
1003a2d0,1003a2e0,func,"CMoArray<WorldPoly_*,DefaultCache>::Clear",
1003a2e0,1003a3a0,func,"CMoArray<unsigned_long,class_DefaultCache>::Init",
1003a3a0,1003a430,func,"CMoArray<unsigned_long,class_DefaultCache>::SetSize2",
1003a430,1003a530,func,"CMoArray<WorldPoly_*,DefaultCache>::InternalNiceSetSize",
1003a530,1003a640,func,"CMoArray<WorldPoly_*,DefaultCache>::Insert2",
1003a640,1003a660,func,"BaseDelete",
1003a660,1003a680,func,"BaseNew",
1003a680,1003a6ba,func,"UnkType_VertexBufferPool::UnkType_VertexBufferPool",
1003a6ba,1003a6d6,func,"UnkType_VertexBufferPool::`scalar_deleting_destructor'",
1003a6d6,1003a6fb,func,"UnkType_VertexBufferPool::~UnkType_VertexBufferPool",
1003a6fb,1003a76c,func,"UnkType_VertexBufferPool::DrawPrimitive",
1003a76c,1003a77c,func,"UnkType_VertexBufferPool::AdvanceBuffer",
1003a77c,1003a7f7,func,"UnkType_VertexBufferPool::DrawIndexedPrimitive",
1003a7f7,1003a805,func,"UnkType_VertexBufferPool::RestartInNextBuffer",
1003a805,1003a83d,func,"UnkType_VertexBufferPool::Term",
1003a83d,1003a8b1,func,"UnkType_VertexBufferPool::Init",
1003a8b1,1003a90f,func,"UnkType_VertexBufferPool::Lock",
1003a90f,1003a942,func,"UnkType_VertexBufferPool::ReleaseVertexBuffers",
1003a942,1003a958,func,"_$E6@1003a680",
1003a958,1003a973,func,"_$E3@1003a680",
1003a973,1003a994,func,"UnkType_VertexBufferCache::~UnkType_VertexBufferCache",
1003a994,1003a9d0,func,"UnkType_VertexBufferCache::UnkType_VertexBufferCache",
1003a9d0,1003a9d4,func,"UnkType_VertexBufferCache::vfn_Unk18",
1003a9d4,1003a9f0,func,"UnkType_VertexBufferCache::`scalar_deleting_destructor'",
1003a9f0,1003aa6d,func,"UnkType_VertexBufferCache::Lock",
1003aa6d,1003aabb,func,"UnkType_VertexBufferCache::vfn_Unk1c",
1003aabb,1003ab02,func,"UnkType_VertexBufferCache::SelectEntry",
1003ab02,1003ac15,func,"UnkType_VertexBufferCache::AllocateEntry",
1003ac15,1003ac2e,func,"UnkType_VertexBufferCache::OptimizeCurrentBuffer",
1003ac2e,1003ac8f,func,"UnkType_VertexBufferCache::DrawPrimitive",
1003ac8f,1003acb0,func,"UnkType_VertexBufferCache::Term",
1003acb0,1003acd9,func,"UnkType_VertexBufferCache::AgeEntries",
1003acd9,1003acfb,func,"CMoArray<IDirect3DVertexBuffer7_*,DefaultCache>::CMoArray<IDirect3DVertexBuffer7_*,DefaultCache>",
1003acfb,1003ad0a,func,"CMoArray<IDirect3DVertexBuffer7_*,DefaultCache>::GenGetAt",
1003ad0a,1003ad1f,func,"CMoArray<IDirect3DVertexBuffer7_*,DefaultCache>::GenAppend",
1003ad1f,1003ad30,func,"CMoArray<IDirect3DVertexBuffer7_*,DefaultCache>::GenRemoveAt",
1003ad30,1003ad3d,func,"CMoArray<IDirect3DVertexBuffer7_*,DefaultCache>::GenRemoveAll",
1003ad3d,1003adc6,func,"CMoArray<IDirect3DVertexBuffer7_*,DefaultCache>::GenCopyList",
1003adc6,1003ae54,func,"CMoArray<IDirect3DVertexBuffer7_*,DefaultCache>::GenAppendList",
1003ae54,1003ae76,func,"CMoArray<UnkType_VBCacheEntry,DefaultCache>::CMoArray<UnkType_VBCacheEntry,DefaultCache>",
1003ae76,1003ae93,func,"CMoArray<UnkType_VBCacheEntry,DefaultCache>::GenGetAt",
1003ae93,1003aea8,func,"CMoArray<UnkType_VBCacheEntry,DefaultCache>::GenAppend",
1003aea8,1003aeb9,func,"CMoArray<UnkType_VBCacheEntry,DefaultCache>::GenRemoveAt",
1003aeb9,1003aec6,func,"CMoArray<UnkType_VBCacheEntry,DefaultCache>::GenRemoveAll",
1003aec6,1003af79,func,"CMoArray<UnkType_VBCacheEntry,DefaultCache>::GenCopyList",
1003af79,1003b034,func,"CMoArray<UnkType_VBCacheEntry,DefaultCache>::GenAppendList",
1003b034,1003b069,func,"CMoArray<IDirect3DVertexBuffer7_*,DefaultCache>::Init",
1003b069,1003b0c8,func,"CMoArray<IDirect3DVertexBuffer7_*,DefaultCache>::SetSize2",
1003b0c8,1003b177,func,"CMoArray<IDirect3DVertexBuffer7_*,DefaultCache>::InternalNiceSetSize",
1003b177,1003b1ac,func,"CMoArray<UnkType_VBCacheEntry,DefaultCache>::Init",
1003b1ac,1003b20e,func,"CMoArray<UnkType_VBCacheEntry,DefaultCache>::SetSize2",
1003b20e,1003b2c9,func,"CMoArray<UnkType_VBCacheEntry,DefaultCache>::InternalNiceSetSize",
1003b2c9,1003b2e1,func,"CMoArray<IDirect3DVertexBuffer7_*,DefaultCache>::_AllocateTArray",
1003b2e1,1003b3e2,func,"CMoArray<UnkType_VBCacheEntry,DefaultCache>::Insert2",
1003b3e2,1003b4bd,func,"CMoArray<UnkType_VBCacheEntry,DefaultCache>::Remove2",
1003b4bd,1003b502,func,"BaseNew",
1003b502,1003b502,label,"DDRAW.DLL::DirectDrawCreate",thunk_external:1003b508
1003b508,1003b508,label,"DDRAW.DLL::DirectDrawCreateEx",thunk_external:1003b50e
1003b50e,1003b50e,label,"DDRAW.DLL::DirectDrawEnumerateA",thunk_external:1003b520
1003b520,1003b570,func,"sb_Init",
1003b570,1003b5a0,func,"sb_Init2",
1003b5a0,1003b5e0,func,"sb_Term2",
1003b5e0,1003b5f0,func,"sb_Term",
1003b5f0,1003b650,func,"sb_AllocateNewStructPage",
1003b650,1003b660,func,"l_allocator_$E4",
1003b660,1003b670,func,"l_allocator_$E1",
1003b670,1003b680,func,"l_allocator_$E3",
1003b680,1003b690,func,"l_allocator_$E2",
1003b690,1003b6a0,func,"LAlloc::Alloc",
1003b6a0,1003b6b0,func,"LAlloc::Free",
1003b6b0,1003b6d0,func,"LAlloc::scalar_deleting_destructor",
1003b6d0,1003b710,func,"MoArray_FindElementMemcmp",
1003b710,1003b71b,func,"operator_delete",
1003b71b,1003b732,func,"__fpmath",
1003b732,1003b76a,func,"__cfltcvt_init",
1003b76a,1003b7e8,func,"__onexit",
1003b7e8,1003b7fa,func,"_atexit",
1003b7fa,1003b830,func,"___onexitinit",
1003b830,1003b85f,func,"__alloca_probe",
1003b85f,1003b920,func,"_fabs",
1003b920,1003b934,func,"__CIsqrt",
1003b934,1003b93d,func,"_sqrt",
1003b93d,1003b9dc,func,"crt_SqrtSharedBody",
1003b9dc,1003ba10,func,"__ftol",
1003ba10,1003ba24,func,"__CIsin",
1003ba24,1003ba2d,func,"_sin",
1003ba2d,1003babe,func,"crt_SinSharedBody",
1003babe,1003bb90,func,"_floor",
1003bb90,1003bba4,func,"__CItan",
1003bba4,1003bbad,func,"_tan",
1003bbad,1003bc50,func,"crt_TanSharedBody",
1003bc50,1003bf90,func,"_memcpy",noncontig
1003bc85,1003bc85,label,"switchD_1003bc85::switchD",Label
1003bc98,1003bc98,label,"switchD_1003bca4::default",Label
1003bc9d,1003bc9d,label,"switchD_1003bc9d::switchD",Label
1003bca4,1003bca4,label,"switchD_1003bca4::switchD",Label
1003bcac,1003bcac,label,"switchD_1003bcac::switchD",Label
1003bcb4,1003bcc0,jumptable,"switchD_1003bc9d::switchdataD_1003bcb4",ptr
1003bcc0,1003bcc0,label,"switchD_1003bc9d::caseD_1",Label
1003bce2,1003bce2,label,"switchD_1003bce2::switchD",Label
1003bce9,1003bcec,gap,"GAP_1003bce9",align
1003bcec,1003bcec,label,"switchD_1003bc9d::caseD_2",Label
1003bd08,1003bd08,label,"switchD_1003bd08::switchD",Label
1003bd10,1003bd10,label,"switchD_1003bc9d::caseD_3",Label
1003bd22,1003bd22,label,"switchD_1003bd22::switchD",Label
1003bd29,1003bd2c,gap,"GAP_1003bd29",align
1003bd2c,1003bd4c,jumptable,"switchD_1003bcac::switchdataD_1003bd2c",ptr
1003bd4c,1003bd4c,label,"switchD_1003bcac::caseD_7",Label
1003bd54,1003bd54,label,"switchD_1003bcac::caseD_6",Label
1003bd5c,1003bd5c,label,"switchD_1003bcac::caseD_5",Label
1003bd64,1003bd64,label,"switchD_1003bcac::caseD_4",Label
1003bd6c,1003bd6c,label,"switchD_1003bcac::caseD_3",Label
1003bd74,1003bd74,label,"switchD_1003bcac::caseD_2",Label
1003bd7c,1003bd7c,label,"switchD_1003bcac::caseD_1",Label
1003bd8f,1003bd8f,label,"switchD_1003bcac::caseD_0",Label
1003bd96,1003bd98,gap,"GAP_1003bd96",align
1003bd98,1003bda8,jumptable,"switchD_1003bc85::switchdataD_1003bd98",ptr
1003bda8,1003bda8,label,"switchD_1003bc85::caseD_0",Label
1003bdb0,1003bdb0,label,"switchD_1003bc85::caseD_1",Label
1003bdbc,1003bdbc,label,"switchD_1003bc85::caseD_2",Label
1003bdcd,1003bdd0,gap,"GAP_1003bdcd",align
1003bdd0,1003bdd0,label,"switchD_1003bc85::caseD_3",Label
1003be07,1003be07,label,"switchD_1003be07::switchD",Label
1003be0e,1003be10,gap,"GAP_1003be0e",align
1003be12,1003be12,label,"switchD_1003be12::switchD",Label
1003be19,1003be1c,gap,"GAP_1003be19",align
1003be28,1003be28,label,"switchD_1003be34::default",Label
1003be2d,1003be2d,label,"switchD_1003be2d::switchD",Label
1003be34,1003be34,label,"switchD_1003be34::switchD",Label
1003be3c,1003be48,jumptable,"switchD_1003be2d::switchdataD_1003be3c",ptr
1003be48,1003be48,label,"switchD_1003be2d::caseD_1",Label
1003be5e,1003be5e,label,"switchD_1003be5e::switchD",Label
1003be65,1003be68,gap,"GAP_1003be65",align
1003be68,1003be68,label,"switchD_1003be2d::caseD_2",Label
1003be88,1003be88,label,"switchD_1003be88::switchD",Label
1003be90,1003be90,label,"switchD_1003be2d::caseD_3",Label
1003beba,1003beba,label,"switchD_1003beba::switchD",Label
1003bec1,1003bec4,gap,"GAP_1003bec1",align
1003bec4,1003bee4,jumptable,"switchD_1003be12::switchdataD_1003bec4",ptr
1003bee4,1003bee4,label,"switchD_1003be12::caseD_7",Label
1003beec,1003beec,label,"switchD_1003be12::caseD_6",Label
1003bef4,1003bef4,label,"switchD_1003be12::caseD_5",Label
1003befc,1003befc,label,"switchD_1003be12::caseD_4",Label
1003bf04,1003bf04,label,"switchD_1003be12::caseD_3",Label
1003bf0c,1003bf0c,label,"switchD_1003be12::caseD_2",Label
1003bf14,1003bf14,label,"switchD_1003be12::caseD_1",Label
1003bf27,1003bf27,label,"switchD_1003be12::caseD_0",Label
1003bf2e,1003bf30,gap,"GAP_1003bf2e",align
1003bf30,1003bf40,jumptable,"switchD_1003be07::switchdataD_1003bf30",ptr
1003bf40,1003bf40,label,"switchD_1003be07::caseD_0",Label
1003bf48,1003bf48,label,"switchD_1003be07::caseD_1",Label
1003bf55,1003bf58,gap,"GAP_1003bf55",align
1003bf58,1003bf58,label,"switchD_1003be07::caseD_2",Label
1003bf6c,1003bf6c,label,"switchD_1003be07::caseD_3",Label
1003bf90,1003bfa4,func,"__CIcos",
1003bfa4,1003bfad,func,"_cos",
1003bfad,1003c040,func,"crt_CosSharedBody",
1003c040,1003c054,func,"__CIatan",
1003c054,1003c05d,func,"_atan",
1003c05d,1003c0e0,func,"crt_AtanSharedBody",
1003c0e0,1003c170,func,"_strcmp",noncontig
1003c12a,1003c12c,gap,"GAP_1003c12a",align
1003c170,1003c1d0,func,"_memset",
1003c1d0,1003c2ce,func,"_strncpy",
1003c2ce,1003c359,func,"_atol",
1003c359,1003c364,func,"_atoi",
1003c364,1003c376,func,"_malloc",
1003c376,1003c3a2,func,"__nh_malloc",
1003c3a2,1003c3f0,func,"__heap_alloc",
1003c3f0,1003c438,func,"_free",
1003c438,1003c488,func,"__vsnprintf",
1003c488,1003c4da,func,"_sprintf",
1003c4da,1003c549,func,"_toupper",
1003c549,1003c620,func,"__toupper_lk",
1003c620,1003c69b,func,"_strlen",
1003c69b,1003c6d0,func,"_iscntrl",
1003c6d0,1003c740,func,"__aulldiv",
1003c740,1003c7f0,func,"__alldiv",
1003c7f0,1003c824,func,"__allmul",
1003c824,1003c832,func,"operator_new",
1003c832,1003c863,func,"_fclose",
1003c863,1003c8af,func,"__fclose_lk",
1003c8af,1003c8de,func,"_fread",
1003c8de,1003c9c6,func,"__fread_lk",
1003c9c6,1003c9f7,func,"__fsopen",
1003c9f7,1003ca0a,func,"_fopen",
1003ca0a,1003ca13,func,"__purecall",
1003ca13,1003ca42,func,"_fwrite",
1003ca42,1003cb50,func,"__fwrite_lk",
1003cb50,1003cb69,func,"__CIpow",
1003cb69,1003cb72,func,"_pow",
1003cb72,1003cd45,func,"crt_PowSharedBody",
1003cd45,1003cd70,func,"crt_ClassifyPowExponentInCL",
1003cd70,1003cd90,func,"_atan2",
1003cd7a,1003cd7a,label,"_CIatan2",Label
1003cd90,1003cda0,func,"_strcpy",
1003cd97,1003cda0,gap,"GAP_1003cd97",align
1003cda0,1003ce80,func,"_strcat",
1003ce80,1003ce94,func,"__CIacos",
1003ce94,1003ce9d,func,"_acos",
1003ce9d,1003cf4b,func,"crt_AcosSharedBody",
1003cf4b,1003d024,func,"__CRT_INIT@12",
1003d024,1003d0c1,func,"__DllMainCRTStartup@12",
1003d0c1,1003d0f4,func,"__amsg_exit",
1003d0f4,1003d114,func,"__global_unwind2",
1003d114,1003d136,func,"__unwind_handler",
1003d136,1003d19e,func,"__local_unwind2",
1003d18e,1003d18e,label,"_NLG_Return2",Label
1003d19e,1003d1c1,func,"__abnormal_termination",
1003d1c1,1003d1ca,func,"__NLG_Notify1",
1003d1ca,1003d1e2,func,"__NLG_Notify",
1003d1dd,1003d1dd,label,"_NLG_Dispatch",Label
1003d1e2,1003d1f4,func,"__setdefaultprecision",
1003d1f4,1003d232,func,"__ms_p5_test_fdiv",
1003d232,1003d25b,func,"__ms_p5_mp_test_fdiv",
1003d25b,1003d2b5,func,"__forcdecpt",
1003d2b5,1003d303,func,"__cropzeros",
1003d303,1003d31b,func,"__positive",
1003d31b,1003d359,func,"__fassign",
1003d359,1003d3ba,func,"__cftoe",
1003d3ba,1003d47c,func,"__cftoe2",
1003d47c,1003d4d1,func,"__cftof",
1003d4d1,1003d578,func,"__cftof2",
1003d578,1003d60b,func,"__cftog",
1003d60b,1003d65c,func,"__cfltcvt",
1003d65c,1003d681,func,"__shift",
1003d681,1003d6ae,func,"__cinit",
1003d6ae,1003d6bf,func,"__exit",
1003d6bf,1003d6ce,func,"__cexit",
1003d6ce,1003d773,func,"_doexit",
1003d773,1003d77c,func,"__lockexit",
1003d77c,1003d785,func,"__unlockexit",
1003d785,1003d79f,func,"__initterm",
1003d79f,1003d8d7,func,"_realloc",
1003d8d7,1003d91c,func,"__msize",
1003d91c,1003d970,func,"__handle_qnan1",
1003d970,1003da08,func,"__except1",
1003da08,1003dcbb,func,"__raise_exc",
1003dcbb,1003ded2,func,"__handle_exc",
1003ded2,1003df5a,func,"__umatherr",
1003df5a,1003df82,func,"__set_errno",
1003df82,1003dfa7,func,"__get_fname",
1003dfa7,1003dfd4,func,"__errcode",
1003dfd4,1003dffd,func,"__set_exp",
1003dffd,1003e057,func,"__sptype",
1003e057,1003e118,func,"__decomp",
1003e118,1003e126,func,"__statfp",
1003e126,1003e135,func,"__clrfp",
1003e135,1003e158,func,"__ctrlfp",
1003e158,1003e1b0,func,"__set_statfp",
1003e1b0,1003e217,func,"__trandisp1",
1003e217,1003e2b6,func,"__trandisp2",
1003e2a3,1003e2a3,label,"_rttospopde",Label
1003e2a8,1003e2a8,label,"_rttospop",Label
1003e2aa,1003e2aa,label,"_rtnospop",Label
1003e2ac,1003e2ac,label,"_rttosnpop",Label
1003e2ad,1003e2ad,label,"_rtnospopde",Label
1003e2b4,1003e2b4,label,"_rtzeropop",Label
1003e2b6,1003e2bb,func,"__rtzeronpop",
1003e2bb,1003e2c2,func,"__rtonepop",
1003e2bd,1003e2bd,label,"_rtonenpop",Label
1003e2c2,1003e2ed,func,"__tosnan1",
1003e2ed,1003e317,func,"__nosnan2",
1003e2ef,1003e2ef,label,"_tosnan2",Label
1003e317,1003e356,func,"__nan2",
1003e356,1003e369,func,"__rtindfpop",
1003e358,1003e358,label,"_rtindfnpop",Label
1003e369,1003e373,func,"_rttosnpopde",
1003e373,1003e380,func,"__rtchsifneg",
1003e380,1003e397,func,"__startTwoArgErrorHandling",
1003e397,1003e3e0,func,"__startOneArgErrorHandling",
1003e3e0,1003e3f5,func,"__twoToTOS",
1003e3f5,1003e40c,func,"__load_CW",
1003e40c,1003e425,func,"__convertTOStoQNaN",
1003e425,1003e468,func,"__fload_withFB",
1003e468,1003e47e,func,"__checkTOS_withFB",
1003e47e,1003e48b,func,"__fast_exit",
1003e48b,1003e4b5,func,"__math_exit",
1003e4b5,1003e4c9,func,"__check_overflow_exit",
1003e4c9,1003e56c,func,"__check_range_exit",
1003e56c,1003e57e,func,"__frnd",
1003e57e,1003e5f3,func,"__isctype",
1003e5f3,1003e60e,func,"__callnewh",
1003e60e,1003e64a,func,"__heap_init",
1003e64a,1003e6bf,func,"__heap_term",
1003e6bf,1003e6e8,func,"__mtinitlocks",
1003e6e8,1003e754,func,"__mtdeletelocks",
1003e754,1003e7b5,func,"__lock",
1003e7b5,1003e7ca,func,"__unlock",
1003e7ca,1003e808,func,"___sbh_heap_init",
1003e808,1003e833,func,"___sbh_find_block",
1003e833,1003eb5e,func,"___sbh_free_block",
1003eb5e,1003ee67,func,"___sbh_alloc_block",
1003ee67,1003ef18,func,"___sbh_alloc_new_region",
1003ef18,1003f013,func,"___sbh_alloc_new_group",
1003f013,1003f309,func,"___sbh_resize_block",
1003f309,1003f421,func,"__flsbuf",
1003f421,1003fb62,func,"__output",
1003f48f,1003f48f,label,"switchD_1003f48f::switchD",Label
1003f496,1003f496,label,"switchD_1003f48f::caseD_1",Label
1003f4b1,1003f4b1,label,"switchD_1003f48f::caseD_2",Label
1003f4fd,1003f4fd,label,"switchD_1003f48f::caseD_3",Label
1003f534,1003f534,label,"switchD_1003f48f::caseD_4",Label
1003f53c,1003f53c,label,"switchD_1003f48f::caseD_5",Label
1003f571,1003f571,label,"switchD_1003f48f::caseD_6",Label
1003f5c0,1003f5c0,label,"switchD_1003f48f::caseD_0",Label
1003f604,1003f604,label,"switchD_1003f48f::caseD_7",Label
1003fb29,1003fb29,label,"switchD_1003f48f::default",Label
1003fb42,1003fb62,jumptable,"switchD_1003f48f::switchdataD_1003fb42",ptr
1003fb62,1003fb97,func,"_write_char",
1003fb97,1003fbc8,func,"_write_multi_char",
1003fbc8,1003fc00,func,"_write_string",
1003fc00,1003fc0d,func,"_get_int_arg",
1003fc0d,1003fc1d,func,"_get_int64_arg",
1003fc1d,1003fc2b,func,"_get_short_arg",
1003fc2b,1003fe4f,func,"___crtLCMapStringA",
1003fe4f,1003fe7a,func,"_strncnt",
1003fe7a,1003ff22,func,"___initstdio",
1003ff22,1003ff36,func,"___endstdio",
1003ff36,1003ff65,func,"__lock_file",
1003ff65,1003ff88,func,"__lock_file2",
1003ff88,1003ffb7,func,"__unlock_file",
1003ffb7,1003ffda,func,"__unlock_file2",
1003ffda,10040037,func,"__close",
10040037,100400ba,func,"__close_lk",
100400ba,100400e5,func,"__freebuf",
100400e5,10040113,func,"__fflush_lk",
10040113,1004016f,func,"__flush",
1004016f,10040178,func,"__flushall",
10040178,1004021c,func,"_flsall",
1004021c,100402f8,func,"__filbuf",
100402f8,1004035d,func,"__read",
1004035d,10040536,func,"__read_lk",
10040536,100406a6,func,"__openfile",
100406a6,1004076e,func,"__getstream",
1004076e,100407d3,func,"__write",
100407d3,10040960,func,"__write_lk",
10040960,10040971,func,"crt_PowTranscendentalEntry",noncontig
10040971,10040a14,func,"__fFEXP",noncontig
100409d8,100409d8,label,"_rtinfpopse",Label
100409da,100409da,label,"_rtinfnpopse",Label
100409ea,100409ea,label,"_fFLN",Label
10040a14,10040a19,func,"crt_ReturnOrRejectNegativeArgument",noncontig
10040a19,10040a28,func,"crt_Log10TranscendentalEntry",
10040a28,10040ab1,func,"__rtonepop",noncontig
10040a9f,10040a9f,label,"_rtinfpop",Label
10040aa1,10040aa1,label,"_rtinfnpop",Label
10040ab1,10040abe,func,"_rtforexpinf",
10040abe,10040b01,func,"__ffexpm1",
10040b01,10040b67,func,"crt_ClassifyPowExponentInEAX",
10040b67,10040c97,func,"__powhlp",
10040c97,10040d00,func,"__d_inttype",
10040d00,10040d1c,func,"crt_AcosTranscendentalEntry",
10040d1c,10040d3c,func,"__fFATN2",
10040d3c,10040d6c,func,"crt_PrepareInverseTrigRadical",
10040d6c,10040d75,func,"__rtpiby2",
10040d75,10040d92,func,"_rtforatn20",
10040d92,10040db0,func,"_rtforatnby0",
10040db0,10040dee,func,"__cintrindisp2",
10040dee,10040e2b,func,"__cintrindisp1",
10040e2b,10040e73,func,"__ctrandisp2",
10040e73,10040e7a,func,"crt_ClearIntrinsicArgumentFlagAndReturnMath",
10040e7a,10040fab,func,"crt_FinalizeTranscendentalResult",
10040fab,10040fde,func,"__ctrandisp1",
10040fde,1004101a,func,"__fload",
1004101a,1004106e,func,"__mtinit",
1004106e,1004108c,func,"__mtterm",
1004108c,1004109f,func,"__initptd",
1004109f,10041106,func,"__getptd",
10041106,100411a6,func,"__freeptd",
100411a6,10041362,func,"__ioinit",
10041362,100413b6,func,"__ioterm",
100413b6,1004146f,func,"__setenvp",
1004146f,10041508,func,"__setargv",
10041508,100416bc,func,"_parse_cmdline",
100416bc,100417ee,func,"___crtGetEnvironmentStringsA",
100417ee,10041827,func,"__FF_MSGBANNER",
10041827,10041980,func,"__NMSG_WRITE",
10041980,100419cc,func,"__CallSettingFrame@12",
100419a7,100419a7,label,"_NLG_Return",Label
100419cc,10041a2d,func,"terminate",
10041a2d,10041a62,func,"__control87",
10041a62,10041a78,func,"__controlfp",
10041a78,10041b0a,func,"__abstract_cw",
10041b0a,10041b93,func,"__hw_cw",
10041b93,10041c02,func,"_tolower",
10041c02,10041ccd,func,"__tolower_lk",
10041ccd,10041d16,func,"__ZeroTail",
10041d16,10041d6c,func,"__IncMan",
10041d6c,10041df8,func,"__RoundMan",
10041df8,10041e13,func,"__CopyMan",
10041e13,10041e1f,func,"__FillZeroMan",
10041e1f,10041e3a,func,"__IsZeroMan",
10041e3a,10041ec7,func,"__ShrMan",
10041ec7,10042033,func,"__ld12cvt",
10042033,10042049,func,"__ld12tod",
10042049,1004205f,func,"__ld12tof",
1004205f,1004208c,func,"__atodbl",
1004208c,100420b9,func,"__atoflt",
100420b9,10042130,func,"__fptostr",
10042130,1004218c,func,"__fltout2",
1004218c,10042250,func,"___dtold",
10042250,10042585,func,"_memmove",noncontig
10042285,10042285,label,"switchD_10042285::switchD",Label
10042298,10042298,label,"switchD_100422a4::default",Label
1004229d,1004229d,label,"switchD_1004229d::switchD",Label
100422a4,100422a4,label,"switchD_100422a4::switchD",Label
100422ac,100422ac,label,"switchD_100422ac::switchD",Label
100422b4,100422c0,jumptable,"switchD_1004229d::switchdataD_100422b4",ptr
100422c0,100422c0,label,"switchD_1004229d::caseD_1",Label
100422e2,100422e2,label,"switchD_100422e2::switchD",Label
100422e9,100422ec,gap,"GAP_100422e9",align
100422ec,100422ec,label,"switchD_1004229d::caseD_2",Label
10042308,10042308,label,"switchD_10042308::switchD",Label
10042310,10042310,label,"switchD_1004229d::caseD_3",Label
10042322,10042322,label,"switchD_10042322::switchD",Label
10042329,1004232c,gap,"GAP_10042329",align
1004232c,1004234c,jumptable,"switchD_100422ac::switchdataD_1004232c",ptr
1004234c,1004234c,label,"switchD_100422ac::caseD_7",Label
10042354,10042354,label,"switchD_100422ac::caseD_6",Label
1004235c,1004235c,label,"switchD_100422ac::caseD_5",Label
10042364,10042364,label,"switchD_100422ac::caseD_4",Label
1004236c,1004236c,label,"switchD_100422ac::caseD_3",Label
10042374,10042374,label,"switchD_100422ac::caseD_2",Label
1004237c,1004237c,label,"switchD_100422ac::caseD_1",Label
1004238f,1004238f,label,"switchD_100422ac::caseD_0",Label
10042396,10042398,gap,"GAP_10042396",align
10042398,100423a8,jumptable,"switchD_10042285::switchdataD_10042398",ptr
100423a8,100423a8,label,"switchD_10042285::caseD_0",Label
100423b0,100423b0,label,"switchD_10042285::caseD_1",Label
100423bc,100423bc,label,"switchD_10042285::caseD_2",Label
100423cd,100423d0,gap,"GAP_100423cd",align
100423d0,100423d0,label,"switchD_10042285::caseD_3",Label
10042407,10042407,label,"switchD_10042407::switchD",Label
1004240e,10042410,gap,"GAP_1004240e",align
10042412,10042412,label,"switchD_10042412::switchD",Label
10042419,1004241c,gap,"GAP_10042419",align
10042428,10042428,label,"switchD_10042434::default",Label
1004242d,1004242d,label,"switchD_1004242d::switchD",Label
10042434,10042434,label,"switchD_10042434::switchD",Label
1004243c,10042448,jumptable,"switchD_1004242d::switchdataD_1004243c",ptr
10042448,10042448,label,"switchD_1004242d::caseD_1",Label
1004245e,1004245e,label,"switchD_1004245e::switchD",Label
10042465,10042468,gap,"GAP_10042465",align
10042468,10042468,label,"switchD_1004242d::caseD_2",Label
10042488,10042488,label,"switchD_10042488::switchD",Label
10042490,10042490,label,"switchD_1004242d::caseD_3",Label
100424ba,100424ba,label,"switchD_100424ba::switchD",Label
100424c1,100424c4,gap,"GAP_100424c1",align
100424c4,100424e4,jumptable,"switchD_10042412::switchdataD_100424c4",ptr
100424e4,100424e4,label,"switchD_10042412::caseD_7",Label
100424ec,100424ec,label,"switchD_10042412::caseD_6",Label
100424f4,100424f4,label,"switchD_10042412::caseD_5",Label
100424fc,100424fc,label,"switchD_10042412::caseD_4",Label
10042504,10042504,label,"switchD_10042412::caseD_3",Label
1004250c,1004250c,label,"switchD_10042412::caseD_2",Label
10042514,10042514,label,"switchD_10042412::caseD_1",Label
10042527,10042527,label,"switchD_10042412::caseD_0",Label
1004252e,10042530,gap,"GAP_1004252e",align
10042530,10042540,jumptable,"switchD_10042407::switchdataD_10042530",ptr
10042540,10042540,label,"switchD_10042407::caseD_0",Label
10042548,10042548,label,"switchD_10042407::caseD_1",Label
10042555,10042558,gap,"GAP_10042555",align
10042558,10042558,label,"switchD_10042407::caseD_2",Label
1004256c,1004256c,label,"switchD_10042407::caseD_3",Label
10042585,1004258e,func,"__fptrap",
1004258e,10042601,func,"__dosmaperr",
10042601,1004260a,func,"__errno",
1004260a,10042613,func,"___doserrno",
10042613,100426e3,func,"__87except",
100426e3,1004282c,func,"___crtGetStringTypeA",
1004282c,10042891,func,"__lseek",
10042891,10042904,func,"__lseek_lk",
10042904,10042948,func,"__getbuf",
10042948,10042971,func,"__isatty",
10042971,100429ca,func,"_wctomb",
100429ca,10042a40,func,"__wctomb_lk",
10042a40,10042ac0,func,"__aullrem",
10042ac0,10042b00,func,"_strcspn",
10042b00,10042b40,func,"_strncmp",
10042b40,10042b84,func,"_strpbrk",
10042b7c,10042b84,jumptable,"JT_10042b7c",char[8]
10042b84,10042c41,func,"__except_handler3",
10042c41,10042c5c,func,"__seh_longjmp_unwind@4",
10042c5c,10042ce9,func,"_calloc",
10042ce9,10042d6a,func,"__fcloseall",
10042d6a,10042e8d,func,"__alloc_osfhnd",
10042e8d,10042f09,func,"__set_osfhnd",
10042f09,10042f88,func,"__free_osfhnd",
10042f88,10042fca,func,"__get_osfhandle",
10042fca,10043029,func,"__lock_fhandle",
10043029,1004304b,func,"__unlock_fhandle",
1004304b,100430de,func,"__commit",
100430de,100433b0,func,"__sopen",
100433b0,100434c7,func,"_fdiv_main_routine",
100434c7,100434d4,func,"__adj_fdiv_r",
100434cd,100434cd,label,"switchD_100434cd::switchD",Label
100434d4,100434da,func,"label0",
100434da,100434e5,func,"label1",
100434df,100434df,label,"switchD_100434cd::caseD_2",Label
100434e5,100434f0,func,"label3",
100434ea,100434ea,label,"switchD_100434cd::caseD_4",Label
100434f0,100434f6,func,"label5",
100434f6,100434fc,func,"label6",
100434fc,10043502,func,"label7",
10043502,1004351e,func,"label8",
1004351e,10043539,func,"label9",
10043523,10043523,label,"switchD_100434cd::caseD_a",Label
10043539,1004355a,func,"label11",
1004353e,1004353e,label,"switchD_100434cd::caseD_c",Label
1004355a,1004356a,func,"label13",
1004356a,1004357e,func,"label14",
1004357e,1004358e,func,"label15",
1004358e,100435ae,func,"label16",
100435ae,100435cd,func,"label17",
100435b3,100435b3,label,"switchD_100434cd::caseD_12",Label
100435cd,100435f2,func,"label19",
100435d2,100435d2,label,"switchD_100434cd::caseD_14",Label
100435f2,10043606,func,"label21",
10043606,1004361e,func,"label22",
1004361e,10043632,func,"label23",
10043632,10043652,func,"label24",
10043652,10043671,func,"label25",
10043657,10043657,label,"switchD_100434cd::caseD_1a",Label
10043671,10043696,func,"label27",
10043676,10043676,label,"switchD_100434cd::caseD_1c",Label
10043696,100436aa,func,"label29",
100436aa,100436c2,func,"label30",
100436c2,100436d6,func,"label31",
100436d6,100436f6,func,"label32",
100436f6,10043715,func,"label33",
100436fb,100436fb,label,"switchD_100434cd::caseD_22",Label
10043715,1004373a,func,"label35",
1004371a,1004371a,label,"switchD_100434cd::caseD_24",Label
1004373a,1004374e,func,"label37",
1004374e,10043766,func,"label38",
10043766,1004377a,func,"label39",
1004377a,1004379a,func,"label40",
1004379a,100437b9,func,"label41",
1004379f,1004379f,label,"switchD_100434cd::caseD_2a",Label
100437b9,100437de,func,"label43",
100437be,100437be,label,"switchD_100434cd::caseD_2c",Label
100437de,100437f2,func,"label45",
100437f2,1004380a,func,"label46",
1004380a,1004381e,func,"label47",
1004381e,1004383e,func,"label48",
1004383e,1004385d,func,"label49",
10043843,10043843,label,"switchD_100434cd::caseD_32",Label
1004385d,10043882,func,"label51",
10043862,10043862,label,"switchD_100434cd::caseD_34",Label
10043882,10043896,func,"label53",
10043896,100438ae,func,"label54",
100438ae,100438c2,func,"label55",
100438c2,100438e2,func,"label56",
100438e2,10043901,func,"label57",
100438e7,100438e7,label,"switchD_100434cd::caseD_3a",Label
10043901,10043926,func,"label59",
10043906,10043906,label,"switchD_100434cd::caseD_3c",Label
10043926,1004393a,func,"label61",
1004393a,10043952,func,"label62",
10043952,10043966,func,"label63",
10043966,10043979,func,"__fdivp_sti_st",
10043979,1004398c,func,"__fdivrp_sti_st",
1004398c,100439d8,func,"__adj_fdiv_m32",
100439d8,10043a24,func,"__adj_fdiv_m64",
10043a24,10043a58,func,"__adj_fdiv_m16i",
10043a58,10043a8c,func,"__adj_fdiv_m32i",
10043a8c,10043ad8,func,"__adj_fdivr_m32",
10043ad8,10043b24,func,"__adj_fdivr_m64",
10043b24,10043b58,func,"__adj_fdivr_m16i",
10043b58,10043b8c,func,"__adj_fdivr_m32i",
10043b8c,10043ba1,func,"__safe_fdiv",
10043ba1,10043bb6,func,"__safe_fdivr",
10043bb6,10043dbc,func,"__fprem_common",
10043dbc,10043e6e,func,"__adj_fprem",
10043e6e,10044074,func,"__fprem1_common",
10044074,10044129,func,"__adj_fprem1",
10044129,1004412f,func,"__safe_fprem",
1004412f,10044135,func,"__safe_fprem1",
10044135,10044138,func,"__adj_fpatan",
10044138,1004413b,func,"__adj_fptan",
1004413b,100441cd,func,"__fpclass",
100441cd,1004469e,func,"___strgtold12",
10044230,10044230,label,"switchD_10044230::switchD",Label
10044237,10044237,label,"switchD_10044230::caseD_0",Label
10044286,10044286,label,"switchD_10044230::caseD_1",Label
100442dd,100442dd,label,"switchD_10044230::caseD_2",Label
10044307,10044307,label,"switchD_10044230::caseD_3",Label
10044362,10044362,label,"switchD_10044230::caseD_4",Label
100443d9,100443d9,label,"switchD_10044230::caseD_5",Label
1004440f,1004440f,label,"switchD_10044230::caseD_6",Label
10044438,10044438,label,"switchD_10044230::caseD_8",Label
10044459,10044459,label,"switchD_10044230::caseD_7",Label
10044473,10044473,label,"switchD_10044230::caseD_b",Label
100444a7,100444a7,label,"switchD_10044230::caseD_a",Label
100444bd,100444bd,label,"switchD_10044230::caseD_9",Label
1004466e,1004469e,jumptable,"switchD_10044230::switchdataD_1004466e",ptr
1004469e,1004484b,func,"__setmbcp",
1004484b,10044895,func,"_getSystemCP",
10044895,100448c8,func,"_CPtoLCID",
100448c8,100448f1,func,"_setSBCS",
100448f1,10044a76,func,"_setSBUpLow",
10044a76,10044a92,func,"___initmbctable",
10044a92,10044b1b,func,"___crtMessageBoxA",
10044b1b,10044b61,func,"__CxxUnhandledExceptionFilter",
10044b61,10044b72,func,"__CxxSetUnhandledExceptionFilter",
10044b72,10044b7f,func,"__CxxRestoreUnhandledExceptionFilter",
10044b7f,10044b97,func,"_ValidateExecute",
10044b97,10044bae,func,"_abort",
10044bae,10044d30,func,"_raise",
10044d30,10044d6d,func,"_siglookup",
10044d6d,10044d8e,func,"___addl",
10044d8e,10044dec,func,"___add_12",
10044dec,10044e1a,func,"___shl_12",
10044e1a,10044e47,func,"___shr_12",
10044e47,10044f0e,func,"___mtold12",
10044f0e,100451b0,func,"_$I10_OUTPUT",
100451b0,10045280,func,"__strcmpi",
10045280,10045381,func,"__strnicmp",
10045381,100454a6,func,"__chsize_lk",
100454a6,100456c6,func,"___ld12mul",
100456c6,10045742,func,"___multtenpow12",
10045742,100457b0,func,"__setmode_lk",
100457b0,10045880,func,"_strchr",noncontig
100457c0,100457c0,label,"strchr",Label
100457c6,100457c6,label,"__from_strstr_to_strchr",Label
10045880,10045880,label,"KERNEL32.DLL::RtlUnwind",thunk_external:10045890
10045886,10045890,data,"TextTailZeroPadding",byte
10046000,10046004,import,"DDRAW.DLL!DirectDrawCreateEx",
10046004,10046008,import,"DDRAW.DLL!DirectDrawEnumerateA",
10046008,1004600c,import,"DDRAW.DLL!DirectDrawCreate",
10046010,10046014,import,"KERNEL32.DLL!LCMapStringW",
10046014,10046018,import,"KERNEL32.DLL!ReadFile",
10046018,1004601c,import,"KERNEL32.DLL!QueryPerformanceFrequency",
1004601c,10046020,import,"KERNEL32.DLL!QueryPerformanceCounter",
10046020,10046024,import,"KERNEL32.DLL!Sleep",
10046024,10046028,import,"KERNEL32.DLL!InterlockedExchange",
10046028,1004602c,import,"KERNEL32.DLL!GetProcAddress",
1004602c,10046030,import,"KERNEL32.DLL!GetModuleHandleA",
10046030,10046034,import,"KERNEL32.DLL!TlsAlloc",
10046034,10046038,import,"KERNEL32.DLL!TlsSetValue",
10046038,1004603c,import,"KERNEL32.DLL!SetEndOfFile",
1004603c,10046040,import,"KERNEL32.DLL!IsBadCodePtr",
10046040,10046044,import,"KERNEL32.DLL!HeapAlloc",
10046044,10046048,import,"KERNEL32.DLL!HeapFree",
10046048,1004604c,import,"KERNEL32.DLL!InterlockedDecrement",
1004604c,10046050,import,"KERNEL32.DLL!InterlockedIncrement",
10046050,10046054,import,"KERNEL32.DLL!GetCommandLineA",
10046054,10046058,import,"KERNEL32.DLL!GetVersion",
10046058,1004605c,import,"KERNEL32.DLL!RtlUnwind",
1004605c,10046060,import,"KERNEL32.DLL!ExitProcess",
10046060,10046064,import,"KERNEL32.DLL!TerminateProcess",
10046064,10046068,import,"KERNEL32.DLL!GetCurrentProcess",
10046068,1004606c,import,"KERNEL32.DLL!HeapReAlloc",
1004606c,10046070,import,"KERNEL32.DLL!HeapSize",
10046070,10046074,import,"KERNEL32.DLL!RaiseException",
10046074,10046078,import,"KERNEL32.DLL!HeapDestroy",
10046078,1004607c,import,"KERNEL32.DLL!HeapCreate",
1004607c,10046080,import,"KERNEL32.DLL!VirtualFree",
10046080,10046084,import,"KERNEL32.DLL!InitializeCriticalSection",
10046084,10046088,import,"KERNEL32.DLL!DeleteCriticalSection",
10046088,1004608c,import,"KERNEL32.DLL!EnterCriticalSection",
1004608c,10046090,import,"KERNEL32.DLL!LeaveCriticalSection",
10046090,10046094,import,"KERNEL32.DLL!VirtualAlloc",
10046094,10046098,import,"KERNEL32.DLL!WideCharToMultiByte",
10046098,1004609c,import,"KERNEL32.DLL!MultiByteToWideChar",
1004609c,100460a0,import,"KERNEL32.DLL!LCMapStringA",
100460a0,100460a4,import,"KERNEL32.DLL!GetLastError",
100460a4,100460a8,import,"KERNEL32.DLL!CloseHandle",
100460a8,100460ac,import,"KERNEL32.DLL!WriteFile",
100460ac,100460b0,import,"KERNEL32.DLL!GetCurrentThreadId",
100460b0,100460b4,import,"KERNEL32.DLL!SetFilePointer",
100460b4,100460b8,import,"KERNEL32.DLL!TlsFree",
100460b8,100460bc,import,"KERNEL32.DLL!SetLastError",
100460bc,100460c0,import,"KERNEL32.DLL!TlsGetValue",
100460c0,100460c4,import,"KERNEL32.DLL!SetHandleCount",
100460c4,100460c8,import,"KERNEL32.DLL!GetStdHandle",
100460c8,100460cc,import,"KERNEL32.DLL!GetFileType",
100460cc,100460d0,import,"KERNEL32.DLL!GetStartupInfoA",
100460d0,100460d4,import,"KERNEL32.DLL!GetModuleFileNameA",
100460d4,100460d8,import,"KERNEL32.DLL!FreeEnvironmentStringsA",
100460d8,100460dc,import,"KERNEL32.DLL!FreeEnvironmentStringsW",
100460dc,100460e0,import,"KERNEL32.DLL!GetEnvironmentStrings",
100460e0,100460e4,import,"KERNEL32.DLL!GetEnvironmentStringsW",
100460e4,100460e8,import,"KERNEL32.DLL!GetStringTypeA",
100460e8,100460ec,import,"KERNEL32.DLL!GetStringTypeW",
100460ec,100460f0,import,"KERNEL32.DLL!SetStdHandle",
100460f0,100460f4,import,"KERNEL32.DLL!GetCPInfo",
100460f4,100460f8,import,"KERNEL32.DLL!FlushFileBuffers",
100460f8,100460fc,import,"KERNEL32.DLL!CreateFileA",
100460fc,10046100,import,"KERNEL32.DLL!GetACP",
10046100,10046104,import,"KERNEL32.DLL!GetOEMCP",
10046104,10046108,import,"KERNEL32.DLL!LoadLibraryA",
10046108,1004610c,import,"KERNEL32.DLL!SetUnhandledExceptionFilter",
10046110,10046114,import,"USER32.DLL!GetClientRect",
10046114,10046118,import,"USER32.DLL!ClientToScreen",
10046118,1004611c,import,"USER32.DLL!GetDesktopWindow",
1004611c,10046120,import,"USER32.DLL!GetWindowRect",
10046120,10046124,import,"USER32.DLL!AdjustWindowRect",
10046124,10046128,import,"USER32.DLL!SetWindowPos",
10046128,1004612c,import,"USER32.DLL!ShowCursor",
10046130,10046134,import,"WINMM.DLL!timeGetTime",
10046140,10046144,data,"UnkType_VertexBufferPoolA<0>::`vftable'",undefined *
10046144,10046148,data,"DAT_10046144",undefined *
10046148,1004614c,data,"DAT_10046148",undefined *
1004614c,10046150,data,"DAT_1004614c",undefined *
10046150,10046154,data,"DAT_10046150",undefined *
10046154,10046158,data,"DAT_10046154",undefined *
10046158,1004615c,data,"DAT_10046158",undefined *
1004615c,10046160,data,"DAT_1004615c",undefined *
10046160,10046164,data,"UnkType_VertexBufferPoolB<0>::`vftable'",undefined *
10046164,10046168,data,"DAT_10046164",undefined *
10046168,1004616c,data,"DAT_10046168",undefined *
1004616c,10046170,data,"DAT_1004616c",undefined *
10046170,10046174,data,"DAT_10046170",undefined *
10046174,10046178,data,"DAT_10046174",undefined *
10046178,1004617c,data,"DAT_10046178",undefined *
1004617c,10046180,data,"DAT_1004617c",undefined *
10046180,10046184,data,"UnkType_VertexBufferPoolA<1>::`vftable'",undefined *
10046184,10046188,data,"DAT_10046184",undefined *
10046188,1004618c,data,"DAT_10046188",undefined *
1004618c,10046190,data,"DAT_1004618c",undefined *
10046190,10046194,data,"DAT_10046190",undefined *
10046194,10046198,data,"DAT_10046194",undefined *
10046198,1004619c,data,"DAT_10046198",undefined *
1004619c,100461a0,data,"DAT_1004619c",undefined *
100461a0,100461a4,data,"UnkType_VertexBufferPoolB<1>::`vftable'",undefined *
100461a4,100461a8,data,"DAT_100461a4",undefined *
100461a8,100461ac,data,"DAT_100461a8",undefined *
100461ac,100461b0,data,"DAT_100461ac",undefined *
100461b0,100461b4,data,"DAT_100461b0",undefined *
100461b4,100461b8,data,"DAT_100461b4",undefined *
100461b8,100461bc,data,"DAT_100461b8",undefined *
100461bc,100461c0,data,"DAT_100461bc",undefined *
100461d8,100461dc,data,"PFormat::vftable",pointer
10046204,10046208,data,"CMoArray<unsigned_short,DefaultCache>::`vftable'",undefined *
10046208,1004620c,data,"DAT_10046208",undefined *
1004620c,10046210,data,"DAT_1004620c",undefined *
10046210,10046214,data,"DAT_10046210",undefined *
10046214,10046218,data,"DAT_10046214",undefined *
10046218,1004621c,data,"DAT_10046218",undefined *
1004621c,10046220,data,"DAT_1004621c",undefined *
10046220,10046224,data,"DAT_10046220",undefined *
10046224,10046228,data,"DAT_10046224",undefined *
10046228,1004622c,data,"DAT_10046228",undefined *
1004622c,10046230,data,"DAT_1004622c",undefined *
10046230,10046234,data,"DAT_10046230",undefined *
10046234,10046238,data,"CMoArray<TLVertex,DefaultCache>::`vftable'",undefined *
10046238,1004623c,data,"DAT_10046238",undefined *
1004623c,10046240,data,"DAT_1004623c",undefined *
10046240,10046244,data,"DAT_10046240",undefined *
10046244,10046248,data,"DAT_10046244",undefined *
10046248,1004624c,data,"DAT_10046248",undefined *
1004624c,10046250,data,"DAT_1004624c",undefined *
10046250,10046254,data,"DAT_10046250",undefined *
10046254,10046258,data,"DAT_10046254",undefined *
10046258,1004625c,data,"DAT_10046258",undefined *
1004625c,10046260,data,"DAT_1004625c",undefined *
10046260,10046264,data,"DAT_10046260",undefined *
10046264,10046268,data,"CMoArray<LTMatrix,DefaultCache>::`vftable'",undefined *
10046268,1004626c,data,"DAT_10046268",undefined *
1004626c,10046270,data,"DAT_1004626c",undefined *
10046270,10046274,data,"DAT_10046270",undefined *
10046274,10046278,data,"DAT_10046274",undefined *
10046278,1004627c,data,"DAT_10046278",undefined *
1004627c,10046280,data,"DAT_1004627c",undefined *
10046280,10046284,data,"DAT_10046280",undefined *
10046284,10046288,data,"DAT_10046284",undefined *
10046288,1004628c,data,"DAT_10046288",undefined *
1004628c,10046290,data,"DAT_1004628c",undefined *
10046290,10046294,data,"DAT_10046290",undefined *
100462e8,100462ec,data,"D3DShadowTexture::`vftable'",undefined *
100462ec,100462f0,data,"DAT_100462ec",undefined *
100462f0,100462f4,data,"DAT_100462f0",undefined *
100462f4,100462f8,data,"DAT_100462f4",undefined *
100462f8,100462fc,data,"DAT_100462f8",undefined *
100462fc,10046300,data,"DAT_100462fc",undefined *
10046300,10046304,data,"DAT_10046300",undefined *
10046304,10046308,data,"DAT_10046304",undefined *
10046308,1004630c,data,"IShadowTexture::`vftable'",undefined *
1004630c,10046310,data,"DAT_1004630c",undefined *
10046310,10046314,data,"DAT_10046310",undefined *
10046314,10046318,data,"DAT_10046314",undefined *
10046318,1004631c,data,"DAT_10046318",undefined *
1004631c,10046320,data,"DAT_1004631c",undefined *
10046320,10046324,data,"DAT_10046320",undefined *
10046328,1004632c,data,"D3DShadowTextureFactory::vftable",undefined *
1004632c,10046330,data,"DAT_1004632c",undefined *
10046330,10046334,data,"DAT_10046330",undefined *
10046334,10046338,data,"UnkType_ShadowTextureFactoryBase::`vftable'",undefined *
10046338,1004633c,data,"DAT_10046338",undefined *
1004633c,10046340,data,"DAT_1004633c",undefined *
10046340,10046344,data,"CMoArray<unsigned_long,DefaultCache>::`vftable'",undefined *
10046344,10046348,data,"DAT_10046344",undefined *
10046348,1004634c,data,"DAT_10046348",undefined *
1004634c,10046350,data,"DAT_1004634c",undefined *
10046350,10046354,data,"DAT_10046350",undefined *
10046354,10046358,data,"DAT_10046354",undefined *
10046358,1004635c,data,"DAT_10046358",undefined *
1004635c,10046360,data,"DAT_1004635c",undefined *
10046360,10046364,data,"DAT_10046360",undefined *
10046364,10046368,data,"DAT_10046364",undefined *
10046368,1004636c,data,"DAT_10046368",undefined *
1004636c,10046370,data,"DAT_1004636c",undefined *
10046370,10046374,data,"ObjectBank<RTexture,NullCS>::`vftable'",undefined *
10046374,10046378,data,"DAT_10046374",undefined *
10046378,1004637c,data,"DAT_10046378",undefined *
1004637c,10046380,data,"DAT_1004637c",undefined *
10046380,10046384,data,"BaseObjectBank::vftable",undefined *
10046384,10046388,data,"DAT_10046384",undefined *
10046388,1004638c,data,"DAT_10046388",undefined *
1004638c,10046390,data,"DAT_1004638c",undefined *
10046390,10046394,data,"UnkType_RTextureData::`vftable'",undefined *
10046394,10046398,data,"DAT_10046394",undefined *
10046398,1004639c,data,"DAT_10046398",undefined *
1004639c,100463a0,data,"DAT_1004639c",undefined *
100463a0,100463a4,data,"DAT_100463a0",undefined *
100463a4,100463a8,data,"UnkType_RTextureBase::`vftable'",undefined *
100463a8,100463ac,data,"DAT_100463a8",undefined *
100463ac,100463b0,data,"DAT_100463ac",undefined *
100463b0,100463b4,data,"DAT_100463b0",undefined *
100463b4,100463b8,data,"DAT_100463b4",undefined *
100463c8,100463cc,data,"CanvasDrawMgr::`vftable'",undefined *
100463cc,100463d0,data,"DAT_100463cc",undefined *
100463d0,100463d4,data,"DAT_100463d0",undefined *
100463d4,100463d8,data,"DAT_100463d4",undefined *
100463d8,100463dc,data,"DAT_100463d8",undefined *
100463ec,100463f0,data,"ObjectDrawList::vftable",undefined *
100463f0,100463f4,data,"DAT_100463f0",undefined *
100463f4,100463f8,data,"DAT_100463f4",undefined *
100463f8,100463fc,data,"DAT_100463f8",undefined *
100463fc,10046400,data,"DAT_100463fc",undefined *
10046400,10046404,data,"DAT_10046400",undefined *
10046404,10046408,data,"DAT_10046404",undefined *
10046408,1004640c,data,"DAT_10046408",undefined *
1004640c,10046410,data,"DAT_1004640c",undefined *
10046410,10046414,data,"DAT_10046410",undefined *
10046414,10046418,data,"DAT_10046414",undefined *
10046418,1004641c,data,"DAT_10046418",undefined *
1004641c,10046420,data,"CMoArray<ObjectDrawer>::vftable",undefined *
10046420,10046424,data,"DAT_10046420",undefined *
10046424,10046428,data,"DAT_10046424",undefined *
10046428,1004642c,data,"DAT_10046428",undefined *
1004642c,10046430,data,"DAT_1004642c",undefined *
10046430,10046434,data,"DAT_10046430",undefined *
10046434,10046438,data,"DAT_10046434",undefined *
10046438,1004643c,data,"DAT_10046438",undefined *
1004643c,10046440,data,"DAT_1004643c",undefined *
10046440,10046444,data,"DAT_10046440",undefined *
10046444,10046448,data,"DAT_10046444",undefined *
10046448,1004644c,data,"DAT_10046448",undefined *
10046450,10046454,data,"ObjectBank<UnkType_DPMNode,NullCS>::`vftable'",undefined *
10046454,10046458,data,"DAT_10046454",undefined *
10046458,1004645c,data,"DAT_10046458",undefined *
1004645c,10046460,data,"DAT_1004645c",undefined *
10046460,10046464,data,"CMoArray<QVert,DefaultCache>::`vftable'",undefined *
10046464,10046468,data,"DAT_10046464",undefined *
10046468,1004646c,data,"DAT_10046468",undefined *
1004646c,10046470,data,"DAT_1004646c",undefined *
10046470,10046474,data,"DAT_10046470",undefined *
10046474,10046478,data,"DAT_10046474",undefined *
10046478,1004647c,data,"DAT_10046478",undefined *
1004647c,10046480,data,"DAT_1004647c",undefined *
10046480,10046484,data,"DAT_10046480",undefined *
10046484,10046488,data,"DAT_10046484",undefined *
10046488,1004648c,data,"DAT_10046488",undefined *
1004648c,10046490,data,"DAT_1004648c",undefined *
100464a8,100464ac,data,"DAT_100464a8",undefined4
100464c8,100464cc,data,"UnkType_LMPage::`vftable'",undefined *
100464cc,100464d0,data,"DAT_100464cc",undefined *
100464d0,100464d4,data,"DAT_100464d0",undefined *
100464d4,100464d8,data,"DAT_100464d4",undefined *
100464d8,100464dc,data,"DAT_100464d8",undefined *
100464e0,100464e0,label,"__real@8@3fff8000000000000000",Label
100464ec,100464f0,data,"CMoArray<WorldPoly_*,DefaultCache>::`vftable'",undefined *
100464f0,100464f4,data,"DAT_100464f0",undefined *
100464f4,100464f8,data,"DAT_100464f4",undefined *
100464f8,100464fc,data,"DAT_100464f8",undefined *
100464fc,10046500,data,"DAT_100464fc",undefined *
10046500,10046504,data,"DAT_10046500",undefined *
10046504,10046508,data,"DAT_10046504",undefined *
10046508,1004650c,data,"DAT_10046508",undefined *
1004650c,10046510,data,"DAT_1004650c",undefined *
10046510,10046514,data,"DAT_10046510",undefined *
10046514,10046518,data,"DAT_10046514",undefined *
10046518,1004651c,data,"DAT_10046518",undefined *
1004651c,10046520,data,"UnkType_VertexBufferPool::`vftable'",undefined *
10046520,10046524,data,"DAT_10046520",undefined *
10046524,10046528,data,"DAT_10046524",undefined *
10046528,1004652c,data,"DAT_10046528",undefined *
1004652c,10046530,data,"DAT_1004652c",undefined *
10046530,10046534,data,"DAT_10046530",undefined *
10046534,10046538,data,"DAT_10046534",undefined *
10046538,1004653c,data,"DAT_10046538",undefined *
1004653c,10046540,data,"CMoArray<IDirect3DVertexBuffer7_*,DefaultCache>::`vftable'",undefined *
10046540,10046544,data,"DAT_10046540",undefined *
10046544,10046548,data,"DAT_10046544",undefined *
10046548,1004654c,data,"DAT_10046548",undefined *
1004654c,10046550,data,"DAT_1004654c",undefined *
10046550,10046554,data,"DAT_10046550",undefined *
10046554,10046558,data,"DAT_10046554",undefined *
10046558,1004655c,data,"DAT_10046558",undefined *
1004655c,10046560,data,"DAT_1004655c",undefined *
10046560,10046564,data,"DAT_10046560",undefined *
10046564,10046568,data,"DAT_10046564",undefined *
10046568,1004656c,data,"DAT_10046568",undefined *
1004656c,10046570,data,"CMoArray<UnkType_VBCacheEntry,DefaultCache>::`vftable'",undefined *
10046570,10046574,data,"DAT_10046570",undefined *
10046574,10046578,data,"DAT_10046574",undefined *
10046578,1004657c,data,"DAT_10046578",undefined *
1004657c,10046580,data,"DAT_1004657c",undefined *
10046580,10046584,data,"DAT_10046580",undefined *
10046584,10046588,data,"DAT_10046584",undefined *
10046588,1004658c,data,"DAT_10046588",undefined *
1004658c,10046590,data,"DAT_1004658c",undefined *
10046590,10046594,data,"DAT_10046590",undefined *
10046594,10046598,data,"DAT_10046594",undefined *
10046598,1004659c,data,"DAT_10046598",undefined *
1004659c,100465a0,data,"UnkType_VertexBufferCache::`vftable'",undefined *
100465a0,100465a4,data,"DAT_100465a0",undefined *
100465a4,100465a8,data,"DAT_100465a4",undefined *
100465a8,100465ac,data,"DAT_100465a8",undefined *
100465ac,100465b0,data,"DAT_100465ac",undefined *
100465b0,100465b4,data,"DAT_100465b0",undefined *
100465b4,100465b8,data,"DAT_100465b4",undefined *
100465b8,100465bc,data,"DAT_100465b8",undefined *
100465bc,100465c0,data,"IID_IDirect3DTnLHalDevice",undefined4
100465c0,100465c4,data,"DAT_100465c0",undefined4
100465c4,100465c8,data,"DAT_100465c4",undefined4
100465c8,100465cc,data,"DAT_100465c8",undefined4
100465cc,100465d0,data,"IID_IDirect3DRefDevice",undefined4
100465d0,100465d4,data,"DAT_100465d0",undefined4
100465d4,100465d8,data,"DAT_100465d4",undefined4
100465d8,100465dc,data,"DAT_100465d8",undefined4
100465dc,100465e0,data,"IID_IDirect3DMMXDevice",undefined4
100465e0,100465e4,data,"DAT_100465e0",undefined4
100465e4,100465e8,data,"DAT_100465e4",undefined4
100465e8,100465ec,data,"DAT_100465e8",undefined4
100465ec,100465f0,data,"IID_IDirect3DHALDevice",undefined4
100465f0,100465f4,data,"DAT_100465f0",undefined4
100465f4,100465f8,data,"DAT_100465f4",undefined4
100465f8,100465fc,data,"DAT_100465f8",undefined4
100465fc,10046600,data,"IID_IDirect3DRGBDevice",undefined4
10046600,10046604,data,"DAT_10046600",undefined4
10046604,10046608,data,"DAT_10046604",undefined4
10046608,1004660c,data,"DAT_10046608",undefined4
1004660c,1004660c,label,"IID_IDirect3D7",Label
1004661c,1004661c,label,"IID_IDirectDrawGammaControl",Label
1004662c,10046630,data,"IID_IDirectDraw7",IID *
1004663c,1004663c,label,"IID_IDirectDraw4",Label
1004664c,10046650,data,"LAlloc::vftable",undefined *
10046650,10046654,data,"DAT_10046650",undefined *
10046654,10046658,data,"DAT_10046654",undefined *
10046658,10046658,label,"__real@8@4015800bf60000000000",Label
10046660,10046660,label,"__real@8@4014bffffc0000000000",Label
10046666,10046684,data,"DAT_10046666",string
10046668,10046668,label,"string",Label
10046684,1004668d,data,"string",string
10046690,10046690,label,"__real@8@00000000000000000000",Label
10046698,1004669e,data,"string",string
100466a0,100466a0,label,"string",Label
100466a4,100466a4,label,"string",Label
100466a8,100466a8,label,"string",Label
100466ac,100466ac,label,"string",Label
100466b4,100466b4,label,"string",Label
100466bc,100466bc,label,"string",Label
100466c4,100466c4,label,"string",Label
100466cc,100466cc,label,"string",Label
100466d4,100466d4,label,"string",Label
100466dc,100466dc,label,"string",Label
100466e4,100466ec,data,"string",string
100466ec,100466ec,label,"string",Label
100466f4,100466f4,label,"string",Label
100466f8,100466f8,label,"string",Label
100466fc,100466fc,label,"string",Label
10046700,10046700,label,"string",Label
10046708,10046708,label,"string",Label
10046710,10046710,label,"string",Label
10046718,10046718,label,"string",Label
10046720,10046720,label,"string",Label
10046728,10046728,label,"string",Label
10046730,10046730,label,"string",Label
10046738,10046738,label,"string",Label
10046740,10046740,label,"string",Label
10046748,10046748,label,"string",Label
1004674c,1004674c,label,"string",Label
10046750,10046750,label,"string",Label
10046760,10046760,label,"One",Label
10046768,1004676a,data,"__DEFAULT_CW_in_mem",undefined2
1004676a,1004676a,label,"__pi_by_2_to_61",Label
10046774,10046774,label,"DblMax",Label
1004677c,1004677c,label,"DblMin",Label
10046784,10046784,label,"IeeeAdjO",Label
1004678c,1004678c,label,"IeeeAdjU",Label
10046794,10046794,label,"_infinity",Label
1004679c,1004679c,label,"_zero",Label
100467a4,100467a4,label,"___lookuptable",Label
10046800,10046802,data,"string",undefined2
10046802,1004680e,data,"u_null)_10046802",unicode
10046810,10046811,data,"string",undefined1
10046811,10046817,data,"s_null)_10046811",string
10046818,1004681c,data,"string",LPCSTR
1004681c,10046820,data,"string",LPCWSTR
10046838,10046838,label,"__real@8@40008000000000000000",Label
10046840,10046840,label,"DblMax",Label
10046848,10046848,label,"DblMin",Label
10046850,10046850,label,"IeeeAdjO",Label
10046858,10046858,label,"IeeeAdjU",Label
10046860,10046860,label,"_infinity",Label
10046868,10046868,label,"_zero",Label
10046870,10046880,data,"string",string
10046880,10046880,label,"string",Label
10046884,10046894,data,"string",string
10046894,100468a4,data,"string",string
100468a4,100468b4,data,"string",string
100468b4,100468dc,data,"string",string
100468dc,10046914,data,"string",string
10046914,1004694c,data,"string",string
1004694c,10046974,data,"string",string
10046974,100469ac,data,"string",string
100469ac,100469d8,data,"string",string
100469d8,100469fc,data,"string",string
100469fc,10046a2c,data,"string",string
10046a2c,10046a58,data,"string",string
10046a58,10046a7c,data,"string",string
10046a7c,10046aa8,data,"string",string
10046aa8,10046ad4,data,"string",string
10046ad4,10046afc,data,"string",string
10046afc,10046b21,data,"string",string
10046b24,10046b24,label,"string",Label
10046b28,10046b42,data,"string",string
10046b44,10046b44,label,"string",Label
10046b48,10046b5f,data,"string",string
10046b84,10046b97,data,"string",string
10046b98,10046ba8,data,"string",string
10046ba8,10046bb4,data,"string",string
10046bb4,10046bbf,data,"string",string
10046bc0,10046bc7,data,"string",string
10046bc8,10046bce,data,"string",string
10046bd0,10046bd6,data,"string",string
10046bd8,10046bdf,data,"string",string
10046be0,10046be8,data,"s_H:mm:ss_10046be0",string
10046be8,10046bfc,data,"s_dddd,_MMMM_dd,_yyyy_10046be8",string
10046bfc,10046c03,data,"s_M/d/yy_10046bfc",string
10046c0c,10046c15,data,"s_December_10046c0c",string
10046c18,10046c21,data,"s_November_10046c18",string
10046c24,10046c2c,data,"s_October_10046c24",string
10046c2c,10046c36,data,"s_September_10046c2c",string
10046c38,10046c3f,data,"s_August_10046c38",string
10046c50,10046c56,data,"s_April_10046c50",string
10046c58,10046c5e,data,"s_March_10046c58",string
10046c60,10046c69,data,"s_February_10046c60",string
10046c6c,10046c74,data,"s_January_10046c6c",string
10046ca4,10046cad,data,"s_Saturday_10046ca4",string
10046cb0,10046cb7,data,"s_Friday_10046cb0",string
10046cb8,10046cc1,data,"s_Thursday_10046cb8",string
10046cc4,10046cce,data,"s_Wednesday_10046cc4",string
10046cd0,10046cd8,data,"s_Tuesday_10046cd0",string
10046cd8,10046cdf,data,"s_Monday_10046cd8",string
10046ce0,10046ce7,data,"s_Sunday_10046ce0",string
10046d04,10046d1c,data,"DAT_10046d04",string
10046d1c,10046d44,data,"DAT_10046d1c",string
10046d48,10046d4c,data,"DWORD_10046d48",dword
10046d4c,10046d50,data,"DAT_10046d4c",dword
10046d50,10046d54,data,"DAT_10046d50",dword
10046d54,10046d58,data,"DAT_10046d54",dword
10046d58,10046d5c,data,"DAT_10046d58",dword
10046d5c,10046d60,data,"DAT_10046d5c",dword
10046d60,10046d64,data,"DAT_10046d60",dword
10046d64,10046d68,data,"DAT_10046d64",dword
10046d68,10046d6c,data,"DAT_10046d68",dword
10046d6c,10046d70,data,"DAT_10046d6c",dword
10046d70,10046d74,data,"DAT_10046d70",dword
10046d74,10046d78,data,"DAT_10046d74",dword
10046d78,10046d7c,data,"DAT_10046d78",dword
10046d7c,10046d80,data,"DAT_10046d7c",dword
10046d80,10046d84,data,"DAT_10046d80",dword
10046d84,10046d88,data,"DAT_10046d84",dword
10046d88,10046d8c,data,"DAT_10046d88",dword
10046d8c,10046d90,data,"DAT_10046d8c",dword
10046d90,10046d94,data,"DAT_10046d90",dword
10046d94,10046d98,data,"DAT_10046d94",dword
10046dac,10046db0,data,"DAT_10046dac",dword
10046db0,10046db4,data,"DAT_10046db0",dword
10046db4,10046db8,data,"DAT_10046db4",dword
10046dbc,10046dc0,data,"DAT_10046dbc",dword
10046dc0,10046dc4,data,"DAT_10046dc0",dword
10046dc4,10046dc8,data,"DAT_10046dc4",dword
10046dc8,10046dcc,data,"DAT_10046dc8",dword
10046dcc,10046dd0,data,"DAT_10046dcc",dword
10046dd0,10046dd4,data,"DAT_10046dd0",dword
10046dd4,10046dd8,data,"DAT_10046dd4",dword
10046dd8,10046ddc,data,"DAT_10046dd8",dword
10046ddc,10046de0,data,"DAT_10046ddc",dword
10046de0,10046de4,data,"DAT_10046de0",dword
10046de4,10046de8,data,"DAT_10046de4",dword
10046de8,10046dec,data,"DAT_10046de8",dword
10046dec,10046df0,data,"DAT_10046dec",dword
10046df0,10046df4,data,"DAT_10046df0",dword
10046df4,10046df8,data,"DAT_10046df4",dword
10046df8,10046dfc,data,"DAT_10046df8",dword
10046dfc,10046e00,data,"DAT_10046dfc",dword
10046e00,10046e04,data,"DAT_10046e00",dword
10046e04,10046e08,data,"DAT_10046e04",dword
10046e08,10046e0c,data,"DAT_10046e08",dword
10046e0c,10046e10,data,"DAT_10046e0c",dword
10046e10,10046e14,data,"DAT_10046e10",dword
10046e14,10046e18,data,"DAT_10046e14",dword
10046e18,10046e1c,data,"DAT_10046e18",dword
10046e1c,10046e20,data,"DAT_10046e1c",dword
10046e20,10046e24,data,"DAT_10046e20",dword
10046e24,10046e28,data,"DAT_10046e24",dword
10046e28,10046e2c,data,"DAT_10046e28",dword
10046e2c,10046e30,data,"DAT_10046e2c",dword
10046e30,10046e34,data,"DAT_10046e30",dword
10046e34,10046e38,data,"DAT_10046e34",dword
10046e38,10046e3c,data,"DAT_10046e38",dword
10046e3c,10046e40,data,"DAT_10046e3c",dword
10046e40,10046e44,data,"DAT_10046e40",dword
10046e44,10046e48,data,"DAT_10046e44",dword
10046e48,10046e4c,data,"DAT_10046e48",dword
10046e4c,10046e50,data,"DAT_10046e4c",dword
10046e50,10046e54,data,"DAT_10046e50",dword
10046e54,10046e58,data,"DAT_10046e54",dword
10046e58,10046e5c,data,"DAT_10046e58",dword
10046e5c,10046e60,data,"DAT_10046e5c",dword
10046e60,10046e64,data,"DAT_10046e60",dword
10046e64,10046e68,data,"DAT_10046e64",dword
10046e68,10046e6c,data,"DAT_10046e68",dword
10046e6c,10046e70,data,"DAT_10046e6c",dword
10046e70,10046e74,data,"DAT_10046e70",dword
10046e74,10046e78,data,"DAT_10046e74",dword
10046e78,10046e7c,data,"DAT_10046e78",dword
10046e7c,10046e80,data,"DAT_10046e7c",dword
10046e80,10046e84,data,"DAT_10046e80",dword
10046e84,10046e88,data,"DAT_10046e84",dword
10046e88,10046e8c,data,"DAT_10046e88",dword
10046e8c,10046e90,data,"DAT_10046e8c",dword
10046e90,10046e94,data,"DAT_10046e90",dword
10046e94,10046e98,data,"DAT_10046e94",dword
10046e98,10046e9c,data,"DAT_10046e98",dword
10046e9c,10046ea0,data,"DAT_10046e9c",dword
10046ea0,10046ea4,data,"DAT_10046ea0",dword
10046ea4,10046ea8,data,"DAT_10046ea4",dword
10046ea8,10046eac,data,"DAT_10046ea8",dword
10046eac,10046eb0,data,"DAT_10046eac",dword
10046eb0,10046eb4,data,"DAT_10046eb0",dword
10046eb4,10046eb8,data,"DAT_10046eb4",dword
10046ebc,10046ec0,data,"DAT_10046ebc",dword
10046ec0,10046ec4,data,"DAT_10046ec0",dword
10046ec4,10046ec8,data,"DAT_10046ec4",dword
10046ec8,10046ecc,data,"DAT_10046ec8",dword
10046ecc,10046ed0,data,"DAT_10046ecc",dword
10046ed0,10046ed4,data,"DAT_10046ed0",dword
10046ed4,10046ed8,data,"DAT_10046ed4",dword
10046edc,10046ee0,data,"DAT_10046edc",dword
10046ee4,10046ee6,data,"DAT_10046ee4",word
10046ee6,10046ef7,data,"DAT_10046ee6",TerminatedCString
10046ef8,10046efa,data,"DAT_10046ef8",word
10046efa,10046f0d,data,"DAT_10046efa",TerminatedCString
10046f0e,10046f10,data,"DAT_10046f0e",word
10046f10,10046f25,data,"DAT_10046f10",TerminatedCString
10046f26,10046f30,data,"DAT_10046f26",TerminatedCString
10046f30,10046f32,data,"DAT_10046f30",word
10046f32,10046f3e,data,"DAT_10046f32",TerminatedCString
10046f3e,10046f48,data,"DAT_10046f3e",TerminatedCString
10046f48,10046f4a,data,"DAT_10046f48",word
10046f4a,10046f64,data,"DAT_10046f4a",TerminatedCString
10046f64,10046f66,data,"DAT_10046f64",word
10046f66,10046f7e,data,"DAT_10046f66",TerminatedCString
10046f7e,10046f80,data,"DAT_10046f7e",word
10046f80,10046f86,data,"DAT_10046f80",TerminatedCString
10046f86,10046f88,data,"DAT_10046f86",word
10046f88,10046f9c,data,"DAT_10046f88",TerminatedCString
10046f9c,10046f9e,data,"DAT_10046f9c",word
10046f9e,10046fad,data,"DAT_10046f9e",TerminatedCString
10046fae,10046fb0,data,"DAT_10046fae",word
10046fb0,10046fc1,data,"DAT_10046fb0",TerminatedCString
10046fc2,10046fcf,data,"DAT_10046fc2",TerminatedCString
10046fd0,10046fd2,data,"DAT_10046fd0",word
10046fd2,10046fdd,data,"DAT_10046fd2",TerminatedCString
10046fde,10046fe0,data,"DAT_10046fde",word
10046fe0,10046fed,data,"DAT_10046fe0",TerminatedCString
10046fee,10046ff0,data,"DAT_10046fee",word
10046ff0,10047001,data,"DAT_10046ff0",TerminatedCString
10047002,10047004,data,"DAT_10047002",word
10047004,10047012,data,"DAT_10047004",TerminatedCString
10047012,10047014,data,"DAT_10047012",word
10047014,10047025,data,"DAT_10047014",TerminatedCString
10047026,10047028,data,"DAT_10047026",word
10047028,10047037,data,"DAT_10047028",TerminatedCString
10047038,1004703a,data,"DAT_10047038",word
1004703a,10047048,data,"DAT_1004703a",TerminatedCString
10047048,10047053,data,"DAT_10047048",TerminatedCString
10047054,10047056,data,"DAT_10047054",word
10047056,10047060,data,"DAT_10047056",TerminatedCString
10047060,10047062,data,"DAT_10047060",word
10047062,1004706b,data,"DAT_10047062",TerminatedCString
1004706c,1004706e,data,"DAT_1004706c",word
1004706e,10047083,data,"DAT_1004706e",TerminatedCString
10047084,10047086,data,"DAT_10047084",word
10047086,1004709b,data,"DAT_10047086",TerminatedCString
1004709c,1004709e,data,"DAT_1004709c",word
1004709e,100470ae,data,"DAT_1004709e",TerminatedCString
100470ae,100470b0,data,"DAT_100470ae",word
100470b0,100470bb,data,"DAT_100470b0",TerminatedCString
100470bc,100470be,data,"DAT_100470bc",word
100470be,100470c8,data,"DAT_100470be",TerminatedCString
100470c8,100470ca,data,"DAT_100470c8",word
100470ca,100470d6,data,"DAT_100470ca",TerminatedCString
100470d6,100470d8,data,"DAT_100470d6",word
100470d8,100470e9,data,"DAT_100470d8",TerminatedCString
100470ea,100470ec,data,"DAT_100470ea",word
100470ec,100470fe,data,"DAT_100470ec",TerminatedCString
100470fe,10047100,data,"DAT_100470fe",word
10047100,1004710c,data,"DAT_10047100",TerminatedCString
1004710c,1004710e,data,"DAT_1004710c",word
1004710e,10047117,data,"DAT_1004710e",TerminatedCString
10047118,1004711a,data,"DAT_10047118",word
1004711a,10047129,data,"DAT_1004711a",TerminatedCString
1004712a,1004712c,data,"DAT_1004712a",word
1004712c,10047138,data,"DAT_1004712c",TerminatedCString
10047138,1004713a,data,"DAT_10047138",word
1004713a,10047145,data,"DAT_1004713a",TerminatedCString
10047146,10047148,data,"DAT_10047146",word
10047148,10047154,data,"DAT_10047148",TerminatedCString
10047154,10047156,data,"DAT_10047154",word
10047156,10047170,data,"DAT_10047156",TerminatedCString
10047170,10047172,data,"DAT_10047170",word
10047172,10047188,data,"DAT_10047172",TerminatedCString
10047188,1004718a,data,"DAT_10047188",word
1004718a,1004719f,data,"DAT_1004718a",TerminatedCString
100471a0,100471a2,data,"DAT_100471a0",word
100471a2,100471b7,data,"DAT_100471a2",TerminatedCString
100471b8,100471ba,data,"DAT_100471b8",word
100471ba,100471c7,data,"DAT_100471ba",TerminatedCString
100471c8,100471ca,data,"DAT_100471c8",word
100471ca,100471de,data,"DAT_100471ca",TerminatedCString
100471de,100471e0,data,"DAT_100471de",word
100471e0,100471f4,data,"DAT_100471e0",TerminatedCString
100471f4,100471f6,data,"DAT_100471f4",word
100471f6,10047203,data,"DAT_100471f6",TerminatedCString
10047204,10047206,data,"DAT_10047204",word
10047206,10047213,data,"DAT_10047206",TerminatedCString
10047214,10047216,data,"DAT_10047214",word
10047216,10047223,data,"DAT_10047216",TerminatedCString
10047224,10047226,data,"DAT_10047224",word
10047226,10047232,data,"DAT_10047226",TerminatedCString
10047232,10047234,data,"DAT_10047232",word
10047234,1004723d,data,"DAT_10047234",TerminatedCString
1004723e,10047240,data,"DAT_1004723e",word
10047240,1004724a,data,"DAT_10047240",TerminatedCString
1004724a,1004724c,data,"DAT_1004724a",word
1004724c,1004725f,data,"DAT_1004724c",TerminatedCString
10047260,10047262,data,"DAT_10047260",word
10047262,1004726e,data,"DAT_10047262",TerminatedCString
1004726e,10047270,data,"DAT_1004726e",word
10047270,10047279,data,"DAT_10047270",TerminatedCString
1004727a,1004727c,data,"DAT_1004727a",word
1004727c,10047284,data,"DAT_1004727c",TerminatedCString
10047284,10047286,data,"DAT_10047284",word
10047286,10047293,data,"DAT_10047286",TerminatedCString
10047294,10047296,data,"DAT_10047294",word
10047296,100472a2,data,"DAT_10047296",TerminatedCString
100472a2,100472a4,data,"DAT_100472a2",word
100472a4,100472b3,data,"DAT_100472a4",TerminatedCString
100472b4,100472b6,data,"DAT_100472b4",word
100472b6,100472c3,data,"DAT_100472b6",TerminatedCString
100472c4,100472c6,data,"DAT_100472c4",word
100472c6,100472d2,data,"DAT_100472c6",TerminatedCString
100472d2,100472d4,data,"DAT_100472d2",word
100472d4,100472e4,data,"DAT_100472d4",TerminatedCString
100472e4,100472e6,data,"DAT_100472e4",word
100472e6,100472f9,data,"DAT_100472e6",TerminatedCString
100472fa,100472fc,data,"DAT_100472fa",word
100472fc,10047314,data,"DAT_100472fc",TerminatedCString
10047314,10047316,data,"DAT_10047314",word
10047316,1004732e,data,"DAT_10047316",TerminatedCString
1004732e,10047330,data,"DAT_1004732e",word
10047330,10047346,data,"DAT_10047330",TerminatedCString
10047346,10047348,data,"DAT_10047346",word
10047348,1004735f,data,"DAT_10047348",TerminatedCString
10047360,10047362,data,"DAT_10047360",word
10047362,10047371,data,"DAT_10047362",TerminatedCString
10047372,10047374,data,"DAT_10047372",word
10047374,10047383,data,"DAT_10047374",TerminatedCString
10047384,10047386,data,"DAT_10047384",word
10047386,10047395,data,"DAT_10047386",TerminatedCString
10047396,10047398,data,"DAT_10047396",word
10047398,100473a2,data,"DAT_10047398",TerminatedCString
100473a2,100473a4,data,"DAT_100473a2",word
100473a4,100473b1,data,"DAT_100473a4",TerminatedCString
100473b2,100473b4,data,"DAT_100473b2",word
100473b4,100473c5,data,"DAT_100473b4",TerminatedCString
100473c6,100473c8,data,"DAT_100473c6",word
100473c8,100473d4,data,"DAT_100473c8",TerminatedCString
100473d4,100473d6,data,"DAT_100473d4",word
100473d6,100473dd,data,"DAT_100473d6",TerminatedCString
100473de,100473e0,data,"DAT_100473de",word
100473e0,100473e9,data,"DAT_100473e0",TerminatedCString
100473ea,100473ec,data,"DAT_100473ea",word
100473ec,100473f9,data,"DAT_100473ec",TerminatedCString
100473fa,100473fc,data,"DAT_100473fa",word
100473fc,10047418,data,"DAT_100473fc",TerminatedCString
10047418,1004741a,data,"DAT_10047418",word
1004741a,10047427,data,"DAT_1004741a",TerminatedCString
10047428,1004742a,data,"DAT_10047428",word
1004742a,10047437,data,"DAT_1004742a",TerminatedCString
10047440,10047468,data,"IMAGE_DIRECTORY_ENTRY_EXPORT_10047440",IMAGE_DIRECTORY_ENTRY_EXPORT
10047468,1004746c,data,"DAT_10047468",ImageBaseOffset32
1004746c,10047470,data,"DAT_1004746c",ImageBaseOffset32
10047470,10047474,data,"DAT_10047470",ImageBaseOffset32
10047474,10047478,data,"DAT_10047474",ImageBaseOffset32
10047478,1004747c,data,"DAT_10047478",ImageBaseOffset32
1004747c,10047480,data,"DAT_1004747c",ImageBaseOffset32
10047480,10047482,data,"WORD_10047480",word
10047482,10047484,data,"DAT_10047482",word
10047484,10047486,data,"DAT_10047484",word
10047486,1004748e,data,"s_d3d.ren_10047486",TerminatedCString
1004748e,1004749b,data,"s_FreeModeList_1004748e",TerminatedCString
1004749b,100474ad,data,"s_GetSupportedModes_1004749b",TerminatedCString
100474ad,100474bc,data,"s_RenderDLLSetup_100474ad",TerminatedCString
10048000,10048000,label,"__xc_a",Label
10048004,10048008,data,"DAT_10048004",undefined *
10048008,1004800c,data,"DAT_10048008",undefined *
1004800c,10048010,data,"DAT_1004800c",undefined *
10048010,10048014,data,"DAT_10048010",undefined *
10048014,10048018,data,"DAT_10048014",undefined *
10048018,1004801c,data,"DAT_10048018",undefined *
1004801c,10048020,data,"DAT_1004801c",undefined *
10048020,10048024,data,"DAT_10048020",undefined *
10048024,10048028,data,"DAT_10048024",undefined *
10048028,1004802c,data,"DAT_10048028",undefined *
1004802c,10048030,data,"DAT_1004802c",undefined *
10048030,10048034,data,"DAT_10048030",undefined *
10048034,10048038,data,"DAT_10048034",undefined *
10048038,1004803c,data,"DAT_10048038",undefined *
1004803c,10048040,data,"DAT_1004803c",undefined *
10048040,10048044,data,"DAT_10048040",undefined *
10048044,10048048,data,"DAT_10048044",undefined *
10048048,1004804c,data,"DAT_10048048",undefined *
1004804c,10048050,data,"DAT_1004804c",undefined *
10048050,10048054,data,"DAT_10048050",undefined *
10048054,10048058,data,"DAT_10048054",undefined *
10048058,1004805c,data,"DAT_10048058",undefined *
1004805c,10048060,data,"DAT_1004805c",undefined *
10048060,10048064,data,"DAT_10048060",undefined *
10048064,10048068,data,"DAT_10048064",undefined *
10048068,1004806c,data,"DAT_10048068",undefined *
1004806c,10048070,data,"DAT_1004806c",undefined *
10048070,10048074,data,"DAT_10048070",undefined *
10048074,10048078,data,"DAT_10048074",undefined *
10048078,1004807c,data,"DAT_10048078",undefined *
1004807c,10048080,data,"DAT_1004807c",undefined *
10048080,10048084,data,"DAT_10048080",undefined *
10048084,10048088,data,"DAT_10048084",undefined *
10048088,1004808c,data,"DAT_10048088",undefined *
1004808c,10048090,data,"DAT_1004808c",undefined *
10048090,10048094,data,"DAT_10048090",undefined *
10048094,10048098,data,"DAT_10048094",undefined *
10048098,1004809c,data,"DAT_10048098",undefined *
1004809c,100480a0,data,"DAT_1004809c",undefined *
100480a0,100480a4,data,"DAT_100480a0",undefined *
100480a4,100480a8,data,"DAT_100480a4",undefined *
100480a8,100480ac,data,"DAT_100480a8",undefined *
100480ac,100480b0,data,"DAT_100480ac",undefined *
100480b0,100480b4,data,"DAT_100480b0",undefined *
100480b4,100480b8,data,"DAT_100480b4",undefined *
100480b8,100480bc,data,"DAT_100480b8",undefined *
100480bc,100480c0,data,"DAT_100480bc",undefined *
100480c0,100480c4,data,"DAT_100480c0",undefined *
100480c4,100480c8,data,"DAT_100480c4",undefined *
100480c8,100480cc,data,"DAT_100480c8",undefined *
100480cc,100480d0,data,"DAT_100480cc",undefined *
100480d0,100480d4,data,"DAT_100480d0",undefined *
100480d4,100480d8,data,"DAT_100480d4",undefined *
100480d8,100480dc,data,"DAT_100480d8",undefined *
100480dc,100480e0,data,"DAT_100480dc",undefined *
100480e0,100480e4,data,"DAT_100480e0",undefined *
100480e4,100480e8,data,"DAT_100480e4",undefined *
100480e8,100480ec,data,"DAT_100480e8",undefined *
100480ec,100480f0,data,"DAT_100480ec",undefined *
100480f0,100480f4,data,"DAT_100480f0",undefined *
100480f4,100480f8,data,"DAT_100480f4",undefined *
100480f8,100480fc,data,"DAT_100480f8",undefined *
100480fc,10048100,data,"DAT_100480fc",undefined *
10048100,10048104,data,"DAT_10048100",undefined *
10048104,10048108,data,"DAT_10048104",undefined *
10048108,1004810c,data,"DAT_10048108",undefined *
1004810c,10048110,data,"DAT_1004810c",undefined *
10048110,10048114,data,"DAT_10048110",undefined *
10048114,10048118,data,"DAT_10048114",undefined *
10048118,1004811c,data,"DAT_10048118",undefined *
1004811c,10048120,data,"DAT_1004811c",undefined *
10048120,10048124,data,"DAT_10048120",undefined *
10048124,10048128,data,"DAT_10048124",undefined *
10048128,1004812c,data,"DAT_10048128",undefined *
1004812c,10048130,data,"DAT_1004812c",undefined *
10048130,10048134,data,"DAT_10048130",undefined *
10048134,10048138,data,"DAT_10048134",undefined *
10048138,1004813c,data,"DAT_10048138",undefined *
1004813c,10048140,data,"DAT_1004813c",undefined *
10048140,10048144,data,"DAT_10048140",undefined *
10048144,10048148,data,"DAT_10048144",undefined *
10048148,1004814c,data,"DAT_10048148",undefined *
1004814c,10048150,data,"DAT_1004814c",undefined *
10048150,10048154,data,"DAT_10048150",undefined *
10048154,10048158,data,"DAT_10048154",undefined *
10048158,1004815c,data,"DAT_10048158",undefined *
1004815c,10048160,data,"DAT_1004815c",undefined *
10048160,10048164,data,"DAT_10048160",undefined *
10048164,10048168,data,"DAT_10048164",undefined *
10048168,1004816c,data,"DAT_10048168",undefined *
1004816c,10048170,data,"DAT_1004816c",undefined *
10048170,10048174,data,"DAT_10048170",undefined *
10048174,10048178,data,"DAT_10048174",undefined *
10048178,1004817c,data,"DAT_10048178",undefined *
1004817c,10048180,data,"DAT_1004817c",undefined *
10048180,10048184,data,"DAT_10048180",undefined *
10048184,10048188,data,"DAT_10048184",undefined *
10048188,1004818c,data,"DAT_10048188",undefined *
1004818c,10048190,data,"DAT_1004818c",undefined *
10048190,10048194,data,"DAT_10048190",undefined *
10048194,10048198,data,"DAT_10048194",undefined *
10048198,1004819c,data,"DAT_10048198",undefined *
1004819c,100481a0,data,"DAT_1004819c",undefined *
100481a0,100481a4,data,"DAT_100481a0",undefined *
100481a4,100481a8,data,"DAT_100481a4",undefined *
100481a8,100481ac,data,"DAT_100481a8",undefined *
100481ac,100481b0,data,"DAT_100481ac",undefined *
100481b0,100481b4,data,"DAT_100481b0",undefined *
100481b4,100481b8,data,"DAT_100481b4",undefined *
100481b8,100481bc,data,"DAT_100481b8",undefined *
100481bc,100481c0,data,"DAT_100481bc",undefined *
100481c0,100481c4,data,"DAT_100481c0",undefined *
100481c4,100481c8,data,"DAT_100481c4",undefined *
100481c8,100481cc,data,"DAT_100481c8",undefined *
100481cc,100481d0,data,"DAT_100481cc",undefined *
100481d0,100481d4,data,"DAT_100481d0",undefined *
100481d4,100481d8,data,"DAT_100481d4",undefined *
100481d8,100481dc,data,"DAT_100481d8",undefined *
100481dc,100481e0,data,"DAT_100481dc",undefined *
100481e0,100481e4,data,"DAT_100481e0",undefined *
100481e4,100481e8,data,"DAT_100481e4",undefined *
100481e8,100481ec,data,"DAT_100481e8",undefined *
100481ec,100481f0,data,"DAT_100481ec",undefined *
100481f0,100481f4,data,"DAT_100481f0",undefined *
100481f4,100481f8,data,"DAT_100481f4",undefined *
100481f8,100481fc,data,"DAT_100481f8",undefined *
100481fc,10048200,data,"DAT_100481fc",undefined *
10048200,10048204,data,"DAT_10048200",undefined *
10048204,10048208,data,"DAT_10048204",undefined *
10048208,1004820c,data,"DAT_10048208",undefined *
1004820c,10048210,data,"DAT_1004820c",undefined *
10048210,10048214,data,"DAT_10048210",undefined *
10048214,10048218,data,"DAT_10048214",undefined *
10048218,1004821c,data,"DAT_10048218",undefined *
1004821c,10048220,data,"DAT_1004821c",undefined *
10048220,10048224,data,"DAT_10048220",undefined *
10048224,10048228,data,"DAT_10048224",undefined *
10048228,1004822c,data,"DAT_10048228",undefined *
1004822c,10048230,data,"DAT_1004822c",undefined *
10048230,10048234,data,"DAT_10048230",undefined *
10048234,10048238,data,"DAT_10048234",undefined *
10048238,1004823c,data,"DAT_10048238",undefined *
1004823c,10048240,data,"DAT_1004823c",undefined *
10048240,10048244,data,"DAT_10048240",undefined *
10048244,10048248,data,"DAT_10048244",undefined *
10048248,1004824c,data,"DAT_10048248",undefined *
1004824c,10048250,data,"DAT_1004824c",undefined *
10048250,10048254,data,"DAT_10048250",undefined *
10048254,10048258,data,"DAT_10048254",undefined *
10048258,1004825c,data,"DAT_10048258",undefined *
1004825c,10048260,data,"DAT_1004825c",undefined *
10048260,10048264,data,"DAT_10048260",undefined *
10048264,10048268,data,"DAT_10048264",undefined *
10048268,1004826c,data,"DAT_10048268",undefined *
1004826c,10048270,data,"DAT_1004826c",undefined *
10048270,10048274,data,"DAT_10048270",undefined *
10048274,10048278,data,"DAT_10048274",undefined *
10048278,1004827c,data,"DAT_10048278",undefined *
1004827c,10048280,data,"DAT_1004827c",undefined *
10048280,10048284,data,"DAT_10048280",undefined *
10048284,10048288,data,"DAT_10048284",undefined *
10048288,1004828c,data,"DAT_10048288",undefined *
1004828c,10048290,data,"DAT_1004828c",undefined *
10048290,10048294,data,"DAT_10048290",undefined *
10048294,10048298,data,"DAT_10048294",undefined *
10048298,1004829c,data,"DAT_10048298",undefined *
1004829c,100482a0,data,"DAT_1004829c",undefined *
100482a0,100482a4,data,"DAT_100482a0",undefined *
100482a4,100482a8,data,"DAT_100482a4",undefined *
100482a8,100482ac,data,"DAT_100482a8",undefined *
100482ac,100482b0,data,"DAT_100482ac",undefined *
100482b0,100482b4,data,"DAT_100482b0",undefined *
100482b4,100482b8,data,"DAT_100482b4",undefined *
100482b8,100482bc,data,"DAT_100482b8",undefined *
100482bc,100482c0,data,"DAT_100482bc",undefined *
100482c0,100482c4,data,"DAT_100482c0",undefined *
100482c4,100482c8,data,"DAT_100482c4",undefined *
100482c8,100482cc,data,"DAT_100482c8",undefined *
100482cc,100482d0,data,"DAT_100482cc",undefined *
100482d0,100482d4,data,"DAT_100482d0",undefined *
100482d4,100482d8,data,"DAT_100482d4",undefined *
100482d8,100482dc,data,"DAT_100482d8",undefined *
100482dc,100482e0,data,"DAT_100482dc",undefined *
100482e0,100482e4,data,"DAT_100482e0",undefined *
100482e4,100482e8,data,"DAT_100482e4",undefined *
100482e8,100482ec,data,"DAT_100482e8",undefined *
100482ec,100482f0,data,"DAT_100482ec",undefined *
100482f0,100482f4,data,"DAT_100482f0",undefined *
100482f4,100482f8,data,"DAT_100482f4",undefined *
100482f8,100482fc,data,"DAT_100482f8",undefined *
100482fc,10048300,data,"DAT_100482fc",undefined *
10048300,10048304,data,"DAT_10048300",undefined *
10048304,10048308,data,"DAT_10048304",undefined *
10048308,1004830c,data,"DAT_10048308",undefined *
1004830c,10048310,data,"DAT_1004830c",undefined *
10048310,10048314,data,"DAT_10048310",undefined *
10048314,10048318,data,"DAT_10048314",undefined *
10048318,1004831c,data,"DAT_10048318",undefined *
1004831c,10048320,data,"DAT_1004831c",undefined *
10048320,10048324,data,"DAT_10048320",undefined *
10048324,10048328,data,"DAT_10048324",undefined *
10048328,1004832c,data,"DAT_10048328",undefined *
1004832c,10048330,data,"DAT_1004832c",undefined *
10048330,10048334,data,"DAT_10048330",undefined *
10048334,10048338,data,"DAT_10048334",undefined *
10048338,1004833c,data,"DAT_10048338",undefined *
1004833c,10048340,data,"DAT_1004833c",undefined *
10048340,10048344,data,"DAT_10048340",undefined *
10048344,10048348,data,"DAT_10048344",undefined *
10048348,1004834c,data,"DAT_10048348",undefined *
1004834c,10048350,data,"DAT_1004834c",undefined *
10048350,10048354,data,"DAT_10048350",undefined *
10048354,10048358,data,"DAT_10048354",undefined *
10048358,1004835c,data,"DAT_10048358",undefined *
1004835c,10048360,data,"DAT_1004835c",undefined *
10048360,10048364,data,"DAT_10048360",undefined *
10048364,10048368,data,"DAT_10048364",undefined *
10048368,1004836c,data,"DAT_10048368",undefined *
1004836c,1004836c,label,"__xc_z",Label
10048370,10048370,label,"__xi_a",Label
10048374,10048378,data,"DAT_10048374",undefined *
10048378,1004837c,data,"DAT_10048378",undefined *
1004837c,10048380,data,"DAT_1004837c",undefined *
10048380,10048384,data,"DAT_10048380",undefined *
10048384,10048384,label,"__xi_z",Label
10048388,10048388,label,"__xp_a",Label
10048390,10048390,label,"__xp_z",Label
10048394,10048394,label,"__xt_a",Label
1004839c,1004839c,label,"__xt_z",Label
100483a0,100483ac,data,"s_ModelMinTri_100483a0",string
100483ac,100483c4,data,"s_ModelDetailTextureScale_100483ac",string
100483c4,100483d6,data,"s_SpecularPowerTest_100483c4",string
100483d8,100483ea,data,"s_SpecularScaleTest_100483d8",string
100483ec,100483f8,data,"s_ModelVBSize_100483ec",string
100483f8,10048405,data,"s_ModelVBCount_100483f8",string
10048408,10048415,data,"s_ModelVBCache_10048408",string
10048418,1004842a,data,"s_ModelVBCacheDelay_10048418",string
1004842c,1004844a,data,"s_Error:_vertex_buffer_overflow_1004842c",string
1004844c,1004845b,data,"s_DetailTextures_1004844c",string
1004845c,1004846d,data,"s_DetailTextureAdd_1004845c",string
10048470,10048483,data,"s_DetailTextureAngle_10048470",string
10048484,10048491,data,"s_FixSparkleys_10048484",string
10048494,100484a1,data,"s_LMFullBright_10048494",string
100484a4,100484b0,data,"s_EnvMapWorld_100484a4",string
100484b0,100484b7,data,"s_LMAnim_100484b0",string
100484b8,100484ca,data,"s_LightModelSprites_100484b8",string
100484cc,100484db,data,"s_ModelLODOffset_100484cc",string
100484dc,100484eb,data,"s_ModelZoomScale_100484dc",string
100484ec,10048500,data,"s_ModelLODBlendEnable_100484ec",string
10048500,10048512,data,"s_ModelLODBlendDist_10048500",string
10048514,10048524,data,"s_ExtraFOVXOffset_10048514",string
10048524,10048534,data,"s_ExtraFOVYOffset_10048524",string
10048534,10048541,data,"s_ModelFovTest_10048534",string
10048544,10048555,data,"s_ModelSunVariance_10048544",string
10048558,10048566,data,"s_ModelApplySun_10048558",string
10048568,10048578,data,"s_ModelSaturation_10048568",string
10048578,10048588,data,"s_DrawModelsRigid_10048578",string
10048588,10048598,data,"s_ModelCacheRigid_10048588",string
10048598,100485a4,data,"s_ModelUseTnL_10048598",string
100485b0,100485b6,data,"s_NearZ_100485b0",string
100485b8,100485c9,data,"s_ReallyCloseNearZ_100485b8",string
100485d0,100485f0,data,"DAT_100485d0",string
100485f0,100485fb,data,"s_Device:_%s_100485f0",string
100485fc,10048607,data,"s_BACKBUFFER_100485fc",string
10048608,10048615,data,"s_LPDIRECTDRAW_10048608",string
10048618,1004864d,data,"s_VisibleSet::Init_failed_(invalid_10048618",string
10048650,10048673,data,"s_r_GetBufferFormatOfSurface_faile_10048650",string
10048674,1004868d,data,"s_Using_Direct3D_Device_%s_10048674",string
10048690,100486b3,data,"s_Can't_find_any_d3d_devices_to_us_10048690",string
100486b4,100486d3,data,"s_Can't_find_hardware_device:_%s_100486b4",string
100486d4,100486f9,data,"s_Can't_initialize_hardware_device_100486d4",string
100486fc,10048703,data,"s_SysMem_100486fc",string
10048704,1004870d,data,"s_windowed_10048704",string
10048710,1004871b,data,"s_nullrender_10048710",string
1004871c,1004871c,label,"g_EnvPanSpeed",Label
10048720,10048724,data,"g_DrawWorld",undefined4
10048724,10048724,label,"g_ShadowZRange",Label
10048728,10048728,label,"g_SkyScale",Label
1004872c,1004872c,label,"g_Gamma",Label
10048730,10048734,data,"g_UseDX6Commands",undefined4
10048734,10048738,data,"g_LightAddPoly",undefined4
10048738,1004873c,data,"g_FogR",undefined4
1004873c,10048740,data,"g_FogG",undefined4
10048740,10048744,data,"g_FogB",undefined4
10048744,10048748,data,"g_FogFarZ",undefined4
10048748,1004874c,data,"g_DrawSky",undefined4
1004874c,10048750,data,"g_EnableSky",undefined4
10048750,10048754,data,"g_TextureModels",undefined4
10048754,10048758,data,"g_DrawSprites",undefined4
10048758,1004875c,data,"g_DrawPolyGrids",undefined4
1004875c,10048760,data,"g_DynamicLight",undefined4
10048760,10048764,data,"g_LightModels",undefined4
10048764,10048768,data,"g_ModelFullbrite",undefined4
10048768,10048768,label,"g_ShadowLodOffset",Label
1004876c,10048770,data,"g_MaxModelShadows",undefined4
10048770,10048770,label,"g_LodScale",Label
10048774,10048778,data,"g_DrawParticles",undefined4
10048778,1004877c,data,"g_DrawModels",undefined4
1004877c,10048780,data,"g_DrawLineSystems",undefined4
10048780,10048784,data,"g_LightMap",undefined4
10048784,10048788,data,"g_Dither",undefined4
10048788,1004878c,data,"g_TintModels",undefined4
1004878c,10048795,data,"s_TableFog_1004878c",string
10048798,100487a2,data,"s_NoLMPages_10048798",string
100487a4,100487b1,data,"s_ModelProfile_100487a4",string
100487b4,100487c3,data,"s_MaxModelLights_100487b4",string
100487c4,100487d6,data,"s_MaxTexAspectRatio_100487c4",string
100487d8,100487e6,data,"s_32BitTextures_100487d8",string
100487e8,100487f7,data,"s_32BitLightMaps_100487e8",string
100487f8,10048807,data,"s_MaxTextureSize_100487f8",string
10048808,10048811,data,"s_DrawGuns_10048808",string
10048814,1004881f,data,"s_TintModels_10048814",string
10048820,10048829,data,"s_Saturate_10048820",string
1004882c,10048835,data,"s_Bilinear_1004882c",string
10048838,10048845,data,"s_EnvMapEnable_10048838",string
10048848,10048851,data,"s_FixTJunc_10048848",string
10048854,10048862,data,"s_LightSaturate_10048854",string
10048864,10048874,data,"s_FilterOptimized_10048864",string
10048874,10048885,data,"s_OptimizeSurfaces_10048874",string
10048888,10048896,data,"s_ShowSkySplits_10048888",string
10048898,100488a4,data,"s_WarbleSpeed_10048898",string
100488a4,100488b0,data,"s_WarbleScale_100488a4",string
100488b0,100488ba,data,"s_EnvMapAll_100488b0",string
100488bc,100488c8,data,"s_EnvPanSpeed_100488bc",string
100488c8,100488d1,data,"s_EnvScale_100488c8",string
100488d4,100488de,data,"s_DrawWorld_100488d4",string
100488e0,100488ed,data,"s_ShadowZRange_100488e0",string
100488f0,100488f9,data,"s_SkyScale_100488f0",string
100488fc,10048902,data,"s_Gamma_100488fc",string
10048904,10048911,data,"s_GroupOffset0_10048904",string
10048914,10048921,data,"s_GroupOffset1_10048914",string
10048924,10048931,data,"s_GroupOffset2_10048924",string
10048934,10048941,data,"s_GroupOffset3_10048934",string
10048944,10048951,data,"s_GroupOffset4_10048944",string
10048954,10048961,data,"s_GroupOffset5_10048954",string
10048964,10048971,data,"s_GroupOffset6_10048964",string
10048974,10048981,data,"s_GroupOffset7_10048974",string
10048984,10048991,data,"s_GroupOffset8_10048984",string
10048994,100489a1,data,"s_GroupOffset9_10048994",string
100489a4,100489b1,data,"s_TripleBuffer_100489a4",string
100489b4,100489c3,data,"s_UseDX6Commands_100489b4",string
100489c4,100489cf,data,"s_InvertHack_100489c4",string
100489d0,100489db,data,"s_Force1Pass_100489d0",string
100489dc,100489e9,data,"s_LightAddPoly_100489dc",string
100489ec,100489f8,data,"s_ModelWarble_100489ec",string
100489f8,10048a00,data,"s_MMXRast_100489f8",string
10048a00,10048a08,data,"s_RGBRast_10048a00",string
10048a08,10048a10,data,"s_RefRast_10048a08",string
10048a10,10048a18,data,"s_TnLRast_10048a10",string
10048a18,10048a23,data,"s_Force2Pass_10048a18",string
10048a24,10048a2e,data,"s_FogEnable_10048a24",string
10048a48,10048a51,data,"s_FogNearZ_10048a48",string
10048a54,10048a5c,data,"s_FogFarZ_10048a54",string
10048a5c,10048a68,data,"s_SkyFogNearZ_10048a5c",string
10048a68,10048a73,data,"s_SkyFogFarZ_10048a68",string
10048a74,10048a81,data,"s_MipmapOffset_10048a74",string
10048a84,10048a8c,data,"s_LockPVS_10048a84",string
10048a8c,10048aa0,data,"s_ShowFullbriteModels_10048a8c",string
10048aa0,10048aa8,data,"s_BumpMap_10048aa0",string
10048aa8,10048ab0,data,"s_DrawSky_10048aa8",string
10048ab0,10048aba,data,"s_EnableSky_10048ab0",string
10048abc,10048aca,data,"s_TextureModels_10048abc",string
10048acc,10048ad9,data,"s_ShowFillInfo_10048acc",string
10048adc,10048ae4,data,"s_DrawAll_10048adc",string
10048ae4,10048af0,data,"s_DrawSprites_10048ae4",string
10048af0,10048afe,data,"s_DrawPolyGrids_10048af0",string
10048b00,10048b0e,data,"s_DrawParticles_10048b00",string
10048b10,10048b1b,data,"s_DrawModels_10048b10",string
10048b1c,10048b2c,data,"s_DrawLineSystems_10048b1c",string
10048b2c,10048b37,data,"s_ShowSplits_10048b2c",string
10048b38,10048b45,data,"s_DynamicLight_10048b38",string
10048b48,10048b52,data,"s_FastLight_10048b48",string
10048b54,10048b60,data,"s_LightModels_10048b54",string
10048b60,10048b6f,data,"s_ModelFullbrite_10048b60",string
10048b70,10048b82,data,"s_ShowTextureCounts_10048b70",string
10048b84,10048b94,data,"s_ShadowLodOffset_10048b84",string
10048b94,10048ba4,data,"s_MaxModelShadows_10048b94",string
10048ba4,10048bad,data,"s_LodScale_10048ba4",string
10048bb0,10048bba,data,"s_LodOffset_10048bb0",string
10048bbc,10048bc6,data,"s_Wireframe_10048bbc",string
10048bc8,10048bd3,data,"s_ModelBoxes_10048bc8",string
10048bd4,10048be0,data,"s_RenderDebug_10048bd4",string
10048be0,10048bef,data,"s_ShowPolyCounts_10048be0",string
10048bf0,10048bf9,data,"s_LightMap_10048bf0",string
10048bfc,10048c05,data,"s_DrawFlat_10048bfc",string
10048c08,10048c16,data,"s_LightmapsOnly_10048c08",string
10048c18,10048c1f,data,"s_Dither_10048c18",string
10048c20,10048c3d,data,"s_d3drender.dll:_out_of_memory_10048c20",string
10048c40,10048c46,data,"s_%s_%f_10048c40",string
10048c48,10048c4c,data,"g_CountDiv",undefined4
10048c4c,10048c50,data,"DAT_10048c4c",undefined4
10048c50,10048c54,data,"g_bPortalStencilClipEnabled",undefined4
10048c54,10048c5d,data,"s_VFogMinY_10048c54",string
10048c60,10048c69,data,"s_VFogMaxY_10048c60",string
10048c6c,10048c78,data,"s_VFogMinYVal_10048c6c",string
10048c78,10048c84,data,"s_VFogMaxYVal_10048c78",string
10048c84,10048c8c,data,"s_VFogMax_10048c84",string
10048c8c,10048c98,data,"s_VFogDensity_10048c8c",string
10048ca0,10048cae,data,"s_DrawWorldTree_10048ca0",string
10048cb0,10048cc4,data,"s_DrawTerrainSections_10048cb0",string
10048cc4,10048cce,data,"s_AlphaTest_10048cc4",string
10048cd0,10048cdc,data,"s_DrawPortals_10048cd0",string
10048cdc,10048ced,data,"s_ShowPortalBounds_10048cdc",string
10048cf0,10048cff,data,"s_PortalLightmap_10048cf0",string
10048d00,10048d0c,data,"s_ShowTexInfo_10048d00",string
10048d0c,10048d1a,data,"s_RenderToFront_10048d0c",string
10048d1c,10048d33,data,"s_dwLastPri_-_%d_10048d1c",string
10048d34,10048d4b,data,"s_dwTotalBytes_-_%d_10048d34",string
10048d4c,10048d63,data,"s_dwTotalManaged_-_%d_10048d4c",string
10048d64,10048d7b,data,"s_dwWorkingSetBytes_-_%d_10048d64",string
10048d7c,10048d93,data,"s_dwWorkingSet_-_%d_10048d7c",string
10048d94,10048dab,data,"s_dwNumUsedTexInVid_-_%d_10048d94",string
10048dac,10048dc3,data,"s_dwNumTexturesUsed_-_%d_10048dac",string
10048dc4,10048ddb,data,"s_dwNumVidCreates_-_%d_10048dc4",string
10048ddc,10048df3,data,"s_dwNumEvicts_-_%d_10048ddc",string
10048df4,10048e0b,data,"s_bThrashing_-_%d_10048df4",string
10048e0c,10048e35,data,"s_ShowTexInfo_--------------------_10048e0c",string
10048e38,10048e5f,data,"s_ModelProfile:_%d_clipped,_%d_unc_10048e38",string
10048e60,10048e78,data,"s_Rebuilding_warble_table_10048e60",string
10048e78,10048e87,data,"s_Overdraw:_%.3f_10048e78",string
10048e88,10048e9d,data,"s_Tri_area_drawn:_%.3f_10048e88",string
10048ea0,10048eae,data,"s_Triangles:_%d_10048ea0",string
10048eb0,10048ec9,data,"s_Texture_upload_saves:_%d_10048eb0",string
10048ecc,10048eed,data,"s_Visible_lights:_%d,_rejected:_%d_10048ecc",string
10048ef0,10048efc,data,"s_Portals:_%d_10048ef0",string
10048efc,10048f17,data,"s_Sky_Polies_(fragments):_%d_10048efc",string
10048f18,10048f28,data,"s_Sky_Portals:_%d_10048f18",string
10048f28,10048f3b,data,"s_Visible_Leaves:_%d_10048f28",string
10048f3c,10048f4f,data,"s_Num_Clip_Tests:_%d_10048f3c",string
10048f50,10048f64,data,"s_Particles_drawn:_%d_10048f50",string
10048f64,10048f7e,data,"s_Model_triangles_drawn:_%d_10048f64",string
10048f80,10048faf,data,"s_Num_Lit_Polies:_%d_(textured_and_10048f80",string
10048fb0,10048fc4,data,"s_Num_Light_Tests:_%d_10048fb0",string
10048fc4,10048fdb,data,"s_World_Polies_Drawn:_%d_10048fc4",string
10048fdc,10048ff7,data,"s_World_Polies_Processed:_%d_10048fdc",string
10048ff8,1004900c,data,"s_Texture_uploads:_%d_10048ff8",string
1004900c,10049020,data,"s_Texture_changes:_%d_1004900c",string
10049020,10049056,data,"s_Error:_tried_to_render_3D_while_i_10049020",string
10049058,1004905c,data,"_STL::_STL_mutex_spin<0>::__max",undefined4
1004905c,10049066,data,"s_No_error._1004905c",string
10049068,10049082,data,"s_Unrecognized_error_value._10049068",string
10049084,1004909c,data,"s_D3DERR_LIGHT_SET_FAILED_10049084",string
100490a0,100490bf,data,"s_D3DERR_MATERIAL_SETDATA_FAILED_100490a0",string
100490c0,100490df,data,"s_D3DERR_MATERIAL_DESTROY_FAILED_100490c0",string
100490e0,100490fe,data,"s_D3DERR_MATERIAL_CREATE_FAILED_100490e0",string
10049100,1004911e,data,"s_D3DERR_SETVIEWPORTDATA_FAILED_10049100",string
10049120,1004913d,data,"s_D3DERR_MATRIX_SETDATA_FAILED_10049120",string
10049140,1004915d,data,"s_D3DERR_MATRIX_DESTROY_FAILED_10049140",string
10049160,1004917c,data,"s_D3DERR_MATRIX_CREATE_FAILED_10049160",string
10049180,1004919b,data,"s_D3DERR_TEXTURE_LOAD_FAILED_10049180",string
1004919c,100491b9,data,"s_D3DERR_TEXTURE_UNLOCK_FAILED_1004919c",string
100491bc,100491d1,data,"s_D3DERR_TEXTURELOCKED_100491bc",string
100491d4,100491ee,data,"s_D3DERR_TEXTURE_NOT_LOCKED_100491d4",string
100491f0,1004920b,data,"s_D3DERR_TEXTURE_LOCK_FAILED_100491f0",string
1004920c,1004922a,data,"s_D3DERR_TEXTURE_DESTROY_FAILED_1004920c",string
1004922c,10049249,data,"s_D3DERR_TEXTURE_CREATE_FAILED_1004922c",string
1004924c,10049266,data,"s_D3DERR_TEXTURE_NO_SUPPORT_1004924c",string
10049268,10049286,data,"s_D3DERR_EXECUTE_CLIPPED_FAILED_10049268",string
10049288,1004929e,data,"s_D3DERR_EXECUTE_FAILED_10049288",string
100492a0,100492bd,data,"s_D3DERR_EXECUTE_UNLOCK_FAILED_100492a0",string
100492c0,100492db,data,"s_D3DERR_EXECUTE_LOCK_FAILED_100492c0",string
100492dc,100492fa,data,"s_D3DERR_EXECUTE_DESTROY_FAILED_100492dc",string
100492fc,10049319,data,"s_D3DERR_EXECUTE_CREATE_FAILED_100492fc",string
1004931c,10049336,data,"s_D3DERR_EXECUTE_NOT_LOCKED_1004931c",string
10049338,1004934e,data,"s_D3DERR_EXECUTE_LOCKED_10049338",string
10049350,10049367,data,"s_D3DERR_BADMINORVERSION_10049350",string
10049368,1004937f,data,"s_D3DERR_BADMAJORVERSION_10049368",string
10049380,100493b7,data,"s_The_surface_being_used_is_not_a_p_10049380",string
100493b8,10049406,data,"s_This_surface_can_not_be_restored_100493b8",string
10049408,1004944e,data,"s_Rectangle_provided_was_not_horiz_10049408",string
10049450,1004949d,data,"s_This_surface_can_not_be_restored_10049450",string
100494a0,10049511,data,"s_Informs_DirectDraw_that_the_prev_100494a0",string
10049514,10049548,data,"s_Region_passed_to_Clipper::GetCli_10049514",string
1004954c,10049580,data,"s_This_process_already_has_created_1004954c",string
10049584,100495c4,data,"s_Returned_when_GetOverlayPosition_10049584",string
100495c8,10049644,data,"s_Surface_was_not_locked._An_attem_100495c8",string
10049648,1004968a,data,"s_An_attempt_has_been_made_to_flip_10049648",string
1004968c,100496d1,data,"s_Returned_when_an_overlay_member_i_1004968c",string
100496d4,10049706,data,"s_No_hardware_support_for_16_or_25_100496d4",string
10049708,10049734,data,"s_No_palette_object_attached_to_th_10049708",string
10049738,100497b9,data,"s_Returned_when_GetOverlayPosition_10049738",string
100497bc,10049823,data,"s_Clipper_notification_requires_an_100497bc",string
10049824,10049846,data,"s_Software_emulation_not_available_10049824",string
10049848,100498ae,data,"s_A_hardware-only_DirectDraw_objec_10049848",string
100498b0,100498cc,data,"s_No_DirectDraw_ROP_hardware._100498b0",string
100498d0,100498f9,data,"s_No_DC_was_ever_created_for_this_s_100498d0",string
100498fc,1004992a,data,"s_No_clipper_object_attached_to_su_100498fc",string
1004992c,10049949,data,"s_No_blitter_hardware_present._1004992c",string
1004994c,100499b2,data,"s_Returned_when_the_position_of_th_1004994c",string
100499b4,10049a05,data,"s_The_GUID_passed_to_DirectDrawCre_100499b4",string
10049a08,10049a75,data,"s_HWND_used_by_DirectDraw_Cooperat_10049a08",string
10049a78,10049af0,data,"s_The_CooperativeLevel_HWND_has_al_10049a78",string
10049af4,10049b4b,data,"s_An_attempt_was_made_to_set_the_c_10049af4",string
10049b4c,10049ba4,data,"s_A_DirectDraw_object_representing_10049b4c",string
10049ba8,10049c07,data,"s_An_attempt_was_made_to_set_a_cli_10049ba8",string
10049c08,10049c58,data,"s_Can't_duplicate_primary_&_3D_sur_10049c08",string
10049c5c,10049c81,data,"s_Windows_can_not_create_any_more_D_10049c5c",string
10049c84,10049cdd,data,"s_Return_if_a_clipper_object_is_at_10049c84",string
10049ce0,10049cff,data,"s_Vertical_blank_is_in_progress._10049ce0",string
10049d00,10049d44,data,"s_Bitmask_in_the_pixel_format_requ_10049d00",string
10049d48,10049d7e,data,"s_FOURCC_format_requested_is_unsup_10049d48",string
10049d80,10049dac,data,"s_Width_requested_by_DirectDraw_is_10049d80",string
10049db0,10049e07,data,"s_Size_requested_by_DirectDraw_is_t_10049db0",string
10049e08,10049e35,data,"s_Height_requested_by_DirectDraw_i_10049e08",string
10049e38,10049e5f,data,"s_The_requested_surface_is_not_att_10049e38",string
10049e60,10049f05,data,"s_Access_to_this_surface_is_being_r_10049e60",string
10049f08,10049f43,data,"s_Access_to_surface_refused_becaus_10049f08",string
10049f44,10049fa5,data,"s_Access_to_this_surface_is_being_r_10049f44",string
10049fa8,10049ffe,data,"s_This_surface_is_already_a_depend_10049fa8",string
1004a000,1004a049,data,"s_This_surface_is_already_attached_1004a000",string
1004a04c,1004a0ad,data,"s_Access_to_this_palette_is_being_r_1004a04c",string
1004a0b0,1004a0df,data,"s_No_src_color_key_specified_for_t_1004a0b0",string
1004a0e0,1004a11d,data,"s_Can_only_have_ony_color_key_acti_1004a0e0",string
1004a120,1004a150,data,"s_The_hardware_does_not_support_cl_1004a120",string
1004a154,1004a1a0,data,"s_The_hardware_needed_for_the_requ_1004a154",string
1004a1a4,1004a222,data,"s_Overlay_surfaces_could_not_be_z_l_1004a1a4",string
1004a224,1004a282,data,"s_Operation_could_not_be_carried_o_1004a224",string
1004a284,1004a2f8,data,"s_Operation_could_not_be_carried_o_1004a284",string
1004a2fc,1004a362,data,"s_Operation_could_not_be_carried_o_1004a2fc",string
1004a364,1004a3c3,data,"s_DirectDrawSurface_is_not_in_8_bi_1004a364",string
1004a3c4,1004a43a,data,"s_DirectDrawSurface_is_not_in_4_bi_1004a3c4",string
1004a43c,1004a4a6,data,"s_DirectDrawSurface_is_not_in_4_bi_1004a43c",string
1004a4a8,1004a500,data,"s_Operation_could_not_be_carried_o_1004a4a8",string
1004a504,1004a563,data,"s_Operation_could_not_be_carried_o_1004a504",string
1004a564,1004a5d0,data,"s_Operation_could_not_be_carried_o_1004a564",string
1004a5d4,1004a632,data,"s_Operation_could_not_be_carried_o_1004a5d4",string
1004a634,1004a652,data,"s_Requested_item_was_not_found._1004a634",string
1004a654,1004a6aa,data,"s_Operation_could_not_be_carried_o_1004a654",string
1004a6ac,1004a6c5,data,"s_There_is_no_GDI_present._1004a6ac",string
1004a6c8,1004a6f4,data,"s_Flipping_visible_surfaces_is_not_1004a6c8",string
1004a6f8,1004a764,data,"s_Operation_requires_the_applicati_1004a6f8",string
1004a768,1004a7c2,data,"s_Create_function_called_without_D_1004a768",string
1004a7c4,1004a82a,data,"s_Operation_could_not_be_carried_o_1004a7c4",string
1004a82c,1004a857,data,"s_Surface_doesn't_currently_have_a_1004a82c",string
1004a858,1004a8bf,data,"s_Operation_could_not_be_carried_o_1004a858",string
1004a8c0,1004a8d7,data,"s_No_cliplist_available._1004a8c0",string
1004a8d8,1004a940,data,"s_Operation_could_not_be_carried_o_1004a8d8",string
1004a944,1004a95c,data,"s_There_is_no_3D_present._1004a944",string
1004a960,1004a9ac,data,"s_Operation_could_not_be_carried_o_1004a960",string
1004a9b0,1004a9d0,data,"s_Rectangle_provided_was_invalid._1004a9b0",string
1004a9d4,1004a9ff,data,"s_The_pixel_format_was_invalid_as_s_1004a9d4",string
1004aa00,1004aa45,data,"s_DirectDraw_received_a_pointer_th_1004aa00",string
1004aa48,1004aa78,data,"s_DirectDraw_does_not_support_the_r_1004aa48",string
1004aa7c,1004aaaf,data,"s_DirectDraw_does_not_support_the_p_1004aa7c",string
1004aab0,1004aaf3,data,"s_One_or_more_of_the_caps_bits_pas_1004aab0",string
1004aaf4,1004ab44,data,"s_Unable_to_match_primary_surface_c_1004aaf4",string
1004ab48,1004ab8a,data,"s_Height_of_rectangle_provided_is_n_1004ab48",string
1004ab8c,1004abd3,data,"s_An_exception_was_encountered_whi_1004ab8c",string
1004abd4,1004abf8,data,"s_Support_is_currently_not_availab_1004abd4",string
1004abfc,1004ac20,data,"s_This_object_is_already_initializ_1004abfc",string
1004ac24,1004ac5f,data,"s_This_surface_can_not_be_attached_1004ac24",string
1004ac60,1004ac9d,data,"s_This_surface_can_not_be_detached_1004ac60",string
1004aca0,1004ace4,data,"s_One_or_more_of_the_parameters_pa_1004aca0",string
1004ace8,1004acfe,data,"s_Action_not_supported._1004ace8",string
1004ad00,1004ad11,data,"s_Generic_failure._1004ad00",string
1004ad14,1004ad55,data,"s_DirectDraw_does_not_have_enough_m_1004ad14",string
1004ad58,1004ad63,data,"s_UseD3DClip_1004ad58",string
1004ad64,1004ad6f,data,"s_MipMapBias_1004ad64",string
1004ad70,1004ad7a,data,"s_Trilinear_1004ad70",string
1004ad7c,1004ad88,data,"s_Anisotropic_1004ad7c",string
1004ad88,1004adc0,data,"s_PERMEDIA_2_DETECTED:_disabling_l_1004ad88",string
1004adc0,1004adf3,data,"s_POWERVR_DETECTED:_disabling_shad_1004adc0",string
1004adf4,1004adfc,data,"s_Rage128_1004adf4",string
1004adfc,1004ae06,data,"s_Permedia2_1004adfc",string
1004ae08,1004ae10,data,"s_PowerVR_1004ae08",string
1004ae10,1004ae1a,data,"s_ForceMode_1004ae10",string
1004ae1c,1004ae4a,data,"s_Unable_to_find_an_acceptable_z-b_1004ae1c",string
1004ae4c,1004ae72,data,"s_ZBuffer:_Z_Mask:_%d,_Stencil_mas_1004ae4c",string
1004ae74,1004ae8d,data,"s_Failed_to_make_z-buffer._1004ae74",string
1004ae90,1004ae9d,data,"s_lithtech.gam_1004ae90",string
1004aea0,1004aebb,data,"s_Using_2_pass_lightmapping._1004aea0",string
1004aebc,1004aefe,data,"s_Force1Pass_doesn't_work_on_this_c_1004aebc",string
1004af00,1004af1b,data,"s_Using_1_pass_lightmapping!_1004af00",string
1004af1c,1004af48,data,"s_IDirect3DDevice::SetCurrentViewp_1004af1c",string
1004af48,1004af61,data,"s_Failed_to_create_device._1004af48",string
1004af64,1004af86,data,"s_Failed_to_make_rendering_surface_1004af64",string
1004af88,1004afb3,data,"s_Couldn't_get_pointer_to_offscree_1004af88",string
1004afb4,1004afd8,data,"s_Unable_to_create_a_primary_surfa_1004afb4",string
1004afd8,1004aff8,data,"s_Unable_to_use_triple_buffering._1004afd8",string
1004aff8,1004b038,data,"s_QueryInterface(IID_IDirect3D7)_f_1004aff8",string
1004b038,1004b04f,data,"s_SetDisplayMode_failed._1004b038",string
1004b050,1004b06c,data,"s_SetCooperativeLevel_failed._1004b050",string
1004b06c,1004b077,data,"s_NullRender_1004b06c",string
1004b078,1004b093,data,"s_DirectDrawCreateEx_failed._1004b078",string
1004b094,1004b0c6,data,"s_USING_DIRECT3D_REFERENCE_RASTERI_1004b094",string
1004b0c8,1004b10a,data,"s_Warning:_unable_to_create_lightm_1004b0c8",string
1004b10c,1004b127,data,"s_Warning:_NoLMPages_is_TRUE_1004b10c",string
1004b128,1004b133,data,"s_PortalFile_1004b128",string
1004b134,1004b150,data,"s_Usage:_loadgamma_<filename>_1004b134",string
1004b150,1004b15a,data,"s_LOADGAMMA_1004b150",string
1004b15c,1004b169,data,"s_FREETEXTURES_1004b15c",string
1004b16c,1004b18c,data,"s_Surfaces_larger_than_screen:_%s_1004b16c",string
1004b18c,1004b1a8,data,"s_Max_texture_size:_(%d_x_%d)_1004b18c",string
1004b1a8,1004b1d5,data,"s_Z-test:_%s,_Table_fog:_%s,_Palet_1004b1a8",string
1004b1d8,1004b1fc,data,"s_ZBuffer_Depth:_%d,_Device_Depth:_1004b1d8",string
1004b1fc,1004b221,data,"s_Texture_Memory:_%d,_Video_Memory_1004b1fc",string
1004b224,1004b252,data,"s_System_mem_textures:_%s,_AGP_mem_1004b224",string
1004b254,1004b283,data,"s_Square_textures_only:_%s,_Vid_me_1004b254",string
1004b284,1004b2a3,data,"s_LINEARMIPNEAREST_supported:_%s_1004b284",string
1004b2a4,1004b2d2,data,"s_TBlend_Add:_%s,_TBlend_Modulate_(_1004b2a4",string
1004b2d4,1004b304,data,"s_Src_blend_SRCCOLOR:_%s,_Dest_ble_1004b2d4",string
1004b304,1004b31d,data,"s_DrawPrim:_%s,_Dither:_%s_1004b304",string
1004b320,1004b349,data,"s_Lightmap_capable:_%s,_Light_add_p_1004b320",string
1004b34c,1004b379,data,"s_Model_fullbrites:_%s,_Gouraud_fu_1004b34c",string
1004b37c,1004b388,data,"s_Portals:_%s_1004b37c",string
1004b390,1004b3b4,data,"s_Width:_%d,_Height:_%d,_BitDepth:_1004b390",string
1004b3b4,1004b3f3,data,"s_VendorID:_0x%x,_DeviceID:_0x%x,_S_1004b3b4",string
1004b3f4,1004b430,data,"s_Product:_0x%x,_Version:_0x%x,_Su_1004b3f4",string
1004b430,1004b440,data,"s_Description:_%s_1004b430",string
1004b440,1004b44b,data,"s_Driver:_%s_1004b440",string
1004b44c,1004b48c,data,"s_--------------------------------_1004b44c",string
1004b48c,1004b49b,data,"s_LISTDEVICECAPS_1004b48c",string
1004b49c,1004b4af,data,"s_LISTTEXTUREFORMATS_1004b49c",string
1004b4b0,1004b4bc,data,"s_LISTDEVICES_1004b4b0",string
1004b4c0,1004b4c4,data,"g_ValidTileSizes",undefined4
1004b4c4,1004b4c8,data,"DAT_1004b4c4",undefined4
1004b4d4,1004b4d8,data,"DAT_1004b4d4",undefined4
1004b4d8,1004b4dc,data,"g_Optimized2DColor",undefined4
1004b4dc,1004b4dc,label,"fSub",Label
1004b4e2,1004b4f0,data,"DAT_1004b4e2",string
1004b4f0,1004b52a,data,"s_Warning:_drawing_a_nonoptimized_s_1004b4f0",string
1004b52c,1004b551,data,"s_ScreenShot:_Created_%s_successfu_1004b52c",string
1004b554,1004b572,data,"s_ScreenShot:_fopen(%s)_failed._1004b554",string
1004b578,1004b5aa,data,"s_ScreenShot:_FormatMgr::ConvertPi_1004b578",string
1004b5ac,1004b5d8,data,"s_ScreenShot:_g_pOffscreen->Lock_r_1004b5ac",string
1004b5d8,1004b5d8,label,"g_fShadowBlobFalloffExponent",Label
1004b5da,1004b5e8,data,"DAT_1004b5da",string
1004b5e8,1004b60e,data,"s_Warning:_device_not_lightmap_cap_1004b5e8",string
1004b610,1004b639,data,"s_FORMAT_INTERFACE_texture_format_m_1004b610",string
1004b63c,1004b662,data,"s_FORMAT_NORMAL_texture_format_mis_1004b63c",string
1004b664,1004b688,data,"s_FORMAT_4444_texture_format_missi_1004b664",string
1004b688,1004b6b1,data,"s_FORMAT_FULLBRITE_texture_format_m_1004b688",string
1004b6b4,1004b6c2,data,"s_[LIGHTMAP]_-_1004b6b4",string
1004b6c4,1004b6d3,data,"s_[INTERFACE]_-_1004b6c4",string
1004b6d4,1004b6e0,data,"s_[NORMAL]_-_1004b6d4",string
1004b6e0,1004b6ea,data,"s_[4444]_-_1004b6e0",string
1004b6ec,1004b6fb,data,"s_[FULLBRITE]_-_1004b6ec",string
1004b6fc,1004b727,data,"s_%s%s_-_%d_bits_(%d_%d_%d_%d)_(%x_1004b6fc",string
1004b728,1004b730,data,"s_UNKNOWN_1004b728",string
1004b730,1004b73d,data,"s_DDPF_ZPIXELS_1004b730",string
1004b740,1004b74d,data,"s_DDPF_ZBUFFER_1004b740",string
1004b750,1004b763,data,"s_DDPF_STENCILBUFFER_1004b750",string
1004b764,1004b772,data,"s_DDPF_RGBTOYUV_1004b764",string
1004b774,1004b77d,data,"s_DDPF_RGB_1004b774",string
1004b780,1004b797,data,"s_DDPF_PALETTEINDEXEDTO8_1004b780",string
1004b798,1004b7ad,data,"s_DDPF_PALETTEINDEXED8_1004b798",string
1004b7b0,1004b7c5,data,"s_DDPF_PALETTEINDEXED4_1004b7b0",string
1004b7c8,1004b7e0,data,"s_DDPF_PALETTEINDEXED2_1004b7c8",string
1004b7e0,1004b7f8,data,"s_DDPF_PALETTEINDEXED1_1004b7e0",string
1004b7f8,1004b808,data,"s_DDPF_LUMINANCE_1004b7f8",string
1004b808,1004b814,data,"s_DDPF_FOURCC_1004b808",string
1004b814,1004b824,data,"s_DDPF_COMPRESSED_1004b814",string
1004b824,1004b825,data,"DAT_1004b824",undefined1
1004b825,1004b832,data,"s_DPF_BUMPDUDV_1004b825",string
1004b834,1004b848,data,"s_DDPF_BUMPLUMINANCE_1004b834",string
1004b848,1004b85c,data,"s_DDPF_ALPHAPREMULT_1004b848",string
1004b85c,1004b870,data,"s_DDPF_ALPHAPIXELS_1004b85c",string
1004b870,1004b871,data,"DAT_1004b870",undefined1
1004b871,1004b872,data,"DAT_1004b871",undefined1
1004b874,1004b880,data,"s_DDPF_ALPHA_1004b874",string
1004b880,1004b88d,data,"s_FOURCC(_%s_)_1004b880",string
1004b890,1004b897,data,"s_%sNONE_1004b890",string
1004b898,1004b8c9,data,"s_Unable_to_transfer_texture_data_t_1004b898",string
1004b8cc,1004b8e8,data,"s_Uploading_a_(%dx%d)_texture_1004b8cc",string
1004b8e8,1004b917,data,"s_r_TransferTexture:_mipmap_count_d_1004b8e8",string
1004b918,1004b942,data,"s_Unable_to_create_(%dx%d)_texture_1004b918",string
1004b944,1004b94d,data,"s_AlphaRef_1004b944",string
1004b950,1004b959,data,"s_ColorKey_1004b950",string
1004b964,1004b971,data,"s_DrawCanvases_1004b964",string
1004b974,1004b988,data,"s_Set_'%s'_overflowed_1004b974",string
1004b988,1004b999,data,"s_MultipassGouraud_1004b988",string
1004b99c,1004b9a0,data,"g_fModelBumpEnvMatrix00",undefined4
1004b9a0,1004b9a0,label,"g_fModelBumpEnvMatrix11",Label
1004b9a3,1004b9b4,data,"DAT_1004b9a3",string
1004b9b4,1004b9c1,data,"s_ModelTexture_1004b9b4",string
1004b9c4,1004b9d5,data,"s_ModelShadowAlpha_1004b9c4",string
1004b9d8,1004b9ea,data,"s_ModelShadowOffset_1004b9d8",string
1004b9ec,1004b9fc,data,"s_ModelShadowProj_1004b9ec",string
1004b9fc,1004ba0f,data,"s_ModelShadowProjRes_1004b9fc",string
1004ba10,1004ba23,data,"s_ModelShadowProjLOD_1004ba10",string
1004ba24,1004ba38,data,"s_ModelShadowProjShow_1004ba24",string
1004ba38,1004ba72,data,"s_Invalid_texture_size_for_shadows_1004ba38",string
1004ba78,1004ba7c,data,"g_ObjectHandlers",undefined4
1004ba7c,1004ba80,data,"DAT_1004ba7c",undefined4
1004ba80,1004ba84,data,"DAT_1004ba80",undefined4
1004ba84,1004ba88,data,"DAT_1004ba84",undefined4
1004ba8c,1004ba90,data,"PTR_d3d_ModelModuleInit_1004ba8c",pointer
1004ba90,1004ba94,data,"PTR_d3d_TermModelVertexBufferPools_1004ba90",pointer
1004ba94,1004ba98,data,"DAT_1004ba94",undefined4
1004ba98,1004ba9c,data,"PTR_d3d_ModelPreFrame_1004ba98",pointer
1004bafc,1004bb00,data,"DAT_1004bafc",undefined *
1004bb00,1004bb04,data,"DAT_1004bb00",undefined *
1004bb04,1004bb08,data,"DAT_1004bb04",undefined *
1004bb08,1004bb0c,data,"DAT_1004bb08",undefined *
1004bb14,1004bb18,data,"PTR_d3d_ProcessPolyGrid_1004bb14",pointer
1004bb54,1004bb58,data,"g_ObjectDrawSortGaps",undefined4
1004bb7c,1004bb80,data,"g_ObjectDrawSortGapShifts",undefined4
1004bba4,1004bbb0,data,"s_SortProfile_1004bba4",string
1004bbb0,1004bbbb,data,"s_DrawSorted_1004bbb0",string
1004bbbc,1004bbc7,data,"s_PSSrcBlend_1004bbbc",string
1004bbc8,1004bbd4,data,"s_PSDestBlend_1004bbc8",string
1004bbd8,1004bbd8,label,"s_KeyFns",Label
1004bbe0,1004bbe4,data,"PTR_GenerateScaledBaseTexCoords_1004bbe0",undefined *
1004bbe4,1004bbe8,data,"DAT_1004bbe4",undefined *
1004bbe8,1004bbec,data,"DAT_1004bbe8",undefined *
1004bbec,1004bbf0,data,"DAT_1004bbec",undefined *
1004bc00,1004bc04,data,"PTR_InitSurfaceTextureSource_1004bc00",undefined *
1004bc04,1004bc08,data,"DAT_1004bc04",undefined *
1004bc08,1004bc0c,data,"DAT_1004bc08",undefined *
1004bc0c,1004bc10,data,"DAT_1004bc0c",undefined *
1004bc10,1004bc14,data,"s_BindFns",undefined *
1004bc14,1004bc18,data,"DAT_1004bc14",undefined *
1004bc18,1004bc1c,data,"DAT_1004bc18",undefined *
1004bc1c,1004bc20,data,"DAT_1004bc1c",undefined *
1004bc20,1004bc24,data,"s_ColorFns",undefined *
1004bc24,1004bc28,data,"DAT_1004bc24",undefined *
1004bc28,1004bc2c,data,"DAT_1004bc28",undefined *
1004bc2c,1004bc30,data,"s_FogFns",pointer
1004bc34,1004bc34,label,"s_VertexSizes",Label
1004bc44,1004bc44,label,"s_ClipFns",Label
1004bc48,1004bc4c,data,"DAT_1004bc48",undefined *
1004bc4c,1004bc50,data,"DAT_1004bc4c",undefined *
1004bc50,1004bc54,data,"DAT_1004bc50",undefined *
1004bc58,1004bc5c,data,"DAT_1004bc58",undefined *
1004bc5c,1004bc60,data,"DAT_1004bc5c",undefined *
1004bc60,1004bc64,data,"DAT_1004bc60",undefined *
1004bc68,1004bc6c,data,"s_PostFns",undefined *
1004bc6c,1004bc70,data,"DAT_1004bc6c",undefined *
1004bc70,1004bc74,data,"DAT_1004bc70",undefined *
1004bc74,1004bc74,label,"s_FVFs",Label
1004bc84,1004bc97,data,"s_DetailTextureScale_1004bc84",string
1004bc98,1004bca4,data,"s_DrawPolyMgr_1004bc98",string
1004bca4,1004bcb1,data,"s_TEST_GOURAUD_1004bca4",string
1004bcb4,1004bcc0,data,"s_TestGouraud_1004bcb4",string
1004bcc0,1004bccd,data,"s_TestLightmap_1004bcc0",string
1004bcd0,1004bd0b,data,"s_Material_'%s',_pass_%d,_stage_%d_1004bcd0",string
1004bd0c,1004bd46,data,"s_DrawPolyMgr::DrawPolyAdditionalP_1004bd0c",string
1004bd48,1004bd58,data,"s_EnvMapPolyGrids_1004bd48",string
1004bd58,1004bd63,data,"s_PortalFlow_1004bd58",string
1004bd64,1004bd70,data,"s_PortalGraph_1004bd64",string
1004bd70,1004bd7c,data,"s_PortalsOnly_1004bd70",string
1004bd7c,1004bd89,data,"s_BlockersOnly_1004bd7c",string
1004bd8c,1004bd9a,data,"s_AllSkyPortals_1004bd8c",string
1004bd9c,1004bda0,data,"s_CornerOrderFront",undefined4
1004bda0,1004bda4,data,"DAT_1004bda0",undefined4
1004bda4,1004bda8,data,"DAT_1004bda4",undefined4
1004bda8,1004bdac,data,"DAT_1004bda8",undefined4
1004bdac,1004bdac,label,"s_CornerOrderBack",Label
1004bdbc,1004bdcc,data,"s_DrawWorldModels_1004bdbc",string
1004bdcc,1004bdf2,data,"s_Unable_to_get_ddraw.dll_module_h_1004bdcc",string
1004bdf4,1004be41,data,"s_Unable_to_get_DirectDrawEnumerat_1004bdf4",string
1004be44,1004be7d,data,"s_DirectDrawEnumerateExA_failed,_u_1004be44",string
1004be80,1004be97,data,"s_DirectDrawEnumerateExA_1004be80",string
1004be98,1004bea2,data,"s_DDRAW.DLL_1004be98",string
1004bea4,1004beae,data,"s_LMDynamic_1004bea4",string
1004beb0,1004bebf,data,"s_LMDynamicScale_1004beb0",string
1004bec0,1004bece,data,"s_LMDynamicSize_1004bec0",string
1004bed0,1004bedd,data,"s_LMAnimStatic_1004bed0",string
1004bee0,1004bf08,data,"s_Unable_to_create_(%dx%d)_lightma_1004bee0",string
1004bf08,1004bf29,data,"s_Lightmaps_paged_in_%.1f_seconds._1004bf08",string
1004bf2c,1004bf3b,data,"s_LightAnim_BASE_1004bf2c",string
1004bf3c,1004bf40,data,"g_LightmapPoolTextureSizes",undefined4
1004bf40,1004bf44,data,"DAT_1004bf40",undefined4
1004bf50,1004bf54,data,"g_LightmapPoolTextureCounts",undefined4
1004bf54,1004bf58,data,"DAT_1004bf54",undefined4
1004bf78,1004bf78,label,"g_PixelBytesShift",Label
1004bf98,1004bf98,label,"g_PixelBytes",Label
1004bfb8,1004bfbc,data,"g_ConvertPixelsFns",undefined *
1004bfbc,1004bfc0,data,"DAT_1004bfbc",undefined *
1004bfc0,1004bfc4,data,"DAT_1004bfc0",undefined *
1004bfc4,1004bfc8,data,"DAT_1004bfc4",undefined *
1004bfdc,1004bfe0,data,"DAT_1004bfdc",undefined *
1004bfe0,1004bfe4,data,"DAT_1004bfe0",undefined *
1004bfe4,1004bfe8,data,"DAT_1004bfe4",undefined *
1004bffc,1004c000,data,"DAT_1004bffc",undefined *
1004c000,1004c004,data,"DAT_1004c000",undefined *
1004c004,1004c008,data,"DAT_1004c004",undefined *
1004c01c,1004c020,data,"DAT_1004c01c",undefined *
1004c020,1004c024,data,"DAT_1004c020",undefined *
1004c024,1004c028,data,"DAT_1004c024",undefined *
1004c040,1004c044,data,"DAT_1004c040",undefined *
1004c044,1004c048,data,"DAT_1004c044",undefined *
1004c048,1004c04c,data,"DAT_1004c048",undefined *
1004c0b8,1004c0b8,label,"g_ConvertFromPValueFns",Label
1004c0bc,1004c0c0,data,"DAT_1004c0bc",undefined *
1004c0c0,1004c0c4,data,"DAT_1004c0c0",undefined *
1004c0c4,1004c0c8,data,"DAT_1004c0c4",undefined *
1004c0d8,1004c0d8,label,"g_ConvertToPValueFns",Label
1004c0dc,1004c0e0,data,"DAT_1004c0dc",undefined *
1004c0e0,1004c0e4,data,"DAT_1004c0e0",undefined *
1004c0e4,1004c0e8,data,"DAT_1004c0e4",undefined *
1004c0f8,1004c110,data,"s_VS_CANVASES_TRANSLUCENT_1004c0f8",string
1004c110,1004c11c,data,"s_VS_CANVASES_1004c110",string
1004c11c,1004c12f,data,"s_VS_PARTICLESYSTEMS_1004c11c",string
1004c130,1004c13f,data,"s_VS_LINESYSTEMS_1004c130",string
1004c140,1004c159,data,"s_VS_POLYGRIDS_TRANSLUCENT_1004c140",string
1004c15c,1004c169,data,"s_VS_POLYGRIDS_1004c15c",string
1004c16c,1004c176,data,"s_VS_LIGHTS_1004c16c",string
1004c178,1004c191,data,"s_VS_WORLDMODELS_CHROMAKEY_1004c178",string
1004c194,1004c1af,data,"s_VS_WORLDMODELS_TRANSLUCENT_1004c194",string
1004c1b0,1004c1bf,data,"s_VS_WORLDMODELS_1004c1b0",string
1004c1c0,1004c1cf,data,"s_VS_SPRITES_NOZ_1004c1c0",string
1004c1d0,1004c1db,data,"s_VS_SPRITES_1004c1d0",string
1004c1dc,1004c1f0,data,"s_VS_MODELS_CHROMAKEY_1004c1dc",string
1004c1f0,1004c206,data,"s_VS_MODELS_TRANSLUCENT_1004c1f0",string
1004c208,1004c212,data,"s_VS_MODELS_1004c208",string
1004c214,1004c236,data,"s_ERROR:_GetVisBSP_returned_LTNULL_1004c214",string
1004c238,1004c238,label,"__fltused",Label
1004c23c,1004c23c,label,"__ldused",Label
1004c240,1004c244,data,"__FPinit",undefined *
1004c244,1004c248,data,"__FPmtinit",undefined *
1004c248,1004c24c,data,"__FPmtterm",undefined *
1004c250,1004c250,label,"_NAME_",Label
1004c260,1004c260,label,"_NAME_",Label
1004c264,1004c268,data,"_newcw",undefined4
1004c270,1004c270,label,"_NAME_",Label
1004c280,1004c280,label,"_NAME_",Label
1004c290,1004c290,label,"_NAME_",Label
1004c2a0,1004c2a0,label,"__half",Label
1004c2a8,1004c2a8,label,"POW_name",Label
1004c2b0,1004c2b0,label,"_NAME_",Label
1004c2b8,1004c2bc,data,"__aexit_rtn",pointer
1004c2bc,1004c2bc,label,"__NLG_Destination",Label
1004c2c0,1004c2c4,data,"DAT_1004c2c0",undefined4
1004c2c4,1004c2c8,data,"DAT_1004c2c4",undefined4
1004c2c8,1004c2cc,data,"DAT_1004c2c8",undefined4
1004c2cc,1004c2d0,data,"_cfltcvt_tab",pointer
1004c2d0,1004c2d4,data,"PTR___fptrap_1004c2d0",pointer
1004c2d4,1004c2d8,data,"PTR___fptrap_1004c2d4",pointer
1004c2d8,1004c2dc,data,"PTR___fptrap_1004c2d8",pointer
1004c2dc,1004c2e0,data,"PTR___fptrap_1004c2dc",pointer
1004c2e0,1004c2e4,data,"PTR___fptrap_1004c2e0",pointer
1004c2e8,1004c2ec,data,"_?_names@?1??_get_fname@@9@9",undefined4
1004c2f0,1004c2f4,data,"DAT_1004c2f0",undefined4
1004c2f4,1004c2f8,data,"PTR_string_1004c2f4",pointer
1004c3c0,1004c3c0,label,"__d_inf",Label
1004c3c8,1004c3c8,label,"__d_ind",Label
1004c3d0,1004c3d0,label,"__d_max",Label
1004c3d8,1004c3d8,label,"__d_min",Label
1004c3e0,1004c3e0,label,"__d_mzero",Label
1004c3e8,1004c3e8,label,"_over",Label
1004c3f4,1004c3f4,label,"_under",Label
1004c400,1004c400,label,"__indefinite",Label
1004c40a,1004c40a,label,"__piby2",Label
1004c414,1004c414,label,"One",Label
1004c41c,1004c41c,label,"XAMtoTagTab",Label
1004c430,1004c434,data,"_pctype",pointer
1004c63c,1004c640,data,"__mb_cur_max",int
1004c640,1004c641,data,"__decimal_point",undefined1
1004c64c,1004c650,data,"_locktable",LPCRITICAL_SECTION
1004c650,1004c654,data,"lpCriticalSection_1004c650",pointer
1004c670,1004c674,data,"lpCriticalSection_1004c670",pointer
1004c680,1004c684,data,"lpCriticalSection_1004c680",pointer
1004c690,1004c694,data,"lpCriticalSection_1004c690",pointer
1004c70c,1004c710,data,"___sbh_threshold",undefined4
1004c710,1004c714,data,"___nullstring",pointer
1004c714,1004c718,data,"___wnullstring",pointer
1004c828,1004c82c,data,"__iob",pointer
1004c838,1004c83c,data,"DAT_1004c838",undefined4
1004c858,1004c85c,data,"DAT_1004c858",undefined4
1004cab0,1004cab0,label,"__infinity",Label
1004caba,1004caba,label,"__minfinity",Label
1004cac4,1004cac4,label,"__logemax",Label
1004cace,1004cace,label,"_log2max",Label
1004cae2,1004cae2,label,"_half",Label
1004caea,1004caea,label,"__OP_EXPjmptab",Label
1004cb10,1004cb10,label,"__OP_ATAN2jmptab",Label
1004cb20,1004cb24,data,"DAT_1004cb20",undefined *
1004cb24,1004cb28,data,"DAT_1004cb24",undefined *
1004cb28,1004cb2c,data,"DAT_1004cb28",undefined *
1004cb2c,1004cb30,data,"DAT_1004cb2c",undefined *
1004cb30,1004cb34,data,"DAT_1004cb30",undefined *
1004cb34,1004cb38,data,"DAT_1004cb34",undefined *
1004cb38,1004cb3c,data,"DAT_1004cb38",undefined *
1004cb3c,1004cb40,data,"DAT_1004cb3c",undefined *
1004cb40,1004cb44,data,"DAT_1004cb40",undefined *
1004cb44,1004cb48,data,"DAT_1004cb44",undefined *
1004cb48,1004cb4c,data,"DAT_1004cb48",undefined *
1004cb4c,1004cb50,data,"DAT_1004cb4c",undefined *
1004cb50,1004cb54,data,"DAT_1004cb50",undefined *
1004cb54,1004cb58,data,"DAT_1004cb54",undefined *
1004cb58,1004cb5c,data,"DAT_1004cb58",undefined *
1004cb5c,1004cb60,data,"DAT_1004cb5c",undefined *
1004cb60,1004cb64,data,"__tlsindex",DWORD
1004cb68,1004cb68,label,"___badioinfo",Label
1004cb6c,1004cb6d,data,"DAT_1004cb6c",undefined1
1004cb90,1004cb94,data,"_rterrs",undefined4
1004cb98,1004cb9c,data,"DAT_1004cb98",undefined4
1004cba0,1004cba4,data,"DAT_1004cba0",undefined4
1004cba4,1004cba8,data,"lpBuffer_1004cba4",pointer
1004cc20,1004cc24,data,"PTR___CxxUnhandledExceptionFilter_1004cc20",pointer
1004cc38,1004cc38,label,"_DoubleFormat",Label
1004cc50,1004cc50,label,"_FloatFormat",Label
1004cc70,1004cc74,data,"_errtable",undefined4
1004cc78,1004cc7c,data,"DAT_1004cc78",undefined4
1004cc7c,1004cc80,data,"DAT_1004cc7c",undefined4
1004cdd8,1004cddc,data,"_matherr_flag",undefined4
1004cde0,1004cde0,label,"fdiv_risc_table",Label
1004cdf0,1004cdf0,label,"fdiv_scale_1",Label
1004cdf4,1004cdf4,label,"fdiv_scale_2",Label
1004cdf8,1004cdf8,label,"one_shl_63",Label
1004cdfc,1004cdfc,label,"fprem_risc_table",Label
1004ce14,1004ce14,label,"one_shl_64",Label
1004ce1c,1004ce1c,label,"one_shr_64",Label
1004ce2c,1004ce2c,label,"half",Label
1004ce34,1004ce34,label,"big_number",Label
1004ce3e,1004ce42,data,"dispatch_table",pointer
1004ce42,1004ce46,data,"DAT_1004ce42",pointer
1004ce46,1004ce4a,data,"DAT_1004ce46",pointer
1004ce4a,1004ce4e,data,"DAT_1004ce4a",pointer
1004ce4e,1004ce52,data,"DAT_1004ce4e",pointer
1004ce52,1004ce56,data,"DAT_1004ce52",pointer
1004ce56,1004ce5a,data,"DAT_1004ce56",pointer
1004ce5a,1004ce5e,data,"DAT_1004ce5a",pointer
1004ce5e,1004ce62,data,"DAT_1004ce5e",pointer
1004ce62,1004ce66,data,"DAT_1004ce62",pointer
1004ce66,1004ce6a,data,"DAT_1004ce66",pointer
1004ce6a,1004ce6e,data,"DAT_1004ce6a",pointer
1004ce6e,1004ce72,data,"DAT_1004ce6e",pointer
1004ce72,1004ce76,data,"DAT_1004ce72",pointer
1004ce76,1004ce7a,data,"DAT_1004ce76",pointer
1004ce7a,1004ce7e,data,"DAT_1004ce7a",pointer
1004ce7e,1004ce82,data,"DAT_1004ce7e",pointer
1004ce82,1004ce86,data,"DAT_1004ce82",pointer
1004ce86,1004ce8a,data,"DAT_1004ce86",pointer
1004ce8a,1004ce8e,data,"DAT_1004ce8a",pointer
1004ce8e,1004ce92,data,"DAT_1004ce8e",pointer
1004ce92,1004ce96,data,"DAT_1004ce92",pointer
1004ce96,1004ce9a,data,"DAT_1004ce96",pointer
1004ce9a,1004ce9e,data,"DAT_1004ce9a",pointer
1004ce9e,1004cea2,data,"DAT_1004ce9e",pointer
1004cea2,1004cea6,data,"DAT_1004cea2",pointer
1004cea6,1004ceaa,data,"DAT_1004cea6",pointer
1004ceaa,1004ceae,data,"DAT_1004ceaa",pointer
1004ceae,1004ceb2,data,"DAT_1004ceae",pointer
1004ceb2,1004ceb6,data,"DAT_1004ceb2",pointer
1004ceb6,1004ceba,data,"DAT_1004ceb6",pointer
1004ceba,1004cebe,data,"DAT_1004ceba",pointer
1004cebe,1004cec2,data,"DAT_1004cebe",pointer
1004cec2,1004cec6,data,"DAT_1004cec2",pointer
1004cec6,1004ceca,data,"DAT_1004cec6",pointer
1004ceca,1004cece,data,"DAT_1004ceca",pointer
1004cece,1004ced2,data,"DAT_1004cece",pointer
1004ced2,1004ced6,data,"DAT_1004ced2",pointer
1004ced6,1004ceda,data,"DAT_1004ced6",pointer
1004ceda,1004cede,data,"DAT_1004ceda",pointer
1004cede,1004cee2,data,"DAT_1004cede",pointer
1004cee2,1004cee6,data,"DAT_1004cee2",pointer
1004cee6,1004ceea,data,"DAT_1004cee6",pointer
1004ceea,1004ceee,data,"DAT_1004ceea",pointer
1004ceee,1004cef2,data,"DAT_1004ceee",pointer
1004cef2,1004cef6,data,"DAT_1004cef2",pointer
1004cef6,1004cefa,data,"DAT_1004cef6",pointer
1004cefa,1004cefe,data,"DAT_1004cefa",pointer
1004cefe,1004cf02,data,"DAT_1004cefe",pointer
1004cf02,1004cf06,data,"DAT_1004cf02",pointer
1004cf06,1004cf0a,data,"DAT_1004cf06",pointer
1004cf0a,1004cf0e,data,"DAT_1004cf0a",pointer
1004cf0e,1004cf12,data,"DAT_1004cf0e",pointer
1004cf12,1004cf16,data,"DAT_1004cf12",pointer
1004cf16,1004cf1a,data,"DAT_1004cf16",pointer
1004cf1a,1004cf1e,data,"DAT_1004cf1a",pointer
1004cf1e,1004cf22,data,"DAT_1004cf1e",pointer
1004cf22,1004cf26,data,"DAT_1004cf22",pointer
1004cf26,1004cf2a,data,"DAT_1004cf26",pointer
1004cf2a,1004cf2e,data,"DAT_1004cf2a",pointer
1004cf2e,1004cf32,data,"DAT_1004cf2e",pointer
1004cf32,1004cf36,data,"DAT_1004cf32",pointer
1004cf36,1004cf3a,data,"DAT_1004cf36",pointer
1004cf3a,1004cf3e,data,"DAT_1004cf3a",pointer
1004cf40,1004cf40,label,"_XcptActTab",Label
1004cfb8,1004cfbc,data,"_First_FPE_Indx",undefined4
1004cfbc,1004cfc0,data,"_Num_FPE",undefined4
1004cfc4,1004cfc8,data,"_XcptActTabCount",undefined4
1004cfc8,1004cfc8,label,"___rgctypeflag",Label
1004cfd0,1004cfd4,data,"___rgcode_page_info",undefined4
1004d000,1004d004,data,"DAT_1004d000",undefined4
1004d004,1004d008,data,"DAT_1004d004",undefined4
1004d008,1004d00c,data,"DAT_1004d008",undefined4
1004d00c,1004d010,data,"DAT_1004d00c",undefined4
1004d010,1004d011,data,"DAT_1004d010",undefined1
1004d011,1004d012,data,"DAT_1004d011",undefined1
1004d012,1004d013,data,"DAT_1004d012",undefined1
1004d018,1004d019,data,"DAT_1004d018",undefined1
1004d019,1004d01a,data,"DAT_1004d019",undefined1
1004d01a,1004d01b,data,"DAT_1004d01a",undefined1
1004d01b,1004d01c,data,"DAT_1004d01b",undefined1
1004d0c0,1004d0c4,data,"PTR_PTR_1004d0c0",pointer
1004d0c8,1004d0cc,data,"PTR_DAT_1004d0c8",pointer
1004d0cc,1004d0d0,data,"DAT_1004d0cc",undefined *
1004d0d0,1004d0d4,data,"DAT_1004d0d0",undefined *
1004d0d4,1004d0d8,data,"DAT_1004d0d4",undefined *
1004d0d8,1004d0dc,data,"DAT_1004d0d8",undefined *
1004d0dc,1004d0e0,data,"DAT_1004d0dc",undefined *
1004d0e0,1004d0e4,data,"DAT_1004d0e0",undefined *
1004d0e4,1004d0e8,data,"DAT_1004d0e4",undefined *
1004d0e8,1004d0ec,data,"DAT_1004d0e8",undefined *
1004d0ec,1004d0f0,data,"DAT_1004d0ec",undefined *
1004d0f0,1004d0f4,data,"DAT_1004d0f0",undefined *
1004d0f4,1004d0f8,data,"DAT_1004d0f4",undefined *
1004d0f8,1004d0fc,data,"DAT_1004d0f8",undefined *
1004d0fc,1004d100,data,"DAT_1004d0fc",undefined *
1004d100,1004d104,data,"DAT_1004d100",undefined *
1004d104,1004d108,data,"DAT_1004d104",undefined *
1004d108,1004d10c,data,"DAT_1004d108",undefined *
1004d10c,1004d110,data,"DAT_1004d10c",undefined *
1004d110,1004d114,data,"DAT_1004d110",undefined *
1004d114,1004d118,data,"DAT_1004d114",undefined *
1004d118,1004d11c,data,"DAT_1004d118",undefined *
1004d11c,1004d120,data,"DAT_1004d11c",undefined *
1004d120,1004d124,data,"DAT_1004d120",undefined *
1004d124,1004d128,data,"DAT_1004d124",undefined *
1004d128,1004d12c,data,"DAT_1004d128",undefined *
1004d12c,1004d130,data,"DAT_1004d12c",undefined *
1004d130,1004d134,data,"DAT_1004d130",undefined *
1004d134,1004d138,data,"DAT_1004d134",undefined *
1004d138,1004d13c,data,"DAT_1004d138",undefined *
1004d13c,1004d140,data,"DAT_1004d13c",undefined *
1004d140,1004d144,data,"DAT_1004d140",undefined *
1004d144,1004d148,data,"DAT_1004d144",undefined *
1004d148,1004d14c,data,"DAT_1004d148",undefined *
1004d14c,1004d150,data,"DAT_1004d14c",undefined *
1004d150,1004d154,data,"DAT_1004d150",undefined *
1004d154,1004d158,data,"DAT_1004d154",undefined *
1004d158,1004d15c,data,"DAT_1004d158",undefined *
1004d15c,1004d160,data,"DAT_1004d15c",undefined *
1004d160,1004d164,data,"DAT_1004d160",undefined *
1004d164,1004d168,data,"DAT_1004d164",undefined *
1004d168,1004d16c,data,"DAT_1004d168",undefined *
1004d16c,1004d170,data,"DAT_1004d16c",undefined *
1004d170,1004d174,data,"DAT_1004d170",undefined *
1004d180,1004d184,data,"DAT_1004d180",undefined *
1004d184,1004d188,data,"DAT_1004d184",undefined *
1004d188,1004d18c,data,"DAT_1004d188",undefined *
1004d18c,1004d190,data,"DAT_1004d18c",undefined *
1004d190,1004d194,data,"DAT_1004d190",undefined *
1004d194,1004d198,data,"DAT_1004d194",undefined *
1004d198,1004d19c,data,"DAT_1004d198",undefined *
1004d19c,1004d1a0,data,"DAT_1004d19c",undefined *
1004d1a0,1004d1a4,data,"DAT_1004d1a0",undefined *
1004d1a4,1004d1a8,data,"DAT_1004d1a4",undefined *
1004d278,1004d278,label,"_pow10pos",Label
1004d3d8,1004d3d8,label,"_pow10neg",Label
1004d5a0,1004d5a4,data,"g_CV_ModelVBCacheDelay",undefined4
1004d5c0,1004d5c0,label,"g_CV_ModelDetailTextureScale",Label
1004d5e0,1004d5e0,label,"g_CV_ModelMinTri",Label
1004d600,1004d604,data,"g_CV_ModelVBSize",undefined4
1004d620,1004d620,label,"g_ModelTransformedVertexPoolTex1",Label
1004d640,1004d644,data,"DAT_1004d640",undefined4
1004d644,1004d648,data,"DAT_1004d644",undefined4
1004d660,1004d664,data,"g_CV_ModelVBCache",undefined4
1004da80,1004da80,label,"g_ModelTransformedVertexPoolTex2",Label
1004daa0,1004daa4,data,"DAT_1004daa0",undefined4
1004daa4,1004daa8,data,"DAT_1004daa4",undefined4
1004dac0,1004dac0,label,"g_CV_SpecularScaleTest",Label
1004dac4,1004dac8,data,"DAT_1004dac4",undefined4
1004dae0,1004dae0,label,"g_ModelUntransformedVertexPoolTex2",Label
1004db00,1004db04,data,"DAT_1004db00",undefined4
1004db04,1004db08,data,"DAT_1004db04",undefined4
1004eb20,1004eb20,label,"g_CV_SpecularPowerTest",Label
1004eb24,1004eb28,data,"DAT_1004eb24",undefined4
1004eb40,1004eb40,label,"g_ModelTextureUOffset",Label
1004eb44,1004eb44,label,"g_ModelTextureVOffset",Label
1004eb48,1004eb48,label,"g_ModelUntransformedVertexPoolTex1",Label
1004eb68,1004eb6c,data,"DAT_1004eb68",undefined4
1004eb6c,1004eb70,data,"DAT_1004eb6c",undefined4
1004eb88,1004eb8c,data,"g_CV_ModelVBCount",undefined4
1004eba8,1004eba8,label,"g_fGlobalPanUScale",Label
1004ebac,1004ebac,label,"g_fGlobalPanVScale",Label
1004ffb0,1004ffb0,label,"g_fGlobalPanUOffset",Label
1004ffb4,1004ffb4,label,"g_fGlobalPanVOffset",Label
1004ffb8,1004ffbc,data,"g_pDeferredGlobalPanPolys",undefined4
1004ffc0,1004ffc0,label,"g_fParticleRedScale",Label
1004ffc4,1004ffc4,label,"g_fParticleGreenScale",Label
1004ffc8,1004ffc8,label,"g_fParticleBlueScale",Label
1004ffcc,1004ffd0,data,"g_fParticleTextureUMin",undefined4
1004ffd0,1004ffd4,data,"g_fParticleTextureUMax",undefined4
1004ffd4,1004ffd8,data,"g_dwParticleFogSpecular",undefined4
1004ffd8,1004ffdc,data,"g_fParticleTextureVMin",undefined4
100513dc,100513e0,data,"g_fParticleTextureVMax",undefined4
100513e0,100513e0,label,"g_WorldDetailTextureAngleSin",Label
100513e8,100513ec,data,"g_CV_DetailTextureAdd",undefined4
10051408,1005140c,data,"g_CV_EnvMapWorld",undefined4
10051428,1005142c,data,"g_CV_FixSparkleys",undefined4
10051448,1005144c,data,"g_CV_DetailTextures",undefined4
10051468,1005146c,data,"g_CV_LMAnim",undefined4
10051488,1005148c,data,"g_CV_LMFullBright",undefined4
100514a8,100514a8,label,"g_WorldDetailTextureScale",Label
100518b0,100518b0,label,"g_CV_DetailTextureAngle",Label
100518d0,100518d0,label,"g_WorldDetailTextureAngleCos",Label
100528d4,100528d8,data,"g_pQueuedLightmapPageHead",undefined4
100528d8,100528dc,data,"g_bChromaKeyPass",undefined4
100528e0,100528e4,data,"g_CV_ModelUseTnL",undefined4
10052900,10052904,data,"g_ModelWarbleDeltas",undefined4
10052904,10052908,data,"DAT_10052904",undefined4
10052980,10052980,label,"g_ModelDraw",Label
10052f9c,10052f9c,label,"g_fEnvPanUOffset",Label
10052fa0,10052fa0,label,"g_fEnvPanVOffset",Label
10052fa4,10052fa4,label,"g_fEnvMapUScale",Label
10052fa8,10052fa8,label,"g_fEnvMapVScale",Label
10053238,10053238,label,"g_CV_ExtraFOVYOffset",Label
10053258,10053258,label,"g_CV_ModelSaturation",Label
10053278,10053278,label,"g_fModelWarblePhase",Label
10053280,10053280,label,"g_ModelFrameListHeadB",Label
1005328c,10053290,data,"g_nModelWarbleIndex",undefined4
10053290,10053294,data,"g_CV_LightModelSprites",undefined4
100532b0,100532b4,data,"g_CV_ModelCacheRigid",undefined4
100536d0,100536d0,label,"g_CV_ModelLODOffset",Label
100536f0,100536f4,data,"g_CV_DrawModelsRigid",undefined4
10053710,10053710,label,"g_CV_ExtraFOVXOffset",Label
10053730,10053734,data,"g_ModelWarbleScales",undefined4
10053734,10053738,data,"DAT_10053734",undefined4
10053738,1005373c,data,"DAT_10053738",undefined4
100537b0,100537b4,data,"g_CV_ModelFovTest",undefined4
100537d0,100537d4,data,"g_CV_ModelApplySun",undefined4
100537f0,100537f0,label,"g_CV_ModelLODBlendDist",Label
10053810,10053814,data,"g_CV_ModelLODBlendEnable",undefined4
10053830,10053830,label,"g_CV_ModelZoomScale",Label
10054850,10054850,label,"g_CV_ModelSunVariance",Label
10054870,10054870,label,"g_fModelWarbleFraction",Label
10054878,10054878,label,"g_ModelFrameListHeadA",Label
10054888,1005488a,data,"g_ModelVBCacheLastAgeFrameCode",undefined2
10054890,10054890,label,"g_CV_ReallyCloseNearZ",Label
10054894,10054898,data,"DAT_10054894",undefined4
10055cb0,10055cb0,label,"g_CV_NearZ",Label
10055cb4,10055cb8,data,"DAT_10055cb4",undefined4
10055cd8,10055cdc,data,"g_nParticlesDrawn",undefined4
10055cdc,10055ce0,data,"g_nTextureUploadSaves",undefined4
10055ce0,10055ce4,data,"g_pGlobalPanInfo",undefined4
10055ce8,10055cec,data,"g_GlobalVertexTint",undefined4
10055cec,10055cf0,data,"DAT_10055cec",undefined4
10055cf0,10055cf4,data,"DAT_10055cf0",undefined4
10055cf4,10055cf8,data,"g_nVisibleLeaves",undefined4
10055cf8,10055cfc,data,"g_ViewParams",undefined4
10055cfc,10055d00,data,"DAT_10055cfc",undefined4
10055d14,10055d18,data,"DAT_10055d14",undefined4
10055d18,10055d1c,data,"DAT_10055d18",undefined4
10055d1c,10055d20,data,"DAT_10055d1c",undefined4
10055d20,10055d24,data,"DAT_10055d20",undefined4
10055d24,10055d28,data,"DAT_10055d24",undefined4
10055d28,10055d2c,data,"DAT_10055d28",undefined4
10055d2c,10055d30,data,"DAT_10055d2c",undefined4
10055d80,10055d84,data,"DAT_10055d80",undefined4
10055d88,10055d8c,data,"DAT_10055d88",undefined4
10055d94,10055d98,data,"DAT_10055d94",undefined4
10055d98,10055d9c,data,"DAT_10055d98",undefined4
10055dd4,10055dd8,data,"DAT_10055dd4",undefined4
10055e54,10055e58,data,"DAT_10055e54",undefined4
10055e58,10055e5c,data,"DAT_10055e58",undefined4
10055ed4,10055ed8,data,"DAT_10055ed4",undefined4
10055ed8,10055edc,data,"DAT_10055ed8",undefined4
10055fd4,10055fd8,data,"DAT_10055fd4",undefined4
100560c8,100560cc,data,"DAT_100560c8",undefined4
100560cc,100560d0,data,"DAT_100560cc",undefined4
100560d0,100560d4,data,"DAT_100560d0",undefined4
100560d4,100560d8,data,"DAT_100560d4",undefined4
100560d8,100560dc,data,"DAT_100560d8",undefined4
100560dc,100560e0,data,"DAT_100560dc",undefined4
100560e0,100560e4,data,"DAT_100560e0",undefined4
100560e4,100560e8,data,"DAT_100560e4",undefined4
10056188,1005618c,data,"DAT_10056188",undefined4
1005618c,10056190,data,"DAT_1005618c",undefined4
10056190,10056194,data,"DAT_10056190",undefined4
10056194,10056198,data,"DAT_10056194",undefined4
10056198,1005619c,data,"DAT_10056198",undefined4
1005619c,100561a0,data,"DAT_1005619c",undefined4
100561a0,100561a4,data,"g_ViewForwardX",undefined4
100561a4,100561a8,data,"DAT_100561a4",undefined4
100561a8,100561ac,data,"g_ViewForwardZ",undefined4
100561ac,100561b0,data,"DAT_100561ac",undefined4
100561b0,100561b4,data,"DAT_100561b0",undefined4
100561b4,100561b8,data,"DAT_100561b4",undefined4
100561b8,100561bc,data,"DAT_100561b8",undefined4
100561bc,100561c0,data,"DAT_100561bc",undefined4
100561c0,100561c4,data,"DAT_100561c0",undefined4
100561c4,100561c8,data,"DAT_100561c4",undefined4
100561cc,100561d0,data,"DAT_100561cc",undefined4
100561d0,100561d4,data,"DAT_100561d0",undefined4
100561d4,100561d8,data,"DAT_100561d4",undefined4
100561d8,100561dc,data,"DAT_100561d8",undefined4
100561dc,100561e0,data,"DAT_100561dc",undefined4
100561e0,100561e4,data,"DAT_100561e0",undefined4
100561e4,100561e8,data,"DAT_100561e4",undefined4
100561e8,100561ec,data,"DAT_100561e8",undefined4
100561ec,100561f0,data,"DAT_100561ec",undefined4
100561f0,100561f4,data,"g_CurObjectFrameCode",undefined4
100561f8,100561fc,data,"g_GlobalLightScale",undefined4
100561fc,10056200,data,"DAT_100561fc",undefined4
10056200,10056204,data,"DAT_10056200",undefined4
10056208,1005620c,data,"g_GlobalLightScale255",undefined4
1005620c,10056210,data,"DAT_1005620c",undefined4
10056210,10056214,data,"DAT_10056210",undefined4
10056214,10056218,data,"g_nLitPolies",undefined4
10056218,1005621c,data,"g_nNumObjectDynamicLights",undefined4
10056220,10056220,label,"g_PolyLightBank",Label
10056228,1005622c,data,"DAT_10056228",undefined4
10056238,1005623c,data,"DAT_10056238",undefined4
10056240,10056240,label,"g_LitPolyBank",Label
10056248,1005624c,data,"DAT_10056248",undefined4
10056258,1005625c,data,"DAT_10056258",undefined4
1005625c,1005625c,label,"g_nInitFrameArgument",Label
10056260,10056264,data,"g_vGlobalModelDirAdd2",undefined4
10056264,10056268,data,"DAT_10056264",undefined4
10056268,1005626c,data,"DAT_10056268",undefined4
1005626c,10056270,data,"g_nModelTrianglesDrawn",undefined4
10056270,10056274,data,"g_nSkyPolyFragments",undefined4
10056274,10056278,data,"g_ClipFlags",undefined4
10056278,1005627c,data,"g_nDynamicLightmapsRefreshed",undefined4
1005627c,10056280,data,"g_pClipScratchVerts",undefined4
10056280,10056284,data,"g_nTextureUploads",undefined4
10056284,10056288,data,"g_pFrameRenderContext",undefined4
10056688,1005668c,data,"g_nWorldPolysProcessed",undefined4
1005668c,10056690,data,"g_nPlaneClipTests",undefined4
10056690,10056694,data,"g_nRejectedPolyLightTests",undefined4
10056694,10056694,label,"g_fScreenTriangleArea",Label
10056698,10056698,label,"g_GlobalLightScaleColor",Label
100566a0,100566a4,data,"g_vSceneClientVectorSecondary",undefined4
100566a4,100566a8,data,"DAT_100566a4",undefined4
100566a8,100566ac,data,"DAT_100566a8",undefined4
100566ac,100566b0,data,"g_nWorldPolysDrawn",undefined4
100566b0,100566b4,data,"g_nPolygonTriangles",undefined4
100566b4,100566b8,data,"g_pSceneDesc",undefined4
100566b8,100566bc,data,"g_nSkyPortals",undefined4
100566bc,100566c0,data,"g_GlobalVertexTintColor",undefined4
100566c0,100566c4,data,"g_vGlobalLightScalePerByte",undefined4
100566c4,100566c8,data,"DAT_100566c4",undefined4
100566c8,100566cc,data,"DAT_100566c8",undefined4
100566cc,100566d0,data,"g_nLightTests",undefined4
100566d0,100566d4,data,"g_ObjectDynamicLights",undefined4
100566d4,100566d8,data,"DAT_100566d4",undefined4
10056770,10056774,data,"g_pFrameMainWorld",undefined4
10057774,10057775,data,"g_nPolyVertexAlpha",undefined1
10057778,10057778,label,"g_PolyDrawRecordBank",Label
10057794,10057798,data,"g_nTextureChanges",undefined4
10057798,1005779c,data,"g_GlobalModelDirAdd2Color",undefined4
1005779c,1005779c,label,"g_nReservedFrameStatistic",Label
100577a0,100577a2,data,"g_CurFrameCode",undefined2
100577a8,100577ac,data,"g_vSceneClientVectorPrimary",undefined4
100577ac,100577b0,data,"DAT_100577ac",undefined4
100577b0,100577b4,data,"DAT_100577b0",undefined4
100577b4,100577b8,data,"g_pDynamicallyLitPolys",undefined4
100577b8,100577ba,data,"g_CurTextureFrameCode",undefined2
100577c0,100577c4,data,"g_pModeList",undefined4
100577c8,100577c8,label,"g_ScreenPixelFormat",Label
100577cc,100577d0,data,"DAT_100577cc",undefined4
10057800,10057804,data,"g_EnumeratedDeviceList",undefined4
10057804,10057808,data,"DAT_10057804",undefined4
1005780c,10057810,data,"g_pModeEnumerationDevice",undefined4
10057810,10057814,data,"g_pDD",IDirectDraw7 *
10057814,10057818,data,"g_pPrimary",undefined4
10057818,1005781c,data,"g_pBackBuffer",undefined4
1005781c,10057820,data,"g_pOffscreen",undefined4
10057820,10057824,data,"g_pZBuffer",undefined4
10057828,1005782c,data,"g_RenderSurfaceMemoryCaps",undefined4
1005782c,10057830,data,"g_Bilinear",undefined4
10057830,10057830,label,"g_CV_WarbleSpeed",Label
10057858,1005785c,data,"g_CV_TableFog",undefined4
10057878,1005787c,data,"g_DrawGuns",undefined4
10057880,10057880,label,"g_CV_Dither",Label
100578a0,100578a0,label,"g_fFogDepthRange",Label
100578a8,100578a8,label,"g_CV_LightmapsOnly",Label
100578c8,100578c8,label,"g_CV_ShowPolyCounts",Label
100578e8,100578e8,label,"g_fLastDeviceFogFarZ",Label
100578ec,100578f0,data,"g_Saturate",undefined4
100578f0,100578f0,label,"g_CV_32BitTextures",Label
10057910,10057910,label,"g_CV_DynamicLight",Label
10057930,10057930,label,"g_CV_32BitLightmaps",Label
10057950,10057950,label,"g_CV_LightModels",Label
10057970,10057970,label,"g_CV_InvertHack",Label
10057990,10057990,label,"g_fFogAlphaScale",Label
10057994,10057998,data,"g_NoLMPages",undefined4
10057998,1005799c,data,"g_hWnd",HWND
100579a0,100579a0,label,"g_CV_EnvMapAll",Label
100579c0,100579c0,label,"g_CV_FilterOptimized",Label
100579e0,100579e0,label,"g_fCenteredFogRed",Label
100579e4,100579e4,label,"g_fCenteredFogGreen",Label
100579e8,100579e8,label,"g_fCenteredFogBlue",Label
100579ec,100579ec,label,"g_nLastDeviceBilinear",Label
100579f0,100579f0,label,"g_CV_ModelBoxes",Label
10057a10,10057a14,data,"g_bSpecialRenderMode",undefined4
10057a18,10057a18,label,"g_CV_SkyFogNearZ",Label
10057a38,10057a38,label,"g_CV_MaxTexAspectRatio",Label
10057a58,10057a58,label,"g_fWarbleTableScale",Label
10057a5c,10057a60,data,"g_MaxTexAspectRatio",undefined4
10057a60,10057a60,label,"g_CV_MMXRast",Label
10057a80,10057a80,label,"g_CV_Force2Pass",Label
10057aa0,10057aa4,data,"g_bRunWindowed",undefined4
10057aa8,10057aa8,label,"g_CV_NoLMPages",Label
10057ac8,10057acc,data,"g_nLastDeviceFogEnable",undefined4
10057ad0,10057ad0,label,"g_CV_MipmapOffset",Label
10057af0,10057af0,label,"g_CV_LightSaturate",Label
10057b10,10057b10,label,"g_EnvScale",Label
10057b18,10057b18,label,"g_CV_ShowFullbriteModels",Label
10057b38,10057b38,label,"g_CV_EnvMapEnable",Label
10057b58,10057b58,label,"g_nRenderFrameCount",Label
10057b60,10057b60,label,"g_CV_Wireframe",Label
10057b80,10057b80,label,"g_CV_ModelFullbrite",Label
10057ba0,10057ba0,label,"g_CV_ShadowZRange",Label
10057bc0,10057bc0,label,"g_CV_DrawPolyGrids",Label
10057be0,10057be4,data,"g_EnvMapEnable",undefined4
10057be8,10057be8,label,"g_CV_Saturate",Label
10057c08,10057c08,label,"g_CV_Force1Pass",Label
10057c30,10057c30,label,"g_CV_UseDX6Commands",Label
10057c50,10057c50,label,"g_CV_DrawGuns",Label
10057c70,10057c70,label,"g_CV_LightMap",Label
10057c94,10057c94,label,"g_fLightFalloffTableSaturation",Label
10057c98,10057c98,label,"g_CV_Gamma",Label
10057cb8,10057cbc,data,"g_OptimizeSurfaces",undefined4
10057cc0,10057cc0,label,"g_CV_MaxModelShadows",Label
10057ce0,10057ce0,label,"g_CV_DrawFlat",Label
10057d00,10057d00,label,"g_CV_FogFarZ",Label
10057d20,10057d20,label,"g_CV_TnLRast",Label
10057d40,10057d44,data,"g_SkyFogFarZ",undefined4
10057d44,10057d44,label,"g_GroupOffset0",Label
10057d48,10057d48,label,"g_GroupOffset1",Label
10057d4c,10057d4c,label,"g_GroupOffset2",Label
10057d50,10057d50,label,"g_GroupOffset3",Label
10057d54,10057d54,label,"g_GroupOffset4",Label
10057d58,10057d58,label,"g_GroupOffset5",Label
10057d5c,10057d5c,label,"g_GroupOffset6",Label
10057d60,10057d60,label,"g_GroupOffset7",Label
10057d64,10057d64,label,"g_GroupOffset8",Label
10057d68,10057d6c,data,"g_GroupOffset9",undefined4
10057d70,10057d70,label,"g_CV_ShadowLodOffset",Label
10057d90,10057d90,label,"g_CV_LodScale",Label
10057db0,10057db0,label,"g_CV_DrawWorld",Label
10057dd0,10057dd4,data,"g_EnvMapAll",undefined4
10057dd8,10057dd8,label,"g_CV_ModelWarble",Label
10057df8,10057df8,label,"g_CV_Bilinear",Label
10057e18,10057e1c,data,"g_LightSaturate",undefined4
10057e1c,10057e20,data,"g_WarbleScale",undefined4
10057e20,10057e24,data,"g_SkyFogNearZ",undefined4
10057e24,10057e28,data,"g_nWindowBlitScaleX",undefined4
10057e28,10057e2c,data,"g_nWindowBlitScaleY",undefined4
10057e2c,10057e30,data,"g_32BitTextures",undefined4
10057e30,10057e30,label,"g_nSysMemParameter",Label
10057e34,10057e38,data,"g_ScreenWidth",undefined4
10057e38,10057e38,label,"g_CV_DrawModels",Label
10057e58,10057e58,label,"g_CV_DrawSky",Label
10057e78,10057e78,label,"g_CV_FogColorB",Label
10057e98,10057e98,label,"g_CV_DrawLineSystems",Label
10057eb8,10057eb8,label,"g_CV_EnvPanSpeed",Label
10057ed8,10057edc,data,"g_nLastDeviceDither",undefined4
10057ee0,10057ee0,label,"g_CV_FastLight",Label
10057f00,10057f04,data,"g_MaxTextureSize",undefined4
10057f08,10057f08,label,"g_CV_RenderDebug",Label
10057f28,10057f2c,data,"g_ScreenHeight",undefined4
10057f30,10057f30,label,"g_CV_SkyScale",Label
10057f50,10057f50,label,"g_CV_SkyFogFarZ",Label
10057f70,10057f74,data,"g_ModelProfile",undefined4
10057f74,10057f78,data,"g_b32BitLightmaps",undefined4
10057f78,10057f78,label,"g_CV_FogEnable",Label
10057f98,10057f98,label,"g_CV_RGBRast",Label
10057fb8,10057fb8,label,"g_CV_TintModels",Label
10057fd8,10057fd8,label,"g_CV_LightAddPoly",Label
10057ff8,10057ff8,label,"g_CV_ShowSkySplits",Label
10058018,10058018,label,"g_CV_MaxModelLights",Label
10058038,1005803c,data,"g_ShowSkySplits",undefined4
1005803c,10058040,data,"g_MaxModelLights",undefined4
10058040,10058041,data,"g_u8FogColorR",undefined1
10058041,10058042,data,"g_u8FogColorG",undefined1
10058042,10058043,data,"g_u8FogColorB",undefined1
10058044,10058048,data,"g_nLastDeviceFogRed",undefined4
10058048,1005804c,data,"g_nLastDeviceFogGreen",undefined4
1005804c,10058050,data,"g_nLastFogBlue",undefined4
10058050,10058050,label,"g_CV_DrawAll",Label
10058070,10058070,label,"g_CV_DrawParticles",Label
10058090,10058090,label,"g_CV_TripleBuffer",Label
100580b0,100580b0,label,"g_CV_ShowSplits",Label
100580d0,100580d0,label,"g_fLastFogNearZ",Label
100580d8,100580d8,label,"g_CV_EnableSky",Label
100580f8,100580f8,label,"g_CV_MaxTextureSize",Label
10058118,1005811c,data,"g_FilterOptimized",undefined4
1005811c,10058120,data,"g_FixTJunc",undefined4
10058120,10058120,label,"g_CV_BumpMap",Label
10058140,10058140,label,"g_CV_GroupOffset7",Label
10058160,10058160,label,"g_CV_GroupOffset6",Label
10058180,10058180,label,"g_CV_LodOffset",Label
100581a0,100581a0,label,"g_CV_GroupOffset5",Label
100581c0,100581c0,label,"g_CV_GroupOffset4",Label
100581e0,100581e0,label,"g_CV_ModelProfile",Label
10058200,10058200,label,"g_CV_GroupOffset9",Label
10058220,10058220,label,"g_CV_GroupOffset8",Label
10058240,10058240,label,"g_CV_FogColorG",Label
10058260,10058260,label,"g_CV_FixTJunc",Label
10058280,10058280,label,"g_CV_WarbleScale",Label
100582a0,100582a0,label,"g_CV_OptimizeSurfaces",Label
100582c0,100582c0,label,"g_CV_EnvScale",Label
100582e0,100582e4,data,"g_nLastTableFog",undefined4
100582e8,100582e8,label,"g_CV_GroupOffset3",Label
10058308,10058308,label,"g_CV_GroupOffset2",Label
10058328,10058328,label,"g_CV_GroupOffset1",Label
10058348,10058348,label,"g_CV_GroupOffset0",Label
10058368,10058368,label,"g_CV_ShowTextureCounts",Label
10058388,10058388,label,"g_CV_DrawSprites",Label
100583a8,100583a8,label,"g_CV_TextureModels",Label
100583c8,100583c8,label,"g_CV_ShowFillInfo",Label
100583e8,100583e8,label,"g_CV_FogColorR",Label
10058408,10058408,label,"g_WarbleSpeed",Label
10058410,10058410,label,"g_CV_LockPVS",Label
10058430,10058430,label,"g_CV_FogNearZ",Label
10058450,10058450,label,"g_CV_RefRast",Label
10058470,10058474,data,"g_pStruct",undefined4
10058474,10058478,data,"g_bLightFalloffTableInitialized",undefined4
10058478,1005847c,data,"g_TripleBuffer",undefined4
1005847c,10058480,data,"g_InvertHack",undefined4
10058480,10058484,data,"g_Force1Pass",undefined4
10058484,10058488,data,"g_ModelWarble",undefined4
10058488,1005848c,data,"g_RGBRast",undefined4
1005848c,10058490,data,"g_RefRast",undefined4
10058490,10058494,data,"g_MMXRast",undefined4
10058494,10058498,data,"g_TnLRast",undefined4
10058498,10058498,label,"g_Force2Pass",Label
1005849c,100584a0,data,"g_FogEnable",undefined4
100584a0,100584a4,data,"g_FogNearZ",undefined4
100584a4,100584a8,data,"g_LockPVS",undefined4
100584a8,100584ac,data,"g_ShowFullbriteModels",undefined4
100584ac,100584b0,data,"g_MipmapOffset",undefined4
100584b0,100584b0,label,"g_BumpMap",Label
100584b4,100584b8,data,"g_ShowFillInfo",undefined4
100584b8,100584bc,data,"g_DrawAll",undefined4
100584bc,100584c0,data,"g_ShowSplits",undefined4
100584c0,100584c4,data,"g_FastLight",undefined4
100584c4,100584c8,data,"g_ShowTextureCounts",undefined4
100584c8,100584c8,label,"g_LodOffset",Label
100584cc,100584d0,data,"g_Wireframe",undefined4
100584d0,100584d4,data,"g_ModelBoxes",undefined4
100584d4,100584d8,data,"g_RenderDebug",undefined4
100584d8,100584dc,data,"g_ShowPolyCounts",undefined4
100584dc,100584e0,data,"g_DrawFlat",undefined4
100584e0,100584e4,data,"g_LightmapsOnly",undefined4
100584e4,100584e8,data,"g_bWarbleTableInitialized",undefined4
100584e8,100584ec,data,"g_bFogStateInitialized",undefined4
100584ec,100584f0,data,"g_bDitherStateInitialized",undefined4
100584f0,100584f0,label,"g_bTextureFilterStateInitialized",Label
100584f4,100584f8,data,"g_pConVars",undefined4
100584f8,100584f8,label,"g_fVFogValueRange",Label
100585c0,100585c4,data,"g_CV_ShowTexInfo",undefined4
100585e0,100585e0,label,"g_CV_VFogMaxYVal",Label
10058600,10058600,label,"g_CV_VFogDensity",Label
10058620,10058620,label,"g_fSkyFogAlphaScale",Label
10058628,1005862c,data,"g_CV_DrawWorldTree",undefined4
10058648,10058648,label,"g_PolyDrawBlockBank",Label
10058728,10058728,label,"g_nRenderScenesSinceClear",Label
1005872c,10058730,data,"g_pfnCalcFogAlpha",undefined4
10058730,10058730,label,"g_bPolyDrawModeOne",Label
10058734,10058734,label,"g_bPolyDrawSetupComplete",Label
10058738,10058738,label,"g_CV_VFogMinYVal",Label
10058758,10058758,label,"g_WorldPolyNodeBank",Label
10058760,10058764,data,"DAT_10058760",undefined4
10058770,10058774,data,"DAT_10058770",undefined4
10058774,10058774,label,"g_fVFogDensityScale",Label
10058778,10058778,label,"g_fInvVFogHeightRange",Label
10058780,10058784,data,"g_CV_RenderToFront",undefined4
100587a0,100587a4,data,"g_CV_DrawTerrainSections",undefined4
100587c0,100587c4,data,"g_CV_AlphaTest",undefined4
100587e0,100587e4,data,"g_nClippedModelsDrawn",undefined4
100587e4,100587e8,data,"g_nQueuedWorldPolyVertices",undefined4
100587e8,100587ec,data,"g_pfnDrawTexturedWorldPoly",undefined4
100587f0,100587f0,label,"g_vNegatedGlobalLightDirection",Label
100587fc,10058800,data,"g_pQueuedWorldPolyVertices",undefined4
10058800,10058800,label,"g_PolyDrawPoolResetValue",Label
10058c00,10058c04,data,"g_CV_VFog",undefined4
10058c20,10058c21,data,"DAT_10058c20",undefined1
10058c24,10058c28,data,"g_pfnDrawLightmappedWorldPoly",undefined4
10058c28,10058c2c,data,"g_TranslucentObjectStateRestorer",undefined4
10058c30,10058c34,data,"DAT_10058c30",undefined4
10058c34,10058c38,data,"DAT_10058c34",undefined4
10058c3c,10058c40,data,"DAT_10058c3c",undefined4
10058c40,10058c44,data,"g_pfnCalcSkyFogAlpha",undefined4
10058c48,10058c4c,data,"g_CV_ShowPortalBounds",undefined4
10058c68,10058c6c,data,"g_pFlatWorldPolyQueue",undefined4
10058c70,10058c74,data,"g_CV_PortalLightmap",undefined4
10058c90,10058c94,data,"g_pMultipassWorldPolyBuckets",undefined4
10058c98,10058c98,label,"g_WorldPolyBucketBank",Label
10058cb0,10058cb4,data,"DAT_10058cb0",undefined4
10058cb4,10058cb5,data,"DAT_10058cb4",undefined1
10058cb8,10058cbc,data,"g_CV_DrawPortals",undefined4
10058cd8,10058cdc,data,"g_pfnDrawUntexturedWorldPoly",undefined4
10058cdc,10058ce0,data,"g_nUnclippedModelsDrawn",undefined4
10058ce0,10058ce0,label,"g_CV_VFogMax",Label
10058ce4,10058ce8,data,"DAT_10058ce4",undefined4
10058d00,10058d04,data,"g_bDrawGouraudFullbritePass",undefined4
10059d04,10059d05,data,"g_MultipassVertexTintTableR",undefined1
10059d05,10059d06,data,"DAT_10059d05",undefined1
10059e03,10059e04,data,"DAT_10059e03",undefined1
10059e04,10059e05,data,"g_MultipassVertexTintTableG",undefined1
10059e05,10059e06,data,"DAT_10059e05",undefined1
10059f03,10059f04,data,"DAT_10059f03",undefined1
10059f04,10059f05,data,"g_MultipassVertexTintTableB",undefined1
10059f05,10059f06,data,"DAT_10059f05",undefined1
1005a003,1005a004,data,"DAT_1005a003",undefined1
1005a004,1005a005,data,"g_VertexTintTableR",undefined1
1005a005,1005a006,data,"DAT_1005a005",undefined1
1005a103,1005a104,data,"DAT_1005a103",undefined1
1005a104,1005a105,data,"g_VertexTintTableG",undefined1
1005a105,1005a106,data,"DAT_1005a105",undefined1
1005a203,1005a204,data,"DAT_1005a203",undefined1
1005a204,1005a205,data,"g_VertexTintTableB",undefined1
1005a205,1005a206,data,"DAT_1005a205",undefined1
1005a303,1005a304,data,"DAT_1005a303",undefined1
1005a304,1005a308,data,"g_pfnDrawPanningSkyWorldPoly",undefined4
1005a308,1005a30c,data,"g_pTexturedWorldPolyBuckets",undefined4
1005a310,1005a310,label,"g_CV_VFogMaxY",Label
1005a314,1005a318,data,"DAT_1005a314",undefined4
1005a330,1005a334,data,"g_nLastColorTableVertexTint",undefined4
1005a338,1005a338,label,"g_vLastColorTableLightScale",Label
1005a348,1005a348,label,"g_CV_VFogMinY",Label
1005a368,1005a36c,data,"g_nQueuedWorldPolyVertexCapacity",undefined4
1005a36c,1005a370,data,"g_pAdditiveObjectStateChange",undefined4
1005a370,1005a374,data,"g_pAlphaObjectStateChange",undefined4
1005a378,1005a37c,data,"g_nLastRenderToFront",undefined4
1005a37c,1005a37c,label,"_STL::__node_alloc<true,0>::_S_free_list",Label
1005a3bc,1005a3c0,data,"_STL::_STL_mutex_spin<0>::__last",undefined4
1005a3c0,1005a3c4,data,"_STL::__node_alloc<true,0>::_S_heap_size",undefined4
1005a3c4,1005a3c8,data,"_STL::__node_alloc<true,0>::_S_end_free",undefined4
1005a3c8,1005a3cc,data,"_STL::__node_alloc<true,0>::_S_start_free",undefined4
1005a3d0,1005a3d0,label,"g_fSkyWorldModelTintR",Label
1005a3d4,1005a3d4,label,"g_fSkyWorldModelTintG",Label
1005a3d8,1005a3d8,label,"g_fSkyWorldModelTintB",Label
1005a7e0,1005a7e4,data,"DAT_1005a7e0",undefined4
1005a7e4,1005a7e8,data,"DAT_1005a7e4",undefined4
1005a7e8,1005a7ec,data,"DAT_1005a7e8",undefined4
1005a7f0,1005a7f1,data,"DAT_1005a7f0",undefined1
1005a7f1,1005a7f2,data,"DAT_1005a7f1",undefined1
1005a7f2,1005a7f3,data,"DAT_1005a7f2",undefined1
1005a7f3,1005a7f4,data,"DAT_1005a7f3",undefined1
1005a7f8,1005a7fc,data,"DAT_1005a7f8",undefined4
1005a7fc,1005a800,data,"DAT_1005a7fc",undefined4
1005a800,1005a804,data,"DAT_1005a800",undefined4
1005a804,1005a808,data,"DAT_1005a804",undefined4
1005a808,1005a80c,data,"DAT_1005a808",undefined4
1005a812,1005a813,data,"DAT_1005a812",undefined1
1005c7e0,1005c7e4,data,"g_bOnePassLightmappingEnabled",undefined4
1005c7e8,1005c7e8,label,"g_CV_MipMapBias",Label
1005c7ec,1005c7f0,data,"DAT_1005c7ec",undefined4
1005c808,1005c80c,data,"g_bModelFullbriteCapable",undefined4
1005c80c,1005c810,data,"g_bModelSpecularBlendValidated",undefined4
1005c810,1005c814,data,"g_bModelShadowsSupported",undefined4
1005c814,1005c814,label,"g_bPowerVRWorkaround",Label
1005c818,1005c81c,data,"g_CV_UseD3DClip",undefined4
1005c838,1005c83c,data,"g_LightmapTextureStage",undefined4
1005c840,1005c844,data,"g_bSrcBlendSrcColorSupported",undefined4
1005c844,1005c848,data,"g_bDestBlendSrcAlphaSupported",undefined4
1005c848,1005c84c,data,"g_bTextureBlendAddSupported",undefined4
1005c84c,1005c850,data,"g_bTextureBlendModulateSupported",undefined4
1005c850,1005c854,data,"g_bDeviceDitherSupported",undefined4
1005c854,1005c858,data,"g_bDeviceDrawPrimitiveSupported",undefined4
1005c858,1005c85c,data,"g_bVideoMemoryTexturesSupported",undefined4
1005c85c,1005c860,data,"g_bSystemMemoryTexturesSupported",undefined4
1005c860,1005c864,data,"g_bAGPMemoryTexturesSupported",undefined4
1005c864,1005c868,data,"g_DeviceZBufferBitDepth",undefined4
1005c868,1005c86c,data,"g_DeviceRenderBitDepth",undefined4
1005c86c,1005c870,data,"g_DeviceTotalTextureMemory",undefined4
1005c870,1005c874,data,"g_DeviceFreeVideoMemory",undefined4
1005c874,1005c878,data,"g_bSurfacesLargerThanScreenSupported",undefined4
1005c878,1005c87c,data,"g_D3DDeviceDesc",undefined4
1005c87c,1005c880,data,"DAT_1005c87c",undefined4
1005c8fc,1005c900,data,"g_DeviceMaxTextureWidth",undefined4
1005c900,1005c904,data,"g_DeviceMaxTextureHeight",undefined4
1005c932,1005c934,data,"DAT_1005c932",undefined2
1005c964,1005c968,data,"g_DeviceTriangleCaps",undefined4
1005c968,1005c96c,data,"DAT_1005c968",undefined4
1005c96c,1005c970,data,"DAT_1005c96c",undefined4
1005c974,1005c975,data,"DAT_1005c974",undefined1
1005c978,1005c979,data,"DAT_1005c978",undefined1
1005c984,1005c985,data,"g_DeviceTriangleTextureCaps",undefined1
1005c988,1005c989,data,"DAT_1005c988",undefined1
1005c99c,1005c9a0,data,"g_pZBufferFormatCount",undefined4
1005c9a0,1005c9a4,data,"g_DefaultZEnableState",undefined4
1005c9a8,1005c9ac,data,"g_CV_Anisotropic",undefined4
1005cdc8,1005cdcc,data,"g_bLightAddPolyCapable",undefined4
1005cdd0,1005cdd4,data,"g_ChosenZBufferPixelFormat",undefined4
1005cdd4,1005cdd8,data,"DAT_1005cdd4",undefined4
1005cde0,1005cde4,data,"g_ChosenZBufferStencilBitDepth",undefined4
1005cdf0,1005cdf4,data,"g_bGouraudFullbriteCapable",undefined4
1005cdf8,1005cdfc,data,"g_CV_Trilinear",undefined4
1005ce18,1005ce1c,data,"g_bPortalsEnabled",undefined4
1005de1c,1005de1c,label,"g_ModelHalfTexelScale",Label
1005de20,1005de24,data,"g_bLightmapCapable",undefined4
1005de24,1005de28,data,"g_pEnumeratedZBufferFormats",undefined4
1005de28,1005de2c,data,"g_NormalTextureStage",undefined4
1005de2c,1005de30,data,"g_bTwoTextureStageBlendValidated",undefined4
1005de30,1005de34,data,"g_pD3DDevice",IDirect3DDevice7 *
1005de34,1005de38,data,"g_pD3D",IDirect3D7 *
1005de38,1005de3c,data,"g_pClipper",undefined4
1005de3c,1005de40,data,"g_bLoadWholeLightmapSurface",undefined4
1005de40,1005de44,data,"g_bIn3D",undefined4
1005de44,1005de48,data,"g_bInOptimized2D",undefined4
1005de48,1005de4c,data,"g_OldFogEnable",undefined4
1005f24c,1005f250,data,"g_Optimized2DBlend",undefined4
1005f650,1005f650,label,"g_ShadowTextureQuadVerts",Label
1005f658,1005f65c,data,"DAT_1005f658",undefined4
1005f65c,1005f660,data,"DAT_1005f65c",undefined4
1005f660,1005f664,data,"DAT_1005f660",undefined4
1005f664,1005f668,data,"DAT_1005f664",undefined4
1005f678,1005f67c,data,"DAT_1005f678",undefined4
1005f67c,1005f680,data,"DAT_1005f67c",undefined4
1005f680,1005f684,data,"DAT_1005f680",undefined4
1005f684,1005f688,data,"DAT_1005f684",undefined4
100606d0,100606d0,label,"g_pShadowTextureLastErrorString",Label
100606d8,100606dc,data,"g_CV_LockOnFlip",undefined4
100606f8,100606f8,label,"g_ScreenLockRect",Label
10060708,1006070c,data,"g_bScreenLocked",undefined4
10060710,10060710,label,"g_FormatMgr",Label
100613a8,100613a8,label,"g_TextureManagerResetList",Label
100617b8,100617bc,data,"g_CV_S3TCEnable",undefined4
100617d8,100617dc,data,"g_pBoundTextures",undefined4
100617dc,100617e0,data,"DAT_100617dc",undefined4
100617e8,100617e8,label,"g_RTextureBank",Label
100617f4,100617f8,data,"DAT_100617f4",undefined4
10061804,10061808,data,"DAT_10061804",undefined4
10061810,10061814,data,"g_TextureStageTexelSizes",undefined4
10061814,10061818,data,"DAT_10061814",undefined4
10061818,1006181c,data,"DAT_10061818",undefined4
1006181c,10061820,data,"DAT_1006181c",undefined4
10062830,10062834,data,"g_TextureFormats",undefined4
10062834,10062838,data,"g_pTextureFormat_FullBrite",undefined4
10062838,1006283c,data,"g_pTextureFormat_4444",undefined4
1006283c,10062840,data,"g_pTextureFormat_Normal",undefined4
10062840,10062844,data,"g_pTextureFormat_Interface",undefined4
10062844,10062848,data,"g_pTextureFormat_Lightmap",undefined4
10062848,1006284c,data,"DAT_10062848",undefined4
1006284c,10062850,data,"g_bDXT5Supported",undefined4
10062850,10062854,data,"g_bDXT3Supported",undefined4
10062854,10062858,data,"g_bDXT1Supported",undefined4
10062858,10062858,label,"g_TextureFormatList",Label
1006285c,10062860,data,"DAT_1006285c",undefined4
10062868,1006286c,data,"g_Textures",undefined4
1006286c,10062870,data,"DAT_1006286c",undefined4
10062874,10062878,data,"g_bTextureManagerInitialized",undefined4
10062878,1006287c,data,"g_pLightmapScratchSurface",undefined4
1006287c,10062880,data,"g_pShadowBlobTexture",undefined4
10062880,10062884,data,"g_pSpecularTexture",undefined4
10062884,10062884,label,"g_fSpecularTexturePower",Label
10063c90,10063c90,label,"g_TextureStateRestorer",Label
10063ca8,10063ca8,label,"g_TiedListType1",Label
10063cc0,10063cc0,label,"g_TiedListType2",Label
10063d08,10063d0c,data,"g_invalidRect",undefined4
10063d0c,10063d10,data,"DAT_10063d0c",undefined4
10063d10,10063d14,data,"DAT_10063d10",undefined4
10063d14,10063d18,data,"DAT_10063d14",undefined4
10063d18,10063d1c,data,"DAT_10063d18",undefined4
10063d1c,10063d20,data,"DAT_10063d1c",undefined4
10063d20,10063d24,data,"DAT_10063d20",undefined4
10063d24,10063d28,data,"DAT_10063d24",undefined4
10064348,1006434c,data,"g_invalidRectCount",undefined4
10064350,10064354,data,"g_CV_DrawCanvases",undefined4
10064370,10064370,label,"g_CanvasDrawMgr",Label
10065bc0,10065bc4,data,"g_CV_MultipassGouraud",undefined4
10067be8,10067bec,data,"g_ModelStage1ColorOp",undefined4
10067bf0,10067bf4,data,"g_CV_ModelTexture",undefined4
10067c10,10067c14,data,"g_CV_ModelSpecular",undefined4
10068030,10068034,data,"g_ModelSavedFillMode",undefined4
10069034,10069038,data,"g_bModelBumpMappingEnabled",undefined4
10069038,1006903c,data,"g_ModelBumpEnvMat01",undefined4
1006903c,10069040,data,"g_ModelBumpEnvMat10",undefined4
10069040,10069041,data,"g_CV_ModelShadowAlpha",undefined1
10069060,10069064,data,"g_CV_ModelShadowProj",undefined4
10069080,10069084,data,"DAT_10069080",undefined4
10069084,10069088,data,"DAT_10069084",undefined4
10069088,1006908c,data,"DAT_10069088",undefined4
10069490,10069490,label,"g_CV_ModelShadowOffset",Label
1006a4b0,1006a4b4,data,"g_CV_ModelShadowProjShow",undefined4
1006a4d0,1006a4d4,data,"g_CV_ModelShadowProjLOD",undefined4
1006a4f0,1006a4f4,data,"g_CV_ModelShadowProjRes",undefined4
1006b910,1006b914,data,"g_CV_DrawSorted",undefined4
1006b930,1006b931,data,"DAT_1006b930",undefined1
1006b934,1006b938,data,"g_pTranslucentObjectDrawList",undefined4
1006bd38,1006bd38,label,"g_CV_SortProfile",Label
1006bd58,1006bd58,label,"d3d_FlushObjectQueues::s_TransObjList",Label
1006bd5c,1006bd60,data,"DAT_1006bd5c",undefined4
1006bd60,1006bd64,data,"DAT_1006bd60",undefined4
1006bd64,1006bd68,data,"DAT_1006bd64",undefined4
1006bd6c,1006bd70,data,"DAT_1006bd6c",undefined4
1006cd70,1006cd74,data,"g_pfnDrawVisibleReflections",undefined4
1006cd78,1006cd78,label,"g_CV_PSDestBlend",Label
1006d198,1006d198,label,"g_CV_PSSrcBlend",Label
1006d1b8,1006d1ba,data,"g_ParticleQuadIndices",undefined2
1006d1ba,1006d1bc,data,"DAT_1006d1ba",undefined2
1006d1bc,1006d1be,data,"DAT_1006d1bc",undefined2
1006d1be,1006d1c0,data,"DAT_1006d1be",undefined2
1006d1c0,1006d1c2,data,"DAT_1006d1c0",undefined2
1006d1c2,1006d1c4,data,"DAT_1006d1c2",undefined2
1006d1c4,1006d1c6,data,"DAT_1006d1c4",undefined2
1006d1c6,1006d1c8,data,"DAT_1006d1c6",undefined2
1006d1c8,1006d1ca,data,"DAT_1006d1c8",undefined2
1006d1ca,1006d1cc,data,"DAT_1006d1ca",undefined2
1006d1cc,1006d1ce,data,"DAT_1006d1cc",undefined2
1006d1ce,1006d1d0,data,"DAT_1006d1ce",undefined2
1006e7b8,1006e7bc,data,"g_bParticleQuadIndicesInitialized",undefined4
1006e7c0,1006e7c4,data,"g_CV_DrawPolyMgr",undefined4
1006e7e0,1006e7e4,data,"g_CV_TestLightmap",undefined4
1006e800,1006e804,data,"g_CV_TestGouraud",undefined4
1006e820,1006e820,label,"g_CV_DetailTextureScale",Label
1006e824,1006e828,data,"DAT_1006e824",undefined4
1006ec40,1006ec40,label,"g_DrawPolyMgr",Label
1006f3fc,1006f400,data,"DAT_1006f3fc",undefined4
1006f414,1006f418,data,"DAT_1006f414",undefined4
10070438,10070438,label,"g_PolyGridUScale",Label
1007043c,1007043c,label,"g_PolyGridUOffset",Label
10070440,10070440,label,"g_PolyGridVOffset",Label
10070444,10070444,label,"g_PolyGridVScale",Label
10070448,1007044c,data,"g_TriVertListSize",undefined4
1007044c,10070450,data,"g_PolyGridClippedIndexCapacity",undefined4
10070850,10070854,data,"g_TriVertList",undefined4
10070854,10070854,label,"g_PolyGridAlphaScale",Label
10070858,1007085c,data,"g_pPolyGridClippedIndices",undefined4
10071860,10071864,data,"g_CV_EnvMapPolyGrids",undefined4
10071880,10071880,label,"g_CV_BlockersOnly",Label
100718a0,100718a0,label,"g_CV_PortalGraph",Label
10071cc0,10071cc0,label,"g_CV_PortalFlow",Label
10071ce0,10071ce0,label,"g_CV_PortalsOnly",Label
10072d08,10072d0c,data,"g_SkyMaxY",undefined4
10072d0c,10072d10,data,"g_SkyMaxX",undefined4
10073990,10073994,data,"g_CV_AllSkyPortals",undefined4
100739b0,100739b4,data,"g_SkyMinY",undefined4
100739b4,100739b8,data,"g_SkyMinX",undefined4
100739b8,100739b8,label,"g_SkyParams",Label
10073e6c,10073e70,data,"DAT_10073e6c",undefined4
10073e70,10073e74,data,"DAT_10073e70",undefined4
10073e74,10073e78,data,"DAT_10073e74",undefined4
100752b0,100752b4,data,"g_CV_DrawWorldModels",undefined4
100756d0,100756d0,label,"g_WorldModelObjectColor",Label
100766e0,100766e4,data,"g_FindIntersectionsFn",undefined4
100766e8,100766ec,data,"g_V",undefined4
100766ec,100766f0,data,"DAT_100766ec",undefined4
100766f0,100766f4,data,"DAT_100766f0",undefined4
100766f4,100766f8,data,"g_pIntersection",undefined4
100766f8,100766fc,data,"g_VTimesInvVV",undefined4
100766fc,10076700,data,"DAT_100766fc",undefined4
10076700,10076704,data,"DAT_10076700",undefined4
10076704,10076708,data,"g_pWorldIntersection",undefined4
10076708,10076709,data,"g_bProcessNonSolid",undefined1
1007670c,10076710,data,"g_pCurQuery",undefined4
10076710,10076714,data,"g_IntersectionPos",undefined4
10076714,10076718,data,"DAT_10076714",undefined4
10076718,1007671c,data,"DAT_10076718",undefined4
1007671c,1007671c,label,"g_LineLen",Label
10076720,10076724,data,"g_IntersectionPlane",undefined4
10076724,10076728,data,"DAT_10076724",undefined4
10076728,1007672c,data,"DAT_10076728",undefined4
1007672c,10076730,data,"DAT_1007672c",undefined4
10076734,10076738,data,"g_nIntersectCalls",undefined4
10076738,10076739,data,"g_bProcessObjects",undefined1
1007673c,1007673c,label,"g_VPTimesInvVV",Label
10076740,10076740,label,"g_IntersectLineLen",Label
10076744,10076744,label,"g_IntersectionBestDistSqr",Label
10076748,1007674c,data,"g_hWorldPoly",undefined4
1007674c,10076750,data,"D3DShadowTextureFactory::m_pShadowTextureFactory",undefined4
10076750,10076754,data,"g_ShadowTextureCacheEntries",undefined4
10076754,10076758,data,"DAT_10076754",undefined4
10076758,1007675c,data,"DAT_10076758",undefined4
1007675c,10076760,data,"DAT_1007675c",undefined4
10076760,10076764,data,"DAT_10076760",undefined4
10076764,10076768,data,"DAT_10076764",undefined4
10076768,10076768,label,"g_CV_LMDynamicScale",Label
10076788,1007678c,data,"g_CV_LMDynamic",undefined4
10076ba8,10076ba9,data,"g_CV_LMDynamicSize",undefined1
10077bc8,10077bca,data,"g_LightmapColorClampTable",undefined2
10077bca,10077bcc,data,"DAT_10077bca",undefined2
10077dc8,10077dca,data,"DAT_10077dc8",undefined2
10077dca,10077dcc,data,"DAT_10077dca",undefined2
10077fc8,10077fca,data,"DAT_10077fc8",undefined2
10077fca,10077fcc,data,"DAT_10077fca",undefined2
100781c8,100781cc,data,"g_LightmapLightFalloffTable",undefined4
100782c8,100782cc,data,"g_CV_LMAnimStatic",undefined4
100796e8,100796e8,label,"g_LightmapPageBytesAllocated",Label
100796ec,100796f0,data,"g_LightmapBytesAssigned",undefined4
100796f0,100796f0,label,"g_LightmapPagingResetState",Label
1007aaf4,1007aaf8,data,"g_pLightmapPagingContext",undefined4
1007aaf8,1007aafc,data,"g_LMPlanes",undefined4
1007aafc,1007ab00,data,"DAT_1007aafc",undefined4
1007ab1c,1007ab20,data,"DAT_1007ab1c",undefined4
1007ab20,1007ab24,data,"DAT_1007ab20",undefined4
1007ab40,1007ab44,data,"DAT_1007ab40",undefined4
1007ab44,1007ab48,data,"DAT_1007ab44",undefined4
1007ab64,1007ab68,data,"DAT_1007ab64",undefined4
1007ab68,1007ab6c,data,"DAT_1007ab68",undefined4
1007ab88,1007ab8c,data,"DAT_1007ab88",undefined4
1007ab8c,1007ab90,data,"DAT_1007ab8c",undefined4
1007abac,1007abb0,data,"DAT_1007abac",undefined4
1007abb0,1007abb4,data,"DAT_1007abb0",undefined4
1007abd0,1007abd4,data,"g_pLightmapStagingTextures",undefined4
1007abd4,1007abd8,data,"DAT_1007abd4",undefined4
1007abd8,1007abdc,data,"DAT_1007abd8",undefined4
1007abdc,1007abe0,data,"DAT_1007abdc",undefined4
1007abe0,1007abe4,data,"DAT_1007abe0",undefined4
1007abe4,1007abe4,label,"g_LightmapTexturePools",Label
1007bfe8,1007bfec,data,"g_LightmapTexturePoolLists",undefined4
1007bfec,1007bff0,data,"DAT_1007bfec",undefined4
1007bff4,1007bff8,data,"DAT_1007bff4",undefined4
1007bff8,1007bffc,data,"DAT_1007bff8",undefined4
1007d424,1007d428,data,"g_bLightmapModulate2X",undefined4
1007d428,1007d428,label,"quat_ConvertToMatrix::xy",Label
1007d42c,1007d42c,label,"quat_ConvertToMatrix::yy",Label
1007d430,1007d430,label,"quat_ConvertToMatrix::wx",Label
1007d434,1007d434,label,"quat_ConvertToMatrix::zz",Label
1007d438,1007d438,label,"quat_ConvertToMatrix::zs",Label
1007d43c,1007d43c,label,"quat_ConvertToMatrix::wy",Label
1007d440,1007d440,label,"quat_ConvertToMatrix::xs",Label
1007d444,1007d444,label,"quat_ConvertToMatrix::ys",Label
1007d448,1007d448,label,"quat_ConvertToMatrix::yz",Label
1007d44c,1007d44c,label,"quat_ConvertToMatrix::xz",Label
1007d450,1007d450,label,"quat_ConvertToMatrix::wz",Label
1007d454,1007d454,label,"quat_ConvertToMatrix::xx",Label
1007d458,1007d458,label,"quat_ConvertToMatrix::s",Label
1007d844,1007d848,data,"DAT_1007d844",undefined4
1007d848,1007d84c,data,"DAT_1007d848",undefined4
1007d84c,1007d850,data,"DAT_1007d84c",undefined4
1007d850,1007d854,data,"DAT_1007d850",undefined4
1007d854,1007d858,data,"DAT_1007d854",undefined4
1007d858,1007d85c,data,"DAT_1007d858",undefined4
1007d85c,1007d860,data,"DAT_1007d85c",undefined4
1007d860,1007d864,data,"DAT_1007d860",undefined4
1007d864,1007d868,data,"DAT_1007d864",undefined4
1007d868,1007d86c,data,"DAT_1007d868",undefined4
1007d86c,1007d870,data,"DAT_1007d86c",undefined4
1007d870,1007d874,data,"DAT_1007d870",undefined4
1007d874,1007d878,data,"DAT_1007d874",undefined4
1007d878,1007d87c,data,"DAT_1007d878",undefined4
10082068,10082068,label,"g_ColorSqrtTable",Label
10082168,10082168,label,"g_ByteMultiplyTable",Label
10092168,10092169,data,"g_ByteSaturatingAddTable",undefined1
10092169,1009216a,data,"DAT_10092169",undefined1
10092268,1009226c,data,"DAT_10092268",undefined4
1009226c,10092270,data,"DAT_1009226c",undefined4
10092368,10092368,label,"g_FullAlphaValues",Label
100937a8,100937a8,label,"g_VisibleSet",Label
100937ac,100937b0,data,"DAT_100937ac",undefined4
100937b4,100937b5,data,"DAT_100937b4",undefined1
100937bc,100937c0,data,"DAT_100937bc",undefined4
100937c0,100937c4,data,"DAT_100937c0",undefined4
100937cc,100937d0,data,"DAT_100937cc",undefined4
100937d4,100937d8,data,"DAT_100937d4",undefined4
100937d8,100937dc,data,"DAT_100937d8",undefined4
100937e4,100937e8,data,"DAT_100937e4",undefined4
100937e8,100937ec,data,"DAT_100937e8",undefined4
100937f0,100937f4,data,"DAT_100937f0",undefined4
100938e8,100938ec,data,"DAT_100938e8",undefined4
100938ec,100938f0,data,"g_VisibleSet.m_SolidModels",undefined4
1009390c,10093910,data,"g_VisibleSet.m_TranslucentModels",undefined4
1009392c,10093930,data,"DAT_1009392c",undefined4
1009394c,10093950,data,"g_VisibleSet.m_TranslucentSprites",undefined4
1009396c,10093970,data,"g_VisibleSet.m_NoZSprites",undefined4
1009398c,10093990,data,"g_VisibleSet.m_SolidWorldModels",undefined4
100939ac,100939b0,data,"g_VisibleSet.m_TranslucentWorldModels",undefined4
100939cc,100939d0,data,"DAT_100939cc",undefined4
100939ec,100939ec,label,"g_VisibleSet.m_Lights",Label
10093a0c,10093a0c,label,"g_VisibleSet.m_SolidPolyGrids",Label
10093a2c,10093a2c,label,"g_VisibleSet.m_TranslucentPolyGrids",Label
10093a4c,10093a4c,label,"g_VisibleSet.m_LineSystems",Label
10093a6c,10093a6c,label,"g_VisibleSet.m_ParticleSystems",Label
10093a8c,10093a8c,label,"g_VisibleSet.m_SolidCanvases",Label
10093aac,10093aac,label,"g_VisibleSet.m_TranslucentCanvases",Label
10093b10,10093b14,data,"UnkType_ModelVBCacheHolder::s_ModelVertexBufferCache",undefined4
10093b7c,10093b7c,label,"$S4",Label
10093b84,10093b88,data,"g_DefAlloc",undefined4
10093b88,10093b8c,data,"__fastflag",undefined4
10093b8c,10093b90,data,"_adjust_fdiv",undefined4
10093b90,10093b94,data,"___proc_attached",undefined4
10093b94,10093b98,data,"__aenvptr",undefined4
10093b98,10093b98,label,"__wenvptr",Label
10093b9c,10093ba0,data,"___error_mode",undefined4
10093ba0,10093ba4,data,"___app_type",undefined4
10093ba4,10093ba8,data,"_umaskval",undefined4
10093ba8,10093bac,data,"_osver",undefined4
10093bac,10093bac,label,"_winver",Label
10093bb0,10093bb0,label,"_winmajor",Label
10093bb4,10093bb4,label,"_winminor",Label
10093bb8,10093bb8,label,"__argc",Label
10093bbc,10093bbc,label,"__argv",Label
10093bc0,10093bc0,label,"__wargv",Label
10093bc4,10093bc4,label,"_environ",Label
10093bc8,10093bc8,label,"__initenv",Label
10093bcc,10093bcc,label,"_wenviron",Label
10093bd0,10093bd0,label,"__winitenv",Label
10093bd4,10093bd4,label,"_pgmptr",Label
10093bd8,10093bd8,label,"_wpgmptr",Label
10093bdc,10093bdd,data,"_exitflag",undefined1
10093be0,10093be4,data,"_C_Termination_Done",undefined4
10093be4,10093be8,data,"_C_Exit_Done",undefined4
10093be8,10093bec,data,"_newmode",undefined4
10093bec,10093bf0,data,"_pnhHeap",undefined4
10093bf0,10093bf0,label,"_sigcritsect",Label
10093c08,10093c08,label,"_ltlcritsect",Label
10093c20,10093c20,label,"_hlcritsect",Label
10093c38,10093c38,label,"_xlcritsect",Label
10093c5c,10093c5c,label,"__lc_handle",Label
10093c64,10093c68,data,"DAT_10093c64",undefined4
10093c74,10093c78,data,"__lc_codepage",UINT
10093c7c,10093c80,data,"_?f_use@?1??__crtLCMapStringA@@9@9",undefined4
10093c80,10093c80,label,"_cflush",Label
10093c84,10093c84,label,"_?_pgmname@?1??_setargv@@9@9",Label
10093d88,10093d8c,data,"_?f_use@?1??__crtGetEnvironmentStringsA@@9@9",undefined4
10093d8c,10093d90,data,"_adbgmsg",undefined4
10093d90,10093d94,data,"_?f_use@?1??__crtGetStringTypeA@@9@9",undefined4
10093df8,10093dfc,data,"_commode",undefined4
10093dfc,10093e00,data,"_fSystemSet",undefined4
10093e00,10093e04,data,"_?pfnMessageBoxA@?1??__crtMessageBoxA@@9@9",undefined4
10093e04,10093e08,data,"_?pfnGetActiveWindow@?1??__crtMessageBoxA@@9@9",undefined4
10093e08,10093e0c,data,"_?pfnGetLastActivePopup@?1??__crtMessageBoxA@@9@9",undefined4
10093e0c,10093e10,data,"_pOldExceptFilter",LPTOP_LEVEL_EXCEPTION_FILTER
10093e10,10093e14,data,"_ctrlc_action",undefined4
10093e14,10093e18,data,"_ctrlbreak_action",undefined4
10093e18,10093e1c,data,"_abort_action",undefined4
10093e1c,10093e20,data,"_term_action",undefined4
10093e20,10093e20,label,"_ConsoleCtrlHandler_Installed",Label
10093e34,10093e38,data,"_fmode",undefined4
10093f00,10093f04,data,"g_ShadowClipFarInsideFlags",undefined4
10093f04,10093f08,data,"DAT_10093f04",undefined4
10093fe0,10093fe4,data,"g_ShadowClipBottomInsideFlags",undefined4
10093fe4,10093fe8,data,"DAT_10093fe4",undefined4
100940c0,100940c4,data,"g_ShadowClipRightInsideFlags",undefined4
100940c4,100940c8,data,"DAT_100940c4",undefined4
100941a0,100941a4,data,"g_ShadowClipTopInsideFlags",undefined4
100941a4,100941a8,data,"DAT_100941a4",undefined4
10094280,10094284,data,"g_ShadowClipLeftInsideFlags",undefined4
10094284,10094288,data,"DAT_10094284",undefined4
10094360,10094364,data,"g_ShadowClipNearInsideFlags",undefined4
10094364,10094368,data,"DAT_10094364",undefined4
10094440,10094444,data,"g_ShadowClipPlaneInsideFlags",undefined4
10094508,1009450c,data,"_STL::_Node_Alloc_Lock<true,0>::_S_lock",LONG *
10094520,10094524,data,"DAT_10094520",undefined4
10094524,10094528,data,"DAT_10094524",undefined4
10094600,10094604,data,"DAT_10094600",undefined4
10094604,10094608,data,"DAT_10094604",undefined4
100946e0,100946e4,data,"DAT_100946e0",undefined4
100946e4,100946e8,data,"DAT_100946e4",undefined4
100947c0,100947c4,data,"DAT_100947c0",undefined4
100947c4,100947c8,data,"DAT_100947c4",undefined4
100948a0,100948a4,data,"DAT_100948a0",undefined4
100948a4,100948a8,data,"DAT_100948a4",undefined4
10094980,10094984,data,"DAT_10094980",undefined4
10094984,10094988,data,"DAT_10094984",undefined4
10094a60,10094a64,data,"DAT_10094a60",undefined4
10094a64,10094a68,data,"DAT_10094a64",undefined4
10094b40,10094b44,data,"DAT_10094b40",undefined4
10094b44,10094b48,data,"DAT_10094b44",undefined4
10094c20,10094c24,data,"g_ClipNearInsideFlagsVertex40",undefined4
10094c24,10094c28,data,"DAT_10094c24",undefined4
10094d00,10094d04,data,"g_ClipLeftInsideFlagsVertex40",undefined4
10094d04,10094d08,data,"DAT_10094d04",undefined4
10094de0,10094de4,data,"g_ClipNearInsideFlagsTLVertex",undefined4
10094de4,10094de8,data,"DAT_10094de4",undefined4
10094ec0,10094ec4,data,"g_ClipLeftInsideFlagsTLVertex",undefined4
10094ec4,10094ec8,data,"DAT_10094ec4",undefined4
10094f88,10094f8c,data,"__mbcodepage",UINT
10094f90,10094f94,data,"__mbulinfo",undefined4
10094f94,10094f98,data,"DAT_10094f94",undefined4
10094f98,10094f9c,data,"DAT_10094f98",undefined4
10094f9c,10094f9c,label,"__ismbcodepage",Label
10094fa0,10094fa1,data,"_mbcasemap",undefined1
10094fa1,10094fa2,data,"DAT_10094fa1",undefined1
100950a0,100950a4,data,"_mbctype",undefined4
100950a4,100950a5,data,"DAT_100950a4",undefined1
100951a4,100951a8,data,"__mblcid",undefined4
100951c0,100951c4,data,"__pioinfo",undefined4
100951c4,100951c8,data,"DAT_100951c4",undefined4
100952c0,100952c4,data,"_nhandle",UINT
100952c4,100952c8,data,"__piob",undefined4
100962e0,100962e4,data,"_nstream",undefined4
100962e4,100962e8,data,"__setlc_active",undefined4
100962e8,100962e8,label,"__unguarded_readlc_active",Label
100962ec,100962f0,data,"__sbh_sizeHeaderList",undefined4
100962f0,100962f4,data,"__sbh_indGroupDefer",undefined4
100962f4,100962f8,data,"__sbh_pHeaderScan",undefined4
100962f8,100962fc,data,"__sbh_pHeaderDefer",undefined4
100962fc,10096300,data,"__sbh_cntHeaderList",undefined4
10096300,10096304,data,"__sbh_pHeaderList",LPVOID
10096304,10096308,data,"_crtheap",HANDLE
10096308,10096308,label,"__env_initialized",Label
1009630c,10096310,data,"__mbctype_initialized",undefined4
10096310,10096314,data,"__onexitend",undefined4
10096314,10096318,data,"__onexitbegin",undefined4
10096318,1009631c,data,"_acmdln",undefined4
1009631c,10096320,data,"_pRawDllMain",undefined4
10097000,10097010,data,"IMAGE_RESOURCE_DIRECTORY_10097000",IMAGE_RESOURCE_DIRECTORY
10097010,10097018,data,"DAT_10097010",IMAGE_RESOURCE_DIRECTORY_ENTRY
10097018,10097028,data,"DAT_10097018",IMAGE_RESOURCE_DIRECTORY
10097028,10097030,data,"DAT_10097028",IMAGE_RESOURCE_DIRECTORY_ENTRY
10097030,10097040,data,"DAT_10097030",IMAGE_RESOURCE_DIRECTORY
10097040,10097048,data,"DAT_10097040",IMAGE_RESOURCE_DIRECTORY_ENTRY
10097048,10097058,data,"DAT_10097048",IMAGE_RESOURCE_DATA_ENTRY
10097060,10097062,data,"Rsrc_StringTable_1_409",PascalUnicode
10097062,10097064,data,"DAT_10097062",PascalUnicode
10097064,10097066,data,"DAT_10097064",PascalUnicode
10097066,10097068,data,"DAT_10097066",PascalUnicode
10097068,1009706a,data,"DAT_10097068",PascalUnicode
1009706a,100970a0,data,"DAT_1009706a",PascalUnicode
100970a0,100970a2,data,"DAT_100970a0",PascalUnicode
100970a2,100970a4,data,"DAT_100970a2",PascalUnicode
100970a4,100970a6,data,"DAT_100970a4",PascalUnicode
100970a6,100970a8,data,"DAT_100970a6",PascalUnicode
100970a8,100970aa,data,"DAT_100970a8",PascalUnicode
100970aa,100970ac,data,"DAT_100970aa",PascalUnicode
100970ac,100970ae,data,"DAT_100970ac",PascalUnicode
100970ae,100970b0,data,"DAT_100970ae",PascalUnicode
100970b0,100970b2,data,"DAT_100970b0",PascalUnicode
100970b2,100970b4,data,"DAT_100970b2",PascalUnicode
10098000,10098004,data,"DWORD_10098000",dword
10098004,10098008,data,"DAT_10098004",dword
10098008,1009800a,data,"DAT_10098008",word
1009800a,1009800c,data,"DAT_1009800a",word
1009800c,1009800e,data,"DAT_1009800c",word
1009800e,10098010,data,"DAT_1009800e",word
10098010,10098012,data,"DAT_10098010",word
10098012,10098014,data,"DAT_10098012",word
10098014,10098016,data,"DAT_10098014",word
10098016,10098018,data,"DAT_10098016",word
10098018,1009801a,data,"DAT_10098018",word
1009801a,1009801c,data,"DAT_1009801a",word
1009801c,1009801e,data,"DAT_1009801c",word
1009801e,10098020,data,"DAT_1009801e",word
10098020,10098022,data,"DAT_10098020",word
10098022,10098024,data,"DAT_10098022",word
10098024,10098026,data,"DAT_10098024",word
10098026,10098028,data,"DAT_10098026",word
10098028,1009802a,data,"DAT_10098028",word
1009802a,1009802c,data,"DAT_1009802a",word
1009802c,1009802e,data,"DAT_1009802c",word
1009802e,10098030,data,"DAT_1009802e",word
10098030,10098032,data,"DAT_10098030",word
10098032,10098034,data,"DAT_10098032",word
10098034,10098036,data,"DAT_10098034",word
10098036,10098038,data,"DAT_10098036",word
10098038,1009803a,data,"DAT_10098038",word
1009803a,1009803c,data,"DAT_1009803a",word
1009803c,1009803e,data,"DAT_1009803c",word
1009803e,10098040,data,"DAT_1009803e",word
10098040,10098042,data,"DAT_10098040",word
10098042,10098044,data,"DAT_10098042",word
10098044,10098046,data,"DAT_10098044",word
10098046,10098048,data,"DAT_10098046",word
10098048,1009804a,data,"DAT_10098048",word
1009804a,1009804c,data,"DAT_1009804a",word
1009804c,1009804e,data,"DAT_1009804c",word
1009804e,10098050,data,"DAT_1009804e",word
10098050,10098052,data,"DAT_10098050",word
10098052,10098054,data,"DAT_10098052",word
10098054,10098056,data,"DAT_10098054",word
10098056,10098058,data,"DAT_10098056",word
10098058,1009805a,data,"DAT_10098058",word
1009805a,1009805c,data,"DAT_1009805a",word
1009805c,1009805e,data,"DAT_1009805c",word
1009805e,10098060,data,"DAT_1009805e",word
10098060,10098062,data,"DAT_10098060",word
10098062,10098064,data,"DAT_10098062",word
10098064,10098066,data,"DAT_10098064",word
10098066,10098068,data,"DAT_10098066",word
10098068,1009806a,data,"DAT_10098068",word
1009806a,1009806c,data,"DAT_1009806a",word
1009806c,1009806e,data,"DAT_1009806c",word
1009806e,10098070,data,"DAT_1009806e",word
10098070,10098072,data,"DAT_10098070",word
10098072,10098074,data,"DAT_10098072",word
10098074,10098076,data,"DAT_10098074",word
10098076,10098078,data,"DAT_10098076",word
10098078,1009807a,data,"DAT_10098078",word
1009807a,1009807c,data,"DAT_1009807a",word
1009807c,1009807e,data,"DAT_1009807c",word
1009807e,10098080,data,"DAT_1009807e",word
10098080,10098082,data,"DAT_10098080",word
10098082,10098084,data,"DAT_10098082",word
10098084,10098086,data,"DAT_10098084",word
10098086,10098088,data,"DAT_10098086",word
10098088,1009808a,data,"DAT_10098088",word
1009808a,1009808c,data,"DAT_1009808a",word
1009808c,1009808e,data,"DAT_1009808c",word
1009808e,10098090,data,"DAT_1009808e",word
10098090,10098092,data,"DAT_10098090",word
10098092,10098094,data,"DAT_10098092",word
10098094,10098096,data,"DAT_10098094",word
10098096,10098098,data,"DAT_10098096",word
10098098,1009809a,data,"DAT_10098098",word
1009809a,1009809c,data,"DAT_1009809a",word
1009809c,1009809e,data,"DAT_1009809c",word
1009809e,100980a0,data,"DAT_1009809e",word
100980a0,100980a2,data,"DAT_100980a0",word
100980a2,100980a4,data,"DAT_100980a2",word
100980a4,100980a6,data,"DAT_100980a4",word
100980a6,100980a8,data,"DAT_100980a6",word
100980a8,100980aa,data,"DAT_100980a8",word
100980aa,100980ac,data,"DAT_100980aa",word
100980ac,100980ae,data,"DAT_100980ac",word
100980ae,100980b0,data,"DAT_100980ae",word
100980b0,100980b2,data,"DAT_100980b0",word
100980b2,100980b4,data,"DAT_100980b2",word
100980b4,100980b6,data,"DAT_100980b4",word
100980b6,100980b8,data,"DAT_100980b6",word
100980b8,100980ba,data,"DAT_100980b8",word
100980ba,100980bc,data,"DAT_100980ba",word
100980bc,100980be,data,"DAT_100980bc",word
100980be,100980c0,data,"DAT_100980be",word
100980c0,100980c2,data,"DAT_100980c0",word
100980c2,100980c4,data,"DAT_100980c2",word
100980c4,100980c6,data,"DAT_100980c4",word
100980c6,100980c8,data,"DAT_100980c6",word
100980c8,100980ca,data,"DAT_100980c8",word
100980ca,100980cc,data,"DAT_100980ca",word
100980cc,100980ce,data,"DAT_100980cc",word
100980ce,100980d0,data,"DAT_100980ce",word
100980d0,100980d2,data,"DAT_100980d0",word
100980d2,100980d4,data,"DAT_100980d2",word
100980d4,100980d6,data,"DAT_100980d4",word
100980d6,100980d8,data,"DAT_100980d6",word
100980d8,100980da,data,"DAT_100980d8",word
100980da,100980dc,data,"DAT_100980da",word
100980dc,100980de,data,"DAT_100980dc",word
100980de,100980e0,data,"DAT_100980de",word
100980e0,100980e2,data,"DAT_100980e0",word
100980e2,100980e4,data,"DAT_100980e2",word
100980e4,100980e6,data,"DAT_100980e4",word
100980e6,100980e8,data,"DAT_100980e6",word
100980e8,100980ea,data,"DAT_100980e8",word
100980ea,100980ec,data,"DAT_100980ea",word
100980ec,100980ee,data,"DAT_100980ec",word
100980ee,100980f0,data,"DAT_100980ee",word
100980f0,100980f2,data,"DAT_100980f0",word
100980f2,100980f4,data,"DAT_100980f2",word
100980f4,100980f6,data,"DAT_100980f4",word
100980f6,100980f8,data,"DAT_100980f6",word
100980f8,100980fa,data,"DAT_100980f8",word
100980fa,100980fc,data,"DAT_100980fa",word
100980fc,10098100,data,"DAT_100980fc",dword
10098100,10098104,data,"DAT_10098100",dword
10098104,10098106,data,"DAT_10098104",word
10098106,10098108,data,"DAT_10098106",word
10098108,1009810a,data,"DAT_10098108",word
1009810a,1009810c,data,"DAT_1009810a",word
1009810c,1009810e,data,"DAT_1009810c",word
1009810e,10098110,data,"DAT_1009810e",word
10098110,10098112,data,"DAT_10098110",word
10098112,10098114,data,"DAT_10098112",word
10098114,10098116,data,"DAT_10098114",word
10098116,10098118,data,"DAT_10098116",word
10098118,1009811a,data,"DAT_10098118",word
1009811a,1009811c,data,"DAT_1009811a",word
1009811c,1009811e,data,"DAT_1009811c",word
1009811e,10098120,data,"DAT_1009811e",word
10098120,10098122,data,"DAT_10098120",word
10098122,10098124,data,"DAT_10098122",word
10098124,10098126,data,"DAT_10098124",word
10098126,10098128,data,"DAT_10098126",word
10098128,1009812a,data,"DAT_10098128",word
1009812a,1009812c,data,"DAT_1009812a",word
1009812c,1009812e,data,"DAT_1009812c",word
1009812e,10098130,data,"DAT_1009812e",word
10098130,10098132,data,"DAT_10098130",word
10098132,10098134,data,"DAT_10098132",word
10098134,10098136,data,"DAT_10098134",word
10098136,10098138,data,"DAT_10098136",word
10098138,1009813a,data,"DAT_10098138",word
1009813a,1009813c,data,"DAT_1009813a",word
1009813c,1009813e,data,"DAT_1009813c",word
1009813e,10098140,data,"DAT_1009813e",word
10098140,10098142,data,"DAT_10098140",word
10098142,10098144,data,"DAT_10098142",word
10098144,10098146,data,"DAT_10098144",word
10098146,10098148,data,"DAT_10098146",word
10098148,1009814a,data,"DAT_10098148",word
1009814a,1009814c,data,"DAT_1009814a",word
1009814c,1009814e,data,"DAT_1009814c",word
1009814e,10098150,data,"DAT_1009814e",word
10098150,10098152,data,"DAT_10098150",word
10098152,10098154,data,"DAT_10098152",word
10098154,10098156,data,"DAT_10098154",word
10098156,10098158,data,"DAT_10098156",word
10098158,1009815a,data,"DAT_10098158",word
1009815a,1009815c,data,"DAT_1009815a",word
1009815c,1009815e,data,"DAT_1009815c",word
1009815e,10098160,data,"DAT_1009815e",word
10098160,10098162,data,"DAT_10098160",word
10098162,10098164,data,"DAT_10098162",word
10098164,10098166,data,"DAT_10098164",word
10098166,10098168,data,"DAT_10098166",word
10098168,1009816a,data,"DAT_10098168",word
1009816a,1009816c,data,"DAT_1009816a",word
1009816c,1009816e,data,"DAT_1009816c",word
1009816e,10098170,data,"DAT_1009816e",word
10098170,10098172,data,"DAT_10098170",word
10098172,10098174,data,"DAT_10098172",word
10098174,10098176,data,"DAT_10098174",word
10098176,10098178,data,"DAT_10098176",word
10098178,1009817a,data,"DAT_10098178",word
1009817a,1009817c,data,"DAT_1009817a",word
1009817c,1009817e,data,"DAT_1009817c",word
1009817e,10098180,data,"DAT_1009817e",word
10098180,10098182,data,"DAT_10098180",word
10098182,10098184,data,"DAT_10098182",word
10098184,10098186,data,"DAT_10098184",word
10098186,10098188,data,"DAT_10098186",word
10098188,1009818a,data,"DAT_10098188",word
1009818a,1009818c,data,"DAT_1009818a",word
1009818c,1009818e,data,"DAT_1009818c",word
1009818e,10098190,data,"DAT_1009818e",word
10098190,10098192,data,"DAT_10098190",word
10098192,10098194,data,"DAT_10098192",word
10098194,10098196,data,"DAT_10098194",word
10098196,10098198,data,"DAT_10098196",word
10098198,1009819a,data,"DAT_10098198",word
1009819a,1009819c,data,"DAT_1009819a",word
1009819c,1009819e,data,"DAT_1009819c",word
1009819e,100981a0,data,"DAT_1009819e",word
100981a0,100981a2,data,"DAT_100981a0",word
100981a2,100981a4,data,"DAT_100981a2",word
100981a4,100981a6,data,"DAT_100981a4",word
100981a6,100981a8,data,"DAT_100981a6",word
100981a8,100981aa,data,"DAT_100981a8",word
100981aa,100981ac,data,"DAT_100981aa",word
100981ac,100981ae,data,"DAT_100981ac",word
100981ae,100981b0,data,"DAT_100981ae",word
100981b0,100981b2,data,"DAT_100981b0",word
100981b2,100981b4,data,"DAT_100981b2",word
100981b4,100981b6,data,"DAT_100981b4",word
100981b6,100981b8,data,"DAT_100981b6",word
100981b8,100981ba,data,"DAT_100981b8",word
100981ba,100981bc,data,"DAT_100981ba",word
100981bc,100981be,data,"DAT_100981bc",word
100981be,100981c0,data,"DAT_100981be",word
100981c0,100981c2,data,"DAT_100981c0",word
100981c2,100981c4,data,"DAT_100981c2",word
100981c4,100981c6,data,"DAT_100981c4",word
100981c6,100981c8,data,"DAT_100981c6",word
100981c8,100981ca,data,"DAT_100981c8",word
100981ca,100981cc,data,"DAT_100981ca",word
100981cc,100981ce,data,"DAT_100981cc",word
100981ce,100981d0,data,"DAT_100981ce",word
100981d0,100981d2,data,"DAT_100981d0",word
100981d2,100981d4,data,"DAT_100981d2",word
100981d4,100981d6,data,"DAT_100981d4",word
100981d6,100981d8,data,"DAT_100981d6",word
100981d8,100981da,data,"DAT_100981d8",word
100981da,100981dc,data,"DAT_100981da",word
100981dc,100981de,data,"DAT_100981dc",word
100981de,100981e0,data,"DAT_100981de",word
100981e0,100981e2,data,"DAT_100981e0",word
100981e2,100981e4,data,"DAT_100981e2",word
100981e4,100981e6,data,"DAT_100981e4",word
100981e6,100981e8,data,"DAT_100981e6",word
100981e8,100981ea,data,"DAT_100981e8",word
100981ea,100981ec,data,"DAT_100981ea",word
100981ec,100981ee,data,"DAT_100981ec",word
100981ee,100981f0,data,"DAT_100981ee",word
100981f0,100981f2,data,"DAT_100981f0",word
100981f2,100981f4,data,"DAT_100981f2",word
100981f4,100981f6,data,"DAT_100981f4",word
100981f6,100981f8,data,"DAT_100981f6",word
100981f8,100981fa,data,"DAT_100981f8",word
100981fa,100981fc,data,"DAT_100981fa",word
100981fc,100981fe,data,"DAT_100981fc",word
100981fe,10098200,data,"DAT_100981fe",word
10098200,10098202,data,"DAT_10098200",word
10098202,10098204,data,"DAT_10098202",word
10098204,10098208,data,"DAT_10098204",dword
10098208,1009820c,data,"DAT_10098208",dword
1009820c,1009820e,data,"DAT_1009820c",word
1009820e,10098210,data,"DAT_1009820e",word
10098210,10098212,data,"DAT_10098210",word
10098212,10098214,data,"DAT_10098212",word
10098214,10098216,data,"DAT_10098214",word
10098216,10098218,data,"DAT_10098216",word
10098218,1009821a,data,"DAT_10098218",word
1009821a,1009821c,data,"DAT_1009821a",word
1009821c,1009821e,data,"DAT_1009821c",word
1009821e,10098220,data,"DAT_1009821e",word
10098220,10098222,data,"DAT_10098220",word
10098222,10098224,data,"DAT_10098222",word
10098224,10098226,data,"DAT_10098224",word
10098226,10098228,data,"DAT_10098226",word
10098228,1009822a,data,"DAT_10098228",word
1009822a,1009822c,data,"DAT_1009822a",word
1009822c,1009822e,data,"DAT_1009822c",word
1009822e,10098230,data,"DAT_1009822e",word
10098230,10098232,data,"DAT_10098230",word
10098232,10098234,data,"DAT_10098232",word
10098234,10098236,data,"DAT_10098234",word
10098236,10098238,data,"DAT_10098236",word
10098238,1009823a,data,"DAT_10098238",word
1009823a,1009823c,data,"DAT_1009823a",word
1009823c,1009823e,data,"DAT_1009823c",word
1009823e,10098240,data,"DAT_1009823e",word
10098240,10098242,data,"DAT_10098240",word
10098242,10098244,data,"DAT_10098242",word
10098244,10098246,data,"DAT_10098244",word
10098246,10098248,data,"DAT_10098246",word
10098248,1009824a,data,"DAT_10098248",word
1009824a,1009824c,data,"DAT_1009824a",word
1009824c,1009824e,data,"DAT_1009824c",word
1009824e,10098250,data,"DAT_1009824e",word
10098250,10098252,data,"DAT_10098250",word
10098252,10098254,data,"DAT_10098252",word
10098254,10098256,data,"DAT_10098254",word
10098256,10098258,data,"DAT_10098256",word
10098258,1009825a,data,"DAT_10098258",word
1009825a,1009825c,data,"DAT_1009825a",word
1009825c,1009825e,data,"DAT_1009825c",word
1009825e,10098260,data,"DAT_1009825e",word
10098260,10098262,data,"DAT_10098260",word
10098262,10098264,data,"DAT_10098262",word
10098264,10098266,data,"DAT_10098264",word
10098266,10098268,data,"DAT_10098266",word
10098268,1009826a,data,"DAT_10098268",word
1009826a,1009826c,data,"DAT_1009826a",word
1009826c,1009826e,data,"DAT_1009826c",word
1009826e,10098270,data,"DAT_1009826e",word
10098270,10098272,data,"DAT_10098270",word
10098272,10098274,data,"DAT_10098272",word
10098274,10098276,data,"DAT_10098274",word
10098276,10098278,data,"DAT_10098276",word
10098278,1009827a,data,"DAT_10098278",word
1009827a,1009827c,data,"DAT_1009827a",word
1009827c,1009827e,data,"DAT_1009827c",word
1009827e,10098280,data,"DAT_1009827e",word
10098280,10098282,data,"DAT_10098280",word
10098282,10098284,data,"DAT_10098282",word
10098284,10098286,data,"DAT_10098284",word
10098286,10098288,data,"DAT_10098286",word
10098288,1009828a,data,"DAT_10098288",word
1009828a,1009828c,data,"DAT_1009828a",word
1009828c,1009828e,data,"DAT_1009828c",word
1009828e,10098290,data,"DAT_1009828e",word
10098290,10098292,data,"DAT_10098290",word
10098292,10098294,data,"DAT_10098292",word
10098294,10098296,data,"DAT_10098294",word
10098296,10098298,data,"DAT_10098296",word
10098298,1009829a,data,"DAT_10098298",word
1009829a,1009829c,data,"DAT_1009829a",word
1009829c,1009829e,data,"DAT_1009829c",word
1009829e,100982a0,data,"DAT_1009829e",word
100982a0,100982a2,data,"DAT_100982a0",word
100982a2,100982a4,data,"DAT_100982a2",word
100982a4,100982a6,data,"DAT_100982a4",word
100982a6,100982a8,data,"DAT_100982a6",word
100982a8,100982aa,data,"DAT_100982a8",word
100982aa,100982ac,data,"DAT_100982aa",word
100982ac,100982ae,data,"DAT_100982ac",word
100982ae,100982b0,data,"DAT_100982ae",word
100982b0,100982b2,data,"DAT_100982b0",word
100982b2,100982b4,data,"DAT_100982b2",word
100982b4,100982b6,data,"DAT_100982b4",word
100982b6,100982b8,data,"DAT_100982b6",word
100982b8,100982ba,data,"DAT_100982b8",word
100982ba,100982bc,data,"DAT_100982ba",word
100982bc,100982be,data,"DAT_100982bc",word
100982be,100982c0,data,"DAT_100982be",word
100982c0,100982c2,data,"DAT_100982c0",word
100982c2,100982c4,data,"DAT_100982c2",word
100982c4,100982c6,data,"DAT_100982c4",word
100982c6,100982c8,data,"DAT_100982c6",word
100982c8,100982ca,data,"DAT_100982c8",word
100982ca,100982cc,data,"DAT_100982ca",word
100982cc,100982ce,data,"DAT_100982cc",word
100982ce,100982d0,data,"DAT_100982ce",word
100982d0,100982d2,data,"DAT_100982d0",word
100982d2,100982d4,data,"DAT_100982d2",word
100982d4,100982d6,data,"DAT_100982d4",word
100982d6,100982d8,data,"DAT_100982d6",word
100982d8,100982da,data,"DAT_100982d8",word
100982da,100982dc,data,"DAT_100982da",word
100982dc,100982de,data,"DAT_100982dc",word
100982de,100982e0,data,"DAT_100982de",word
100982e0,100982e2,data,"DAT_100982e0",word
100982e2,100982e4,data,"DAT_100982e2",word
100982e4,100982e6,data,"DAT_100982e4",word
100982e6,100982e8,data,"DAT_100982e6",word
100982e8,100982ea,data,"DAT_100982e8",word
100982ea,100982ec,data,"DAT_100982ea",word
100982ec,100982ee,data,"DAT_100982ec",word
100982ee,100982f0,data,"DAT_100982ee",word
100982f0,100982f2,data,"DAT_100982f0",word
100982f2,100982f4,data,"DAT_100982f2",word
100982f4,100982f6,data,"DAT_100982f4",word
100982f6,100982f8,data,"DAT_100982f6",word
100982f8,100982fa,data,"DAT_100982f8",word
100982fa,100982fc,data,"DAT_100982fa",word
100982fc,100982fe,data,"DAT_100982fc",word
100982fe,10098300,data,"DAT_100982fe",word
10098300,10098302,data,"DAT_10098300",word
10098302,10098304,data,"DAT_10098302",word
10098304,10098306,data,"DAT_10098304",word
10098306,10098308,data,"DAT_10098306",word
10098308,1009830a,data,"DAT_10098308",word
1009830a,1009830c,data,"DAT_1009830a",word
1009830c,1009830e,data,"DAT_1009830c",word
1009830e,10098310,data,"DAT_1009830e",word
10098310,10098312,data,"DAT_10098310",word
10098312,10098314,data,"DAT_10098312",word
10098314,10098316,data,"DAT_10098314",word
10098316,10098318,data,"DAT_10098316",word
10098318,1009831a,data,"DAT_10098318",word
1009831a,1009831c,data,"DAT_1009831a",word
1009831c,1009831e,data,"DAT_1009831c",word
1009831e,10098320,data,"DAT_1009831e",word
10098320,10098322,data,"DAT_10098320",word
10098322,10098324,data,"DAT_10098322",word
10098324,10098326,data,"DAT_10098324",word
10098326,10098328,data,"DAT_10098326",word
10098328,1009832a,data,"DAT_10098328",word
1009832a,1009832c,data,"DAT_1009832a",word
1009832c,1009832e,data,"DAT_1009832c",word
1009832e,10098330,data,"DAT_1009832e",word
10098330,10098332,data,"DAT_10098330",word
10098332,10098334,data,"DAT_10098332",word
10098334,10098336,data,"DAT_10098334",word
10098336,10098338,data,"DAT_10098336",word
10098338,1009833a,data,"DAT_10098338",word
1009833a,1009833c,data,"DAT_1009833a",word
1009833c,10098340,data,"DAT_1009833c",dword
10098340,10098344,data,"DAT_10098340",dword
10098344,10098346,data,"DAT_10098344",word
10098346,10098348,data,"DAT_10098346",word
10098348,1009834a,data,"DAT_10098348",word
1009834a,1009834c,data,"DAT_1009834a",word
1009834c,1009834e,data,"DAT_1009834c",word
1009834e,10098350,data,"DAT_1009834e",word
10098350,10098352,data,"DAT_10098350",word
10098352,10098354,data,"DAT_10098352",word
10098354,10098356,data,"DAT_10098354",word
10098356,10098358,data,"DAT_10098356",word
10098358,1009835a,data,"DAT_10098358",word
1009835a,1009835c,data,"DAT_1009835a",word
1009835c,1009835e,data,"DAT_1009835c",word
1009835e,10098360,data,"DAT_1009835e",word
10098360,10098362,data,"DAT_10098360",word
10098362,10098364,data,"DAT_10098362",word
10098364,10098366,data,"DAT_10098364",word
10098366,10098368,data,"DAT_10098366",word
10098368,1009836a,data,"DAT_10098368",word
1009836a,1009836c,data,"DAT_1009836a",word
1009836c,1009836e,data,"DAT_1009836c",word
1009836e,10098370,data,"DAT_1009836e",word
10098370,10098372,data,"DAT_10098370",word
10098372,10098374,data,"DAT_10098372",word
10098374,10098376,data,"DAT_10098374",word
10098376,10098378,data,"DAT_10098376",word
10098378,1009837a,data,"DAT_10098378",word
1009837a,1009837c,data,"DAT_1009837a",word
1009837c,1009837e,data,"DAT_1009837c",word
1009837e,10098380,data,"DAT_1009837e",word
10098380,10098382,data,"DAT_10098380",word
10098382,10098384,data,"DAT_10098382",word
10098384,10098386,data,"DAT_10098384",word
10098386,10098388,data,"DAT_10098386",word
10098388,1009838a,data,"DAT_10098388",word
1009838a,1009838c,data,"DAT_1009838a",word
1009838c,1009838e,data,"DAT_1009838c",word
1009838e,10098390,data,"DAT_1009838e",word
10098390,10098392,data,"DAT_10098390",word
10098392,10098394,data,"DAT_10098392",word
10098394,10098396,data,"DAT_10098394",word
10098396,10098398,data,"DAT_10098396",word
10098398,1009839a,data,"DAT_10098398",word
1009839a,1009839c,data,"DAT_1009839a",word
1009839c,1009839e,data,"DAT_1009839c",word
1009839e,100983a0,data,"DAT_1009839e",word
100983a0,100983a2,data,"DAT_100983a0",word
100983a2,100983a4,data,"DAT_100983a2",word
100983a4,100983a6,data,"DAT_100983a4",word
100983a6,100983a8,data,"DAT_100983a6",word
100983a8,100983aa,data,"DAT_100983a8",word
100983aa,100983ac,data,"DAT_100983aa",word
100983ac,100983ae,data,"DAT_100983ac",word
100983ae,100983b0,data,"DAT_100983ae",word
100983b0,100983b2,data,"DAT_100983b0",word
100983b2,100983b4,data,"DAT_100983b2",word
100983b4,100983b6,data,"DAT_100983b4",word
100983b6,100983b8,data,"DAT_100983b6",word
100983b8,100983ba,data,"DAT_100983b8",word
100983ba,100983bc,data,"DAT_100983ba",word
100983bc,100983be,data,"DAT_100983bc",word
100983be,100983c0,data,"DAT_100983be",word
100983c0,100983c2,data,"DAT_100983c0",word
100983c2,100983c4,data,"DAT_100983c2",word
100983c4,100983c6,data,"DAT_100983c4",word
100983c6,100983c8,data,"DAT_100983c6",word
100983c8,100983ca,data,"DAT_100983c8",word
100983ca,100983cc,data,"DAT_100983ca",word
100983cc,100983ce,data,"DAT_100983cc",word
100983ce,100983d0,data,"DAT_100983ce",word
100983d0,100983d2,data,"DAT_100983d0",word
100983d2,100983d4,data,"DAT_100983d2",word
100983d4,100983d8,data,"DAT_100983d4",dword
100983d8,100983dc,data,"DAT_100983d8",dword
100983dc,100983de,data,"DAT_100983dc",word
100983de,100983e0,data,"DAT_100983de",word
100983e0,100983e2,data,"DAT_100983e0",word
100983e2,100983e4,data,"DAT_100983e2",word
100983e4,100983e6,data,"DAT_100983e4",word
100983e6,100983e8,data,"DAT_100983e6",word
100983e8,100983ea,data,"DAT_100983e8",word
100983ea,100983ec,data,"DAT_100983ea",word
100983ec,100983ee,data,"DAT_100983ec",word
100983ee,100983f0,data,"DAT_100983ee",word
100983f0,100983f2,data,"DAT_100983f0",word
100983f2,100983f4,data,"DAT_100983f2",word
100983f4,100983f6,data,"DAT_100983f4",word
100983f6,100983f8,data,"DAT_100983f6",word
100983f8,100983fa,data,"DAT_100983f8",word
100983fa,100983fc,data,"DAT_100983fa",word
100983fc,100983fe,data,"DAT_100983fc",word
100983fe,10098400,data,"DAT_100983fe",word
10098400,10098402,data,"DAT_10098400",word
10098402,10098404,data,"DAT_10098402",word
10098404,10098406,data,"DAT_10098404",word
10098406,10098408,data,"DAT_10098406",word
10098408,1009840a,data,"DAT_10098408",word
1009840a,1009840c,data,"DAT_1009840a",word
1009840c,1009840e,data,"DAT_1009840c",word
1009840e,10098410,data,"DAT_1009840e",word
10098410,10098412,data,"DAT_10098410",word
10098412,10098414,data,"DAT_10098412",word
10098414,10098416,data,"DAT_10098414",word
10098416,10098418,data,"DAT_10098416",word
10098418,1009841a,data,"DAT_10098418",word
1009841a,1009841c,data,"DAT_1009841a",word
1009841c,1009841e,data,"DAT_1009841c",word
1009841e,10098420,data,"DAT_1009841e",word
10098420,10098422,data,"DAT_10098420",word
10098422,10098424,data,"DAT_10098422",word
10098424,10098426,data,"DAT_10098424",word
10098426,10098428,data,"DAT_10098426",word
10098428,1009842c,data,"DAT_10098428",dword
1009842c,10098430,data,"DAT_1009842c",dword
10098430,10098432,data,"DAT_10098430",word
10098432,10098434,data,"DAT_10098432",word
10098434,10098436,data,"DAT_10098434",word
10098436,10098438,data,"DAT_10098436",word
10098438,1009843a,data,"DAT_10098438",word
1009843a,1009843c,data,"DAT_1009843a",word
1009843c,1009843e,data,"DAT_1009843c",word
1009843e,10098440,data,"DAT_1009843e",word
10098440,10098442,data,"DAT_10098440",word
10098442,10098444,data,"DAT_10098442",word
10098444,10098446,data,"DAT_10098444",word
10098446,10098448,data,"DAT_10098446",word
10098448,1009844a,data,"DAT_10098448",word
1009844a,1009844c,data,"DAT_1009844a",word
1009844c,1009844e,data,"DAT_1009844c",word
1009844e,10098450,data,"DAT_1009844e",word
10098450,10098452,data,"DAT_10098450",word
10098452,10098454,data,"DAT_10098452",word
10098454,10098456,data,"DAT_10098454",word
10098456,10098458,data,"DAT_10098456",word
10098458,1009845a,data,"DAT_10098458",word
1009845a,1009845c,data,"DAT_1009845a",word
1009845c,1009845e,data,"DAT_1009845c",word
1009845e,10098460,data,"DAT_1009845e",word
10098460,10098462,data,"DAT_10098460",word
10098462,10098464,data,"DAT_10098462",word
10098464,10098466,data,"DAT_10098464",word
10098466,10098468,data,"DAT_10098466",word
10098468,1009846a,data,"DAT_10098468",word
1009846a,1009846c,data,"DAT_1009846a",word
1009846c,1009846e,data,"DAT_1009846c",word
1009846e,10098470,data,"DAT_1009846e",word
10098470,10098472,data,"DAT_10098470",word
10098472,10098474,data,"DAT_10098472",word
10098474,10098476,data,"DAT_10098474",word
10098476,10098478,data,"DAT_10098476",word
10098478,1009847a,data,"DAT_10098478",word
1009847a,1009847c,data,"DAT_1009847a",word
1009847c,1009847e,data,"DAT_1009847c",word
1009847e,10098480,data,"DAT_1009847e",word
10098480,10098482,data,"DAT_10098480",word
10098482,10098484,data,"DAT_10098482",word
10098484,10098486,data,"DAT_10098484",word
10098486,10098488,data,"DAT_10098486",word
10098488,1009848a,data,"DAT_10098488",word
1009848a,1009848c,data,"DAT_1009848a",word
1009848c,1009848e,data,"DAT_1009848c",word
1009848e,10098490,data,"DAT_1009848e",word
10098490,10098492,data,"DAT_10098490",word
10098492,10098494,data,"DAT_10098492",word
10098494,10098496,data,"DAT_10098494",word
10098496,10098498,data,"DAT_10098496",word
10098498,1009849a,data,"DAT_10098498",word
1009849a,1009849c,data,"DAT_1009849a",word
1009849c,1009849e,data,"DAT_1009849c",word
1009849e,100984a0,data,"DAT_1009849e",word
100984a0,100984a2,data,"DAT_100984a0",word
100984a2,100984a4,data,"DAT_100984a2",word
100984a4,100984a6,data,"DAT_100984a4",word
100984a6,100984a8,data,"DAT_100984a6",word
100984a8,100984aa,data,"DAT_100984a8",word
100984aa,100984ac,data,"DAT_100984aa",word
100984ac,100984ae,data,"DAT_100984ac",word
100984ae,100984b0,data,"DAT_100984ae",word
100984b0,100984b4,data,"DAT_100984b0",dword
100984b4,100984b8,data,"DAT_100984b4",dword
100984b8,100984ba,data,"DAT_100984b8",word
100984ba,100984bc,data,"DAT_100984ba",word
100984bc,100984be,data,"DAT_100984bc",word
100984be,100984c0,data,"DAT_100984be",word
100984c0,100984c2,data,"DAT_100984c0",word
100984c2,100984c4,data,"DAT_100984c2",word
100984c4,100984c6,data,"DAT_100984c4",word
100984c6,100984c8,data,"DAT_100984c6",word
100984c8,100984ca,data,"DAT_100984c8",word
100984ca,100984cc,data,"DAT_100984ca",word
100984cc,100984ce,data,"DAT_100984cc",word
100984ce,100984d0,data,"DAT_100984ce",word
100984d0,100984d2,data,"DAT_100984d0",word
100984d2,100984d4,data,"DAT_100984d2",word
100984d4,100984d6,data,"DAT_100984d4",word
100984d6,100984d8,data,"DAT_100984d6",word
100984d8,100984da,data,"DAT_100984d8",word
100984da,100984dc,data,"DAT_100984da",word
100984dc,100984de,data,"DAT_100984dc",word
100984de,100984e0,data,"DAT_100984de",word
100984e0,100984e2,data,"DAT_100984e0",word
100984e2,100984e4,data,"DAT_100984e2",word
100984e4,100984e6,data,"DAT_100984e4",word
100984e6,100984e8,data,"DAT_100984e6",word
100984e8,100984ea,data,"DAT_100984e8",word
100984ea,100984ec,data,"DAT_100984ea",word
100984ec,100984ee,data,"DAT_100984ec",word
100984ee,100984f0,data,"DAT_100984ee",word
100984f0,100984f2,data,"DAT_100984f0",word
100984f2,100984f4,data,"DAT_100984f2",word
100984f4,100984f6,data,"DAT_100984f4",word
100984f6,100984f8,data,"DAT_100984f6",word
100984f8,100984fa,data,"DAT_100984f8",word
100984fa,100984fc,data,"DAT_100984fa",word
100984fc,100984fe,data,"DAT_100984fc",word
100984fe,10098500,data,"DAT_100984fe",word
10098500,10098502,data,"DAT_10098500",word
10098502,10098504,data,"DAT_10098502",word
10098504,10098506,data,"DAT_10098504",word
10098506,10098508,data,"DAT_10098506",word
10098508,1009850a,data,"DAT_10098508",word
1009850a,1009850c,data,"DAT_1009850a",word
1009850c,1009850e,data,"DAT_1009850c",word
1009850e,10098510,data,"DAT_1009850e",word
10098510,10098512,data,"DAT_10098510",word
10098512,10098514,data,"DAT_10098512",word
10098514,10098516,data,"DAT_10098514",word
10098516,10098518,data,"DAT_10098516",word
10098518,1009851a,data,"DAT_10098518",word
1009851a,1009851c,data,"DAT_1009851a",word
1009851c,1009851e,data,"DAT_1009851c",word
1009851e,10098520,data,"DAT_1009851e",word
10098520,10098522,data,"DAT_10098520",word
10098522,10098524,data,"DAT_10098522",word
10098524,10098526,data,"DAT_10098524",word
10098526,10098528,data,"DAT_10098526",word
10098528,1009852a,data,"DAT_10098528",word
1009852a,1009852c,data,"DAT_1009852a",word
1009852c,1009852e,data,"DAT_1009852c",word
1009852e,10098530,data,"DAT_1009852e",word
10098530,10098532,data,"DAT_10098530",word
10098532,10098534,data,"DAT_10098532",word
10098534,10098536,data,"DAT_10098534",word
10098536,10098538,data,"DAT_10098536",word
10098538,1009853a,data,"DAT_10098538",word
1009853a,1009853c,data,"DAT_1009853a",word
1009853c,1009853e,data,"DAT_1009853c",word
1009853e,10098540,data,"DAT_1009853e",word
10098540,10098542,data,"DAT_10098540",word
10098542,10098544,data,"DAT_10098542",word
10098544,10098546,data,"DAT_10098544",word
10098546,10098548,data,"DAT_10098546",word
10098548,1009854a,data,"DAT_10098548",word
1009854a,1009854c,data,"DAT_1009854a",word
1009854c,1009854e,data,"DAT_1009854c",word
1009854e,10098550,data,"DAT_1009854e",word
10098550,10098552,data,"DAT_10098550",word
10098552,10098554,data,"DAT_10098552",word
10098554,10098556,data,"DAT_10098554",word
10098556,10098558,data,"DAT_10098556",word
10098558,1009855a,data,"DAT_10098558",word
1009855a,1009855c,data,"DAT_1009855a",word
1009855c,1009855e,data,"DAT_1009855c",word
1009855e,10098560,data,"DAT_1009855e",word
10098560,10098562,data,"DAT_10098560",word
10098562,10098564,data,"DAT_10098562",word
10098564,10098566,data,"DAT_10098564",word
10098566,10098568,data,"DAT_10098566",word
10098568,1009856a,data,"DAT_10098568",word
1009856a,1009856c,data,"DAT_1009856a",word
1009856c,1009856e,data,"DAT_1009856c",word
1009856e,10098570,data,"DAT_1009856e",word
10098570,10098572,data,"DAT_10098570",word
10098572,10098574,data,"DAT_10098572",word
10098574,10098576,data,"DAT_10098574",word
10098576,10098578,data,"DAT_10098576",word
10098578,1009857a,data,"DAT_10098578",word
1009857a,1009857c,data,"DAT_1009857a",word
1009857c,1009857e,data,"DAT_1009857c",word
1009857e,10098580,data,"DAT_1009857e",word
10098580,10098582,data,"DAT_10098580",word
10098582,10098584,data,"DAT_10098582",word
10098584,10098586,data,"DAT_10098584",word
10098586,10098588,data,"DAT_10098586",word
10098588,1009858a,data,"DAT_10098588",word
1009858a,1009858c,data,"DAT_1009858a",word
1009858c,1009858e,data,"DAT_1009858c",word
1009858e,10098590,data,"DAT_1009858e",word
10098590,10098594,data,"DAT_10098590",dword
10098594,10098598,data,"DAT_10098594",dword
10098598,1009859a,data,"DAT_10098598",word
1009859a,1009859c,data,"DAT_1009859a",word
1009859c,1009859e,data,"DAT_1009859c",word
1009859e,100985a0,data,"DAT_1009859e",word
100985a0,100985a2,data,"DAT_100985a0",word
100985a2,100985a4,data,"DAT_100985a2",word
100985a4,100985a6,data,"DAT_100985a4",word
100985a6,100985a8,data,"DAT_100985a6",word
100985a8,100985aa,data,"DAT_100985a8",word
100985aa,100985ac,data,"DAT_100985aa",word
100985ac,100985ae,data,"DAT_100985ac",word
100985ae,100985b0,data,"DAT_100985ae",word
100985b0,100985b2,data,"DAT_100985b0",word
100985b2,100985b4,data,"DAT_100985b2",word
100985b4,100985b6,data,"DAT_100985b4",word
100985b6,100985b8,data,"DAT_100985b6",word
100985b8,100985ba,data,"DAT_100985b8",word
100985ba,100985bc,data,"DAT_100985ba",word
100985bc,100985be,data,"DAT_100985bc",word
100985be,100985c0,data,"DAT_100985be",word
100985c0,100985c2,data,"DAT_100985c0",word
100985c2,100985c4,data,"DAT_100985c2",word
100985c4,100985c6,data,"DAT_100985c4",word
100985c6,100985c8,data,"DAT_100985c6",word
100985c8,100985ca,data,"DAT_100985c8",word
100985ca,100985cc,data,"DAT_100985ca",word
100985cc,100985ce,data,"DAT_100985cc",word
100985ce,100985d0,data,"DAT_100985ce",word
100985d0,100985d2,data,"DAT_100985d0",word
100985d2,100985d4,data,"DAT_100985d2",word
100985d4,100985d6,data,"DAT_100985d4",word
100985d6,100985d8,data,"DAT_100985d6",word
100985d8,100985da,data,"DAT_100985d8",word
100985da,100985dc,data,"DAT_100985da",word
100985dc,100985de,data,"DAT_100985dc",word
100985de,100985e0,data,"DAT_100985de",word
100985e0,100985e2,data,"DAT_100985e0",word
100985e2,100985e4,data,"DAT_100985e2",word
100985e4,100985e6,data,"DAT_100985e4",word
100985e6,100985e8,data,"DAT_100985e6",word
100985e8,100985ea,data,"DAT_100985e8",word
100985ea,100985ec,data,"DAT_100985ea",word
100985ec,100985ee,data,"DAT_100985ec",word
100985ee,100985f0,data,"DAT_100985ee",word
100985f0,100985f2,data,"DAT_100985f0",word
100985f2,100985f4,data,"DAT_100985f2",word
100985f4,100985f6,data,"DAT_100985f4",word
100985f6,100985f8,data,"DAT_100985f6",word
100985f8,100985fa,data,"DAT_100985f8",word
100985fa,100985fc,data,"DAT_100985fa",word
100985fc,100985fe,data,"DAT_100985fc",word
100985fe,10098600,data,"DAT_100985fe",word
10098600,10098602,data,"DAT_10098600",word
10098602,10098604,data,"DAT_10098602",word
10098604,10098606,data,"DAT_10098604",word
10098606,10098608,data,"DAT_10098606",word
10098608,1009860a,data,"DAT_10098608",word
1009860a,1009860c,data,"DAT_1009860a",word
1009860c,1009860e,data,"DAT_1009860c",word
1009860e,10098610,data,"DAT_1009860e",word
10098610,10098612,data,"DAT_10098610",word
10098612,10098614,data,"DAT_10098612",word
10098614,10098616,data,"DAT_10098614",word
10098616,10098618,data,"DAT_10098616",word
10098618,1009861a,data,"DAT_10098618",word
1009861a,1009861c,data,"DAT_1009861a",word
1009861c,1009861e,data,"DAT_1009861c",word
1009861e,10098620,data,"DAT_1009861e",word
10098620,10098622,data,"DAT_10098620",word
10098622,10098624,data,"DAT_10098622",word
10098624,10098626,data,"DAT_10098624",word
10098626,10098628,data,"DAT_10098626",word
10098628,1009862a,data,"DAT_10098628",word
1009862a,1009862c,data,"DAT_1009862a",word
1009862c,1009862e,data,"DAT_1009862c",word
1009862e,10098630,data,"DAT_1009862e",word
10098630,10098632,data,"DAT_10098630",word
10098632,10098634,data,"DAT_10098632",word
10098634,10098636,data,"DAT_10098634",word
10098636,10098638,data,"DAT_10098636",word
10098638,1009863a,data,"DAT_10098638",word
1009863a,1009863c,data,"DAT_1009863a",word
1009863c,10098640,data,"DAT_1009863c",dword
10098640,10098644,data,"DAT_10098640",dword
10098644,10098646,data,"DAT_10098644",word
10098646,10098648,data,"DAT_10098646",word
10098648,1009864a,data,"DAT_10098648",word
1009864a,1009864c,data,"DAT_1009864a",word
1009864c,1009864e,data,"DAT_1009864c",word
1009864e,10098650,data,"DAT_1009864e",word
10098650,10098652,data,"DAT_10098650",word
10098652,10098654,data,"DAT_10098652",word
10098654,10098656,data,"DAT_10098654",word
10098656,10098658,data,"DAT_10098656",word
10098658,1009865a,data,"DAT_10098658",word
1009865a,1009865c,data,"DAT_1009865a",word
1009865c,1009865e,data,"DAT_1009865c",word
1009865e,10098660,data,"DAT_1009865e",word
10098660,10098662,data,"DAT_10098660",word
10098662,10098664,data,"DAT_10098662",word
10098664,10098666,data,"DAT_10098664",word
10098666,10098668,data,"DAT_10098666",word
10098668,1009866a,data,"DAT_10098668",word
1009866a,1009866c,data,"DAT_1009866a",word
1009866c,1009866e,data,"DAT_1009866c",word
1009866e,10098670,data,"DAT_1009866e",word
10098670,10098672,data,"DAT_10098670",word
10098672,10098674,data,"DAT_10098672",word
10098674,10098676,data,"DAT_10098674",word
10098676,10098678,data,"DAT_10098676",word
10098678,1009867a,data,"DAT_10098678",word
1009867a,1009867c,data,"DAT_1009867a",word
1009867c,1009867e,data,"DAT_1009867c",word
1009867e,10098680,data,"DAT_1009867e",word
10098680,10098682,data,"DAT_10098680",word
10098682,10098684,data,"DAT_10098682",word
10098684,10098686,data,"DAT_10098684",word
10098686,10098688,data,"DAT_10098686",word
10098688,1009868a,data,"DAT_10098688",word
1009868a,1009868c,data,"DAT_1009868a",word
1009868c,1009868e,data,"DAT_1009868c",word
1009868e,10098690,data,"DAT_1009868e",word
10098690,10098692,data,"DAT_10098690",word
10098692,10098694,data,"DAT_10098692",word
10098694,10098696,data,"DAT_10098694",word
10098696,10098698,data,"DAT_10098696",word
10098698,1009869a,data,"DAT_10098698",word
1009869a,1009869c,data,"DAT_1009869a",word
1009869c,1009869e,data,"DAT_1009869c",word
1009869e,100986a0,data,"DAT_1009869e",word
100986a0,100986a2,data,"DAT_100986a0",word
100986a2,100986a4,data,"DAT_100986a2",word
100986a4,100986a6,data,"DAT_100986a4",word
100986a6,100986a8,data,"DAT_100986a6",word
100986a8,100986aa,data,"DAT_100986a8",word
100986aa,100986ac,data,"DAT_100986aa",word
100986ac,100986ae,data,"DAT_100986ac",word
100986ae,100986b0,data,"DAT_100986ae",word
100986b0,100986b2,data,"DAT_100986b0",word
100986b2,100986b4,data,"DAT_100986b2",word
100986b4,100986b6,data,"DAT_100986b4",word
100986b6,100986b8,data,"DAT_100986b6",word
100986b8,100986ba,data,"DAT_100986b8",word
100986ba,100986bc,data,"DAT_100986ba",word
100986bc,100986be,data,"DAT_100986bc",word
100986be,100986c0,data,"DAT_100986be",word
100986c0,100986c2,data,"DAT_100986c0",word
100986c2,100986c4,data,"DAT_100986c2",word
100986c4,100986c6,data,"DAT_100986c4",word
100986c6,100986c8,data,"DAT_100986c6",word
100986c8,100986ca,data,"DAT_100986c8",word
100986ca,100986cc,data,"DAT_100986ca",word
100986cc,100986ce,data,"DAT_100986cc",word
100986ce,100986d0,data,"DAT_100986ce",word
100986d0,100986d2,data,"DAT_100986d0",word
100986d2,100986d4,data,"DAT_100986d2",word
100986d4,100986d6,data,"DAT_100986d4",word
100986d6,100986d8,data,"DAT_100986d6",word
100986d8,100986da,data,"DAT_100986d8",word
100986da,100986dc,data,"DAT_100986da",word
100986dc,100986de,data,"DAT_100986dc",word
100986de,100986e0,data,"DAT_100986de",word
100986e0,100986e2,data,"DAT_100986e0",word
100986e2,100986e4,data,"DAT_100986e2",word
100986e4,100986e6,data,"DAT_100986e4",word
100986e6,100986e8,data,"DAT_100986e6",word
100986e8,100986ea,data,"DAT_100986e8",word
100986ea,100986ec,data,"DAT_100986ea",word
100986ec,100986ee,data,"DAT_100986ec",word
100986ee,100986f0,data,"DAT_100986ee",word
100986f0,100986f2,data,"DAT_100986f0",word
100986f2,100986f4,data,"DAT_100986f2",word
100986f4,100986f6,data,"DAT_100986f4",word
100986f6,100986f8,data,"DAT_100986f6",word
100986f8,100986fa,data,"DAT_100986f8",word
100986fa,100986fc,data,"DAT_100986fa",word
100986fc,100986fe,data,"DAT_100986fc",word
100986fe,10098700,data,"DAT_100986fe",word
10098700,10098702,data,"DAT_10098700",word
10098702,10098704,data,"DAT_10098702",word
10098704,10098706,data,"DAT_10098704",word
10098706,10098708,data,"DAT_10098706",word
10098708,1009870a,data,"DAT_10098708",word
1009870a,1009870c,data,"DAT_1009870a",word
1009870c,1009870e,data,"DAT_1009870c",word
1009870e,10098710,data,"DAT_1009870e",word
10098710,10098712,data,"DAT_10098710",word
10098712,10098714,data,"DAT_10098712",word
10098714,10098716,data,"DAT_10098714",word
10098716,10098718,data,"DAT_10098716",word
10098718,1009871a,data,"DAT_10098718",word
1009871a,1009871c,data,"DAT_1009871a",word
1009871c,1009871e,data,"DAT_1009871c",word
1009871e,10098720,data,"DAT_1009871e",word
10098720,10098722,data,"DAT_10098720",word
10098722,10098724,data,"DAT_10098722",word
10098724,10098726,data,"DAT_10098724",word
10098726,10098728,data,"DAT_10098726",word
10098728,1009872a,data,"DAT_10098728",word
1009872a,1009872c,data,"DAT_1009872a",word
1009872c,1009872e,data,"DAT_1009872c",word
1009872e,10098730,data,"DAT_1009872e",word
10098730,10098732,data,"DAT_10098730",word
10098732,10098734,data,"DAT_10098732",word
10098734,10098736,data,"DAT_10098734",word
10098736,10098738,data,"DAT_10098736",word
10098738,1009873a,data,"DAT_10098738",word
1009873a,1009873c,data,"DAT_1009873a",word
1009873c,1009873e,data,"DAT_1009873c",word
1009873e,10098740,data,"DAT_1009873e",word
10098740,10098742,data,"DAT_10098740",word
10098742,10098744,data,"DAT_10098742",word
10098744,10098746,data,"DAT_10098744",word
10098746,10098748,data,"DAT_10098746",word
10098748,1009874c,data,"DAT_10098748",dword
1009874c,10098750,data,"DAT_1009874c",dword
10098750,10098752,data,"DAT_10098750",word
10098752,10098754,data,"DAT_10098752",word
10098754,10098756,data,"DAT_10098754",word
10098756,10098758,data,"DAT_10098756",word
10098758,1009875a,data,"DAT_10098758",word
1009875a,1009875c,data,"DAT_1009875a",word
1009875c,1009875e,data,"DAT_1009875c",word
1009875e,10098760,data,"DAT_1009875e",word
10098760,10098762,data,"DAT_10098760",word
10098762,10098764,data,"DAT_10098762",word
10098764,10098766,data,"DAT_10098764",word
10098766,10098768,data,"DAT_10098766",word
10098768,1009876a,data,"DAT_10098768",word
1009876a,1009876c,data,"DAT_1009876a",word
1009876c,1009876e,data,"DAT_1009876c",word
1009876e,10098770,data,"DAT_1009876e",word
10098770,10098772,data,"DAT_10098770",word
10098772,10098774,data,"DAT_10098772",word
10098774,10098776,data,"DAT_10098774",word
10098776,10098778,data,"DAT_10098776",word
10098778,1009877a,data,"DAT_10098778",word
1009877a,1009877c,data,"DAT_1009877a",word
1009877c,1009877e,data,"DAT_1009877c",word
1009877e,10098780,data,"DAT_1009877e",word
10098780,10098782,data,"DAT_10098780",word
10098782,10098784,data,"DAT_10098782",word
10098784,10098786,data,"DAT_10098784",word
10098786,10098788,data,"DAT_10098786",word
10098788,1009878a,data,"DAT_10098788",word
1009878a,1009878c,data,"DAT_1009878a",word
1009878c,1009878e,data,"DAT_1009878c",word
1009878e,10098790,data,"DAT_1009878e",word
10098790,10098792,data,"DAT_10098790",word
10098792,10098794,data,"DAT_10098792",word
10098794,10098796,data,"DAT_10098794",word
10098796,10098798,data,"DAT_10098796",word
10098798,1009879a,data,"DAT_10098798",word
1009879a,1009879c,data,"DAT_1009879a",word
1009879c,1009879e,data,"DAT_1009879c",word
1009879e,100987a0,data,"DAT_1009879e",word
100987a0,100987a2,data,"DAT_100987a0",word
100987a2,100987a4,data,"DAT_100987a2",word
100987a4,100987a6,data,"DAT_100987a4",word
100987a6,100987a8,data,"DAT_100987a6",word
100987a8,100987aa,data,"DAT_100987a8",word
100987aa,100987ac,data,"DAT_100987aa",word
100987ac,100987ae,data,"DAT_100987ac",word
100987ae,100987b0,data,"DAT_100987ae",word
100987b0,100987b2,data,"DAT_100987b0",word
100987b2,100987b4,data,"DAT_100987b2",word
100987b4,100987b6,data,"DAT_100987b4",word
100987b6,100987b8,data,"DAT_100987b6",word
100987b8,100987ba,data,"DAT_100987b8",word
100987ba,100987bc,data,"DAT_100987ba",word
100987bc,100987be,data,"DAT_100987bc",word
100987be,100987c0,data,"DAT_100987be",word
100987c0,100987c2,data,"DAT_100987c0",word
100987c2,100987c4,data,"DAT_100987c2",word
100987c4,100987c6,data,"DAT_100987c4",word
100987c6,100987c8,data,"DAT_100987c6",word
100987c8,100987ca,data,"DAT_100987c8",word
100987ca,100987cc,data,"DAT_100987ca",word
100987cc,100987ce,data,"DAT_100987cc",word
100987ce,100987d0,data,"DAT_100987ce",word
100987d0,100987d2,data,"DAT_100987d0",word
100987d2,100987d4,data,"DAT_100987d2",word
100987d4,100987d6,data,"DAT_100987d4",word
100987d6,100987d8,data,"DAT_100987d6",word
100987d8,100987da,data,"DAT_100987d8",word
100987da,100987dc,data,"DAT_100987da",word
100987dc,100987de,data,"DAT_100987dc",word
100987de,100987e0,data,"DAT_100987de",word
100987e0,100987e2,data,"DAT_100987e0",word
100987e2,100987e4,data,"DAT_100987e2",word
100987e4,100987e6,data,"DAT_100987e4",word
100987e6,100987e8,data,"DAT_100987e6",word
100987e8,100987ea,data,"DAT_100987e8",word
100987ea,100987ec,data,"DAT_100987ea",word
100987ec,100987ee,data,"DAT_100987ec",word
100987ee,100987f0,data,"DAT_100987ee",word
100987f0,100987f2,data,"DAT_100987f0",word
100987f2,100987f4,data,"DAT_100987f2",word
100987f4,100987f6,data,"DAT_100987f4",word
100987f6,100987f8,data,"DAT_100987f6",word
100987f8,100987fa,data,"DAT_100987f8",word
100987fa,100987fc,data,"DAT_100987fa",word
100987fc,100987fe,data,"DAT_100987fc",word
100987fe,10098800,data,"DAT_100987fe",word
10098800,10098802,data,"DAT_10098800",word
10098802,10098804,data,"DAT_10098802",word
10098804,10098806,data,"DAT_10098804",word
10098806,10098808,data,"DAT_10098806",word
10098808,1009880a,data,"DAT_10098808",word
1009880a,1009880c,data,"DAT_1009880a",word
1009880c,1009880e,data,"DAT_1009880c",word
1009880e,10098810,data,"DAT_1009880e",word
10098810,10098812,data,"DAT_10098810",word
10098812,10098814,data,"DAT_10098812",word
10098814,10098816,data,"DAT_10098814",word
10098816,10098818,data,"DAT_10098816",word
10098818,1009881a,data,"DAT_10098818",word
1009881a,1009881c,data,"DAT_1009881a",word
1009881c,1009881e,data,"DAT_1009881c",word
1009881e,10098820,data,"DAT_1009881e",word
10098820,10098822,data,"DAT_10098820",word
10098822,10098824,data,"DAT_10098822",word
10098824,10098826,data,"DAT_10098824",word
10098826,10098828,data,"DAT_10098826",word
10098828,1009882a,data,"DAT_10098828",word
1009882a,1009882c,data,"DAT_1009882a",word
1009882c,1009882e,data,"DAT_1009882c",word
1009882e,10098830,data,"DAT_1009882e",word
10098830,10098832,data,"DAT_10098830",word
10098832,10098834,data,"DAT_10098832",word
10098834,10098836,data,"DAT_10098834",word
10098836,10098838,data,"DAT_10098836",word
10098838,1009883a,data,"DAT_10098838",word
1009883a,1009883c,data,"DAT_1009883a",word
1009883c,1009883e,data,"DAT_1009883c",word
1009883e,10098840,data,"DAT_1009883e",word
10098840,10098842,data,"DAT_10098840",word
10098842,10098844,data,"DAT_10098842",word
10098844,10098846,data,"DAT_10098844",word
10098846,10098848,data,"DAT_10098846",word
10098848,1009884a,data,"DAT_10098848",word
1009884a,1009884c,data,"DAT_1009884a",word
1009884c,1009884e,data,"DAT_1009884c",word
1009884e,10098850,data,"DAT_1009884e",word
10098850,10098852,data,"DAT_10098850",word
10098852,10098854,data,"DAT_10098852",word
10098854,10098856,data,"DAT_10098854",word
10098856,10098858,data,"DAT_10098856",word
10098858,1009885a,data,"DAT_10098858",word
1009885a,1009885c,data,"DAT_1009885a",word
1009885c,1009885e,data,"DAT_1009885c",word
1009885e,10098860,data,"DAT_1009885e",word
10098860,10098862,data,"DAT_10098860",word
10098862,10098864,data,"DAT_10098862",word
10098864,10098866,data,"DAT_10098864",word
10098866,10098868,data,"DAT_10098866",word
10098868,1009886a,data,"DAT_10098868",word
1009886a,1009886c,data,"DAT_1009886a",word
1009886c,1009886e,data,"DAT_1009886c",word
1009886e,10098870,data,"DAT_1009886e",word
10098870,10098872,data,"DAT_10098870",word
10098872,10098874,data,"DAT_10098872",word
10098874,10098876,data,"DAT_10098874",word
10098876,10098878,data,"DAT_10098876",word
10098878,1009887a,data,"DAT_10098878",word
1009887a,1009887c,data,"DAT_1009887a",word
1009887c,1009887e,data,"DAT_1009887c",word
1009887e,10098880,data,"DAT_1009887e",word
10098880,10098882,data,"DAT_10098880",word
10098882,10098884,data,"DAT_10098882",word
10098884,10098886,data,"DAT_10098884",word
10098886,10098888,data,"DAT_10098886",word
10098888,1009888a,data,"DAT_10098888",word
1009888a,1009888c,data,"DAT_1009888a",word
1009888c,1009888e,data,"DAT_1009888c",word
1009888e,10098890,data,"DAT_1009888e",word
10098890,10098892,data,"DAT_10098890",word
10098892,10098894,data,"DAT_10098892",word
10098894,10098896,data,"DAT_10098894",word
10098896,10098898,data,"DAT_10098896",word
10098898,1009889a,data,"DAT_10098898",word
1009889a,1009889c,data,"DAT_1009889a",word
1009889c,1009889e,data,"DAT_1009889c",word
1009889e,100988a0,data,"DAT_1009889e",word
100988a0,100988a2,data,"DAT_100988a0",word
100988a2,100988a4,data,"DAT_100988a2",word
100988a4,100988a6,data,"DAT_100988a4",word
100988a6,100988a8,data,"DAT_100988a6",word
100988a8,100988aa,data,"DAT_100988a8",word
100988aa,100988ac,data,"DAT_100988aa",word
100988ac,100988ae,data,"DAT_100988ac",word
100988ae,100988b0,data,"DAT_100988ae",word
100988b0,100988b2,data,"DAT_100988b0",word
100988b2,100988b4,data,"DAT_100988b2",word
100988b4,100988b6,data,"DAT_100988b4",word
100988b6,100988b8,data,"DAT_100988b6",word
100988b8,100988ba,data,"DAT_100988b8",word
100988ba,100988bc,data,"DAT_100988ba",word
100988bc,100988be,data,"DAT_100988bc",word
100988be,100988c0,data,"DAT_100988be",word
100988c0,100988c2,data,"DAT_100988c0",word
100988c2,100988c4,data,"DAT_100988c2",word
100988c4,100988c6,data,"DAT_100988c4",word
100988c6,100988c8,data,"DAT_100988c6",word
100988c8,100988cc,data,"DAT_100988c8",dword
100988cc,100988d0,data,"DAT_100988cc",dword
100988d0,100988d2,data,"DAT_100988d0",word
100988d2,100988d4,data,"DAT_100988d2",word
100988d4,100988d6,data,"DAT_100988d4",word
100988d6,100988d8,data,"DAT_100988d6",word
100988d8,100988da,data,"DAT_100988d8",word
100988da,100988dc,data,"DAT_100988da",word
100988dc,100988de,data,"DAT_100988dc",word
100988de,100988e0,data,"DAT_100988de",word
100988e0,100988e2,data,"DAT_100988e0",word
100988e2,100988e4,data,"DAT_100988e2",word
100988e4,100988e6,data,"DAT_100988e4",word
100988e6,100988e8,data,"DAT_100988e6",word
100988e8,100988ea,data,"DAT_100988e8",word
100988ea,100988ec,data,"DAT_100988ea",word
100988ec,100988ee,data,"DAT_100988ec",word
100988ee,100988f0,data,"DAT_100988ee",word
100988f0,100988f2,data,"DAT_100988f0",word
100988f2,100988f4,data,"DAT_100988f2",word
100988f4,100988f6,data,"DAT_100988f4",word
100988f6,100988f8,data,"DAT_100988f6",word
100988f8,100988fa,data,"DAT_100988f8",word
100988fa,100988fc,data,"DAT_100988fa",word
100988fc,100988fe,data,"DAT_100988fc",word
100988fe,10098900,data,"DAT_100988fe",word
10098900,10098902,data,"DAT_10098900",word
10098902,10098904,data,"DAT_10098902",word
10098904,10098906,data,"DAT_10098904",word
10098906,10098908,data,"DAT_10098906",word
10098908,1009890a,data,"DAT_10098908",word
1009890a,1009890c,data,"DAT_1009890a",word
1009890c,1009890e,data,"DAT_1009890c",word
1009890e,10098910,data,"DAT_1009890e",word
10098910,10098912,data,"DAT_10098910",word
10098912,10098914,data,"DAT_10098912",word
10098914,10098916,data,"DAT_10098914",word
10098916,10098918,data,"DAT_10098916",word
10098918,1009891a,data,"DAT_10098918",word
1009891a,1009891c,data,"DAT_1009891a",word
1009891c,1009891e,data,"DAT_1009891c",word
1009891e,10098920,data,"DAT_1009891e",word
10098920,10098922,data,"DAT_10098920",word
10098922,10098924,data,"DAT_10098922",word
10098924,10098926,data,"DAT_10098924",word
10098926,10098928,data,"DAT_10098926",word
10098928,1009892a,data,"DAT_10098928",word
1009892a,1009892c,data,"DAT_1009892a",word
1009892c,1009892e,data,"DAT_1009892c",word
1009892e,10098930,data,"DAT_1009892e",word
10098930,10098932,data,"DAT_10098930",word
10098932,10098934,data,"DAT_10098932",word
10098934,10098936,data,"DAT_10098934",word
10098936,10098938,data,"DAT_10098936",word
10098938,1009893a,data,"DAT_10098938",word
1009893a,1009893c,data,"DAT_1009893a",word
1009893c,1009893e,data,"DAT_1009893c",word
1009893e,10098940,data,"DAT_1009893e",word
10098940,10098942,data,"DAT_10098940",word
10098942,10098944,data,"DAT_10098942",word
10098944,10098946,data,"DAT_10098944",word
10098946,10098948,data,"DAT_10098946",word
10098948,1009894a,data,"DAT_10098948",word
1009894a,1009894c,data,"DAT_1009894a",word
1009894c,1009894e,data,"DAT_1009894c",word
1009894e,10098950,data,"DAT_1009894e",word
10098950,10098952,data,"DAT_10098950",word
10098952,10098954,data,"DAT_10098952",word
10098954,10098956,data,"DAT_10098954",word
10098956,10098958,data,"DAT_10098956",word
10098958,1009895a,data,"DAT_10098958",word
1009895a,1009895c,data,"DAT_1009895a",word
1009895c,1009895e,data,"DAT_1009895c",word
1009895e,10098960,data,"DAT_1009895e",word
10098960,10098962,data,"DAT_10098960",word
10098962,10098964,data,"DAT_10098962",word
10098964,10098966,data,"DAT_10098964",word
10098966,10098968,data,"DAT_10098966",word
10098968,1009896a,data,"DAT_10098968",word
1009896a,1009896c,data,"DAT_1009896a",word
1009896c,1009896e,data,"DAT_1009896c",word
1009896e,10098970,data,"DAT_1009896e",word
10098970,10098972,data,"DAT_10098970",word
10098972,10098974,data,"DAT_10098972",word
10098974,10098976,data,"DAT_10098974",word
10098976,10098978,data,"DAT_10098976",word
10098978,1009897a,data,"DAT_10098978",word
1009897a,1009897c,data,"DAT_1009897a",word
1009897c,1009897e,data,"DAT_1009897c",word
1009897e,10098980,data,"DAT_1009897e",word
10098980,10098982,data,"DAT_10098980",word
10098982,10098984,data,"DAT_10098982",word
10098984,10098986,data,"DAT_10098984",word
10098986,10098988,data,"DAT_10098986",word
10098988,1009898a,data,"DAT_10098988",word
1009898a,1009898c,data,"DAT_1009898a",word
1009898c,1009898e,data,"DAT_1009898c",word
1009898e,10098990,data,"DAT_1009898e",word
10098990,10098994,data,"DAT_10098990",dword
10098994,10098998,data,"DAT_10098994",dword
10098998,1009899a,data,"DAT_10098998",word
1009899a,1009899c,data,"DAT_1009899a",word
1009899c,1009899e,data,"DAT_1009899c",word
1009899e,100989a0,data,"DAT_1009899e",word
100989a0,100989a2,data,"DAT_100989a0",word
100989a2,100989a4,data,"DAT_100989a2",word
100989a4,100989a6,data,"DAT_100989a4",word
100989a6,100989a8,data,"DAT_100989a6",word
100989a8,100989aa,data,"DAT_100989a8",word
100989aa,100989ac,data,"DAT_100989aa",word
100989ac,100989ae,data,"DAT_100989ac",word
100989ae,100989b0,data,"DAT_100989ae",word
100989b0,100989b2,data,"DAT_100989b0",word
100989b2,100989b4,data,"DAT_100989b2",word
100989b4,100989b6,data,"DAT_100989b4",word
100989b6,100989b8,data,"DAT_100989b6",word
100989b8,100989ba,data,"DAT_100989b8",word
100989ba,100989bc,data,"DAT_100989ba",word
100989bc,100989be,data,"DAT_100989bc",word
100989be,100989c0,data,"DAT_100989be",word
100989c0,100989c2,data,"DAT_100989c0",word
100989c2,100989c4,data,"DAT_100989c2",word
100989c4,100989c6,data,"DAT_100989c4",word
100989c6,100989c8,data,"DAT_100989c6",word
100989c8,100989ca,data,"DAT_100989c8",word
100989ca,100989cc,data,"DAT_100989ca",word
100989cc,100989ce,data,"DAT_100989cc",word
100989ce,100989d0,data,"DAT_100989ce",word
100989d0,100989d2,data,"DAT_100989d0",word
100989d2,100989d4,data,"DAT_100989d2",word
100989d4,100989d6,data,"DAT_100989d4",word
100989d6,100989d8,data,"DAT_100989d6",word
100989d8,100989da,data,"DAT_100989d8",word
100989da,100989dc,data,"DAT_100989da",word
100989dc,100989e0,data,"DAT_100989dc",dword
100989e0,100989e4,data,"DAT_100989e0",dword
100989e4,100989e6,data,"DAT_100989e4",word
100989e6,100989e8,data,"DAT_100989e6",word
100989e8,100989ea,data,"DAT_100989e8",word
100989ea,100989ec,data,"DAT_100989ea",word
100989ec,100989ee,data,"DAT_100989ec",word
100989ee,100989f0,data,"DAT_100989ee",word
100989f0,100989f2,data,"DAT_100989f0",word
100989f2,100989f4,data,"DAT_100989f2",word
100989f4,100989f6,data,"DAT_100989f4",word
100989f6,100989f8,data,"DAT_100989f6",word
100989f8,100989fa,data,"DAT_100989f8",word
100989fa,100989fc,data,"DAT_100989fa",word
100989fc,100989fe,data,"DAT_100989fc",word
100989fe,10098a00,data,"DAT_100989fe",word
10098a00,10098a02,data,"DAT_10098a00",word
10098a02,10098a04,data,"DAT_10098a02",word
10098a04,10098a06,data,"DAT_10098a04",word
10098a06,10098a08,data,"DAT_10098a06",word
10098a08,10098a0a,data,"DAT_10098a08",word
10098a0a,10098a0c,data,"DAT_10098a0a",word
10098a0c,10098a0e,data,"DAT_10098a0c",word
10098a0e,10098a10,data,"DAT_10098a0e",word
10098a10,10098a12,data,"DAT_10098a10",word
10098a12,10098a14,data,"DAT_10098a12",word
10098a14,10098a16,data,"DAT_10098a14",word
10098a16,10098a18,data,"DAT_10098a16",word
10098a18,10098a1a,data,"DAT_10098a18",word
10098a1a,10098a1c,data,"DAT_10098a1a",word
10098a1c,10098a1e,data,"DAT_10098a1c",word
10098a1e,10098a20,data,"DAT_10098a1e",word
10098a20,10098a22,data,"DAT_10098a20",word
10098a22,10098a24,data,"DAT_10098a22",word
10098a24,10098a26,data,"DAT_10098a24",word
10098a26,10098a28,data,"DAT_10098a26",word
10098a28,10098a2a,data,"DAT_10098a28",word
10098a2a,10098a2c,data,"DAT_10098a2a",word
10098a2c,10098a2e,data,"DAT_10098a2c",word
10098a2e,10098a30,data,"DAT_10098a2e",word
10098a30,10098a32,data,"DAT_10098a30",word
10098a32,10098a34,data,"DAT_10098a32",word
10098a34,10098a36,data,"DAT_10098a34",word
10098a36,10098a38,data,"DAT_10098a36",word
10098a38,10098a3a,data,"DAT_10098a38",word
10098a3a,10098a3c,data,"DAT_10098a3a",word
10098a3c,10098a3e,data,"DAT_10098a3c",word
10098a3e,10098a40,data,"DAT_10098a3e",word
10098a40,10098a42,data,"DAT_10098a40",word
10098a42,10098a44,data,"DAT_10098a42",word
10098a44,10098a46,data,"DAT_10098a44",word
10098a46,10098a48,data,"DAT_10098a46",word
10098a48,10098a4a,data,"DAT_10098a48",word
10098a4a,10098a4c,data,"DAT_10098a4a",word
10098a4c,10098a4e,data,"DAT_10098a4c",word
10098a4e,10098a50,data,"DAT_10098a4e",word
10098a50,10098a52,data,"DAT_10098a50",word
10098a52,10098a54,data,"DAT_10098a52",word
10098a54,10098a56,data,"DAT_10098a54",word
10098a56,10098a58,data,"DAT_10098a56",word
10098a58,10098a5a,data,"DAT_10098a58",word
10098a5a,10098a5c,data,"DAT_10098a5a",word
10098a5c,10098a5e,data,"DAT_10098a5c",word
10098a5e,10098a60,data,"DAT_10098a5e",word
10098a60,10098a62,data,"DAT_10098a60",word
10098a62,10098a64,data,"DAT_10098a62",word
10098a64,10098a66,data,"DAT_10098a64",word
10098a66,10098a68,data,"DAT_10098a66",word
10098a68,10098a6a,data,"DAT_10098a68",word
10098a6a,10098a6c,data,"DAT_10098a6a",word
10098a6c,10098a6e,data,"DAT_10098a6c",word
10098a6e,10098a70,data,"DAT_10098a6e",word
10098a70,10098a72,data,"DAT_10098a70",word
10098a72,10098a74,data,"DAT_10098a72",word
10098a74,10098a76,data,"DAT_10098a74",word
10098a76,10098a78,data,"DAT_10098a76",word
10098a78,10098a7a,data,"DAT_10098a78",word
10098a7a,10098a7c,data,"DAT_10098a7a",word
10098a7c,10098a7e,data,"DAT_10098a7c",word
10098a7e,10098a80,data,"DAT_10098a7e",word
10098a80,10098a82,data,"DAT_10098a80",word
10098a82,10098a84,data,"DAT_10098a82",word
10098a84,10098a86,data,"DAT_10098a84",word
10098a86,10098a88,data,"DAT_10098a86",word
10098a88,10098a8a,data,"DAT_10098a88",word
10098a8a,10098a8c,data,"DAT_10098a8a",word
10098a8c,10098a8e,data,"DAT_10098a8c",word
10098a8e,10098a90,data,"DAT_10098a8e",word
10098a90,10098a92,data,"DAT_10098a90",word
10098a92,10098a94,data,"DAT_10098a92",word
10098a94,10098a96,data,"DAT_10098a94",word
10098a96,10098a98,data,"DAT_10098a96",word
10098a98,10098a9a,data,"DAT_10098a98",word
10098a9a,10098a9c,data,"DAT_10098a9a",word
10098a9c,10098a9e,data,"DAT_10098a9c",word
10098a9e,10098aa0,data,"DAT_10098a9e",word
10098aa0,10098aa4,data,"DAT_10098aa0",dword
10098aa4,10098aa8,data,"DAT_10098aa4",dword
10098aa8,10098aaa,data,"DAT_10098aa8",word
10098aaa,10098aac,data,"DAT_10098aaa",word
10098aac,10098aae,data,"DAT_10098aac",word
10098aae,10098ab0,data,"DAT_10098aae",word
10098ab0,10098ab2,data,"DAT_10098ab0",word
10098ab2,10098ab4,data,"DAT_10098ab2",word
10098ab4,10098ab6,data,"DAT_10098ab4",word
10098ab6,10098ab8,data,"DAT_10098ab6",word
10098ab8,10098aba,data,"DAT_10098ab8",word
10098aba,10098abc,data,"DAT_10098aba",word
10098abc,10098abe,data,"DAT_10098abc",word
10098abe,10098ac0,data,"DAT_10098abe",word
10098ac0,10098ac2,data,"DAT_10098ac0",word
10098ac2,10098ac4,data,"DAT_10098ac2",word
10098ac4,10098ac6,data,"DAT_10098ac4",word
10098ac6,10098ac8,data,"DAT_10098ac6",word
10098ac8,10098aca,data,"DAT_10098ac8",word
10098aca,10098acc,data,"DAT_10098aca",word
10098acc,10098ace,data,"DAT_10098acc",word
10098ace,10098ad0,data,"DAT_10098ace",word
10098ad0,10098ad2,data,"DAT_10098ad0",word
10098ad2,10098ad4,data,"DAT_10098ad2",word
10098ad4,10098ad6,data,"DAT_10098ad4",word
10098ad6,10098ad8,data,"DAT_10098ad6",word
10098ad8,10098ada,data,"DAT_10098ad8",word
10098ada,10098adc,data,"DAT_10098ada",word
10098adc,10098ade,data,"DAT_10098adc",word
10098ade,10098ae0,data,"DAT_10098ade",word
10098ae0,10098ae4,data,"DAT_10098ae0",dword
10098ae4,10098ae8,data,"DAT_10098ae4",dword
10098ae8,10098aea,data,"DAT_10098ae8",word
10098aea,10098aec,data,"DAT_10098aea",word
10098aec,10098aee,data,"DAT_10098aec",word
10098aee,10098af0,data,"DAT_10098aee",word
10098af0,10098af2,data,"DAT_10098af0",word
10098af2,10098af4,data,"DAT_10098af2",word
10098af4,10098af6,data,"DAT_10098af4",word
10098af6,10098af8,data,"DAT_10098af6",word
10098af8,10098afa,data,"DAT_10098af8",word
10098afa,10098afc,data,"DAT_10098afa",word
10098afc,10098afe,data,"DAT_10098afc",word
10098afe,10098b00,data,"DAT_10098afe",word
10098b00,10098b02,data,"DAT_10098b00",word
10098b02,10098b04,data,"DAT_10098b02",word
10098b04,10098b06,data,"DAT_10098b04",word
10098b06,10098b08,data,"DAT_10098b06",word
10098b08,10098b0a,data,"DAT_10098b08",word
10098b0a,10098b0c,data,"DAT_10098b0a",word
10098b0c,10098b0e,data,"DAT_10098b0c",word
10098b0e,10098b10,data,"DAT_10098b0e",word
10098b10,10098b12,data,"DAT_10098b10",word
10098b12,10098b14,data,"DAT_10098b12",word
10098b14,10098b16,data,"DAT_10098b14",word
10098b16,10098b18,data,"DAT_10098b16",word
10098b18,10098b1a,data,"DAT_10098b18",word
10098b1a,10098b1c,data,"DAT_10098b1a",word
10098b1c,10098b1e,data,"DAT_10098b1c",word
10098b1e,10098b20,data,"DAT_10098b1e",word
10098b20,10098b22,data,"DAT_10098b20",word
10098b22,10098b24,data,"DAT_10098b22",word
10098b24,10098b26,data,"DAT_10098b24",word
10098b26,10098b28,data,"DAT_10098b26",word
10098b28,10098b2a,data,"DAT_10098b28",word
10098b2a,10098b2c,data,"DAT_10098b2a",word
10098b2c,10098b2e,data,"DAT_10098b2c",word
10098b2e,10098b30,data,"DAT_10098b2e",word
10098b30,10098b32,data,"DAT_10098b30",word
10098b32,10098b34,data,"DAT_10098b32",word
10098b34,10098b36,data,"DAT_10098b34",word
10098b36,10098b38,data,"DAT_10098b36",word
10098b38,10098b3a,data,"DAT_10098b38",word
10098b3a,10098b3c,data,"DAT_10098b3a",word
10098b3c,10098b3e,data,"DAT_10098b3c",word
10098b3e,10098b40,data,"DAT_10098b3e",word
10098b40,10098b42,data,"DAT_10098b40",word
10098b42,10098b44,data,"DAT_10098b42",word
10098b44,10098b48,data,"DAT_10098b44",dword
10098b48,10098b4c,data,"DAT_10098b48",dword
10098b4c,10098b4e,data,"DAT_10098b4c",word
10098b4e,10098b50,data,"DAT_10098b4e",word
10098b50,10098b52,data,"DAT_10098b50",word
10098b52,10098b54,data,"DAT_10098b52",word
10098b54,10098b56,data,"DAT_10098b54",word
10098b56,10098b58,data,"DAT_10098b56",word
10098b58,10098b5a,data,"DAT_10098b58",word
10098b5a,10098b5c,data,"DAT_10098b5a",word
10098b5c,10098b5e,data,"DAT_10098b5c",word
10098b5e,10098b60,data,"DAT_10098b5e",word
10098b60,10098b62,data,"DAT_10098b60",word
10098b62,10098b64,data,"DAT_10098b62",word
10098b64,10098b66,data,"DAT_10098b64",word
10098b66,10098b68,data,"DAT_10098b66",word
10098b68,10098b6a,data,"DAT_10098b68",word
10098b6a,10098b6c,data,"DAT_10098b6a",word
10098b6c,10098b6e,data,"DAT_10098b6c",word
10098b6e,10098b70,data,"DAT_10098b6e",word
10098b70,10098b72,data,"DAT_10098b70",word
10098b72,10098b74,data,"DAT_10098b72",word
10098b74,10098b76,data,"DAT_10098b74",word
10098b76,10098b78,data,"DAT_10098b76",word
10098b78,10098b7a,data,"DAT_10098b78",word
10098b7a,10098b7c,data,"DAT_10098b7a",word
10098b7c,10098b7e,data,"DAT_10098b7c",word
10098b7e,10098b80,data,"DAT_10098b7e",word
10098b80,10098b82,data,"DAT_10098b80",word
10098b82,10098b84,data,"DAT_10098b82",word
10098b84,10098b86,data,"DAT_10098b84",word
10098b86,10098b88,data,"DAT_10098b86",word
10098b88,10098b8a,data,"DAT_10098b88",word
10098b8a,10098b8c,data,"DAT_10098b8a",word
10098b8c,10098b8e,data,"DAT_10098b8c",word
10098b8e,10098b90,data,"DAT_10098b8e",word
10098b90,10098b92,data,"DAT_10098b90",word
10098b92,10098b94,data,"DAT_10098b92",word
10098b94,10098b96,data,"DAT_10098b94",word
10098b96,10098b98,data,"DAT_10098b96",word
10098b98,10098b9a,data,"DAT_10098b98",word
10098b9a,10098b9c,data,"DAT_10098b9a",word
10098b9c,10098b9e,data,"DAT_10098b9c",word
10098b9e,10098ba0,data,"DAT_10098b9e",word
10098ba0,10098ba2,data,"DAT_10098ba0",word
10098ba2,10098ba4,data,"DAT_10098ba2",word
10098ba4,10098ba6,data,"DAT_10098ba4",word
10098ba6,10098ba8,data,"DAT_10098ba6",word
10098ba8,10098baa,data,"DAT_10098ba8",word
10098baa,10098bac,data,"DAT_10098baa",word
10098bac,10098bae,data,"DAT_10098bac",word
10098bae,10098bb0,data,"DAT_10098bae",word
10098bb0,10098bb2,data,"DAT_10098bb0",word
10098bb2,10098bb4,data,"DAT_10098bb2",word
10098bb4,10098bb6,data,"DAT_10098bb4",word
10098bb6,10098bb8,data,"DAT_10098bb6",word
10098bb8,10098bba,data,"DAT_10098bb8",word
10098bba,10098bbc,data,"DAT_10098bba",word
10098bbc,10098bbe,data,"DAT_10098bbc",word
10098bbe,10098bc0,data,"DAT_10098bbe",word
10098bc0,10098bc2,data,"DAT_10098bc0",word
10098bc2,10098bc4,data,"DAT_10098bc2",word
10098bc4,10098bc6,data,"DAT_10098bc4",word
10098bc6,10098bc8,data,"DAT_10098bc6",word
10098bc8,10098bca,data,"DAT_10098bc8",word
10098bca,10098bcc,data,"DAT_10098bca",word
10098bcc,10098bce,data,"DAT_10098bcc",word
10098bce,10098bd0,data,"DAT_10098bce",word
10098bd0,10098bd2,data,"DAT_10098bd0",word
10098bd2,10098bd4,data,"DAT_10098bd2",word
10098bd4,10098bd6,data,"DAT_10098bd4",word
10098bd6,10098bd8,data,"DAT_10098bd6",word
10098bd8,10098bda,data,"DAT_10098bd8",word
10098bda,10098bdc,data,"DAT_10098bda",word
10098bdc,10098bde,data,"DAT_10098bdc",word
10098bde,10098be0,data,"DAT_10098bde",word
10098be0,10098be2,data,"DAT_10098be0",word
10098be2,10098be4,data,"DAT_10098be2",word
10098be4,10098be6,data,"DAT_10098be4",word
10098be6,10098be8,data,"DAT_10098be6",word
10098be8,10098bea,data,"DAT_10098be8",word
10098bea,10098bec,data,"DAT_10098bea",word
10098bec,10098bee,data,"DAT_10098bec",word
10098bee,10098bf0,data,"DAT_10098bee",word
10098bf0,10098bf2,data,"DAT_10098bf0",word
10098bf2,10098bf4,data,"DAT_10098bf2",word
10098bf4,10098bf6,data,"DAT_10098bf4",word
10098bf6,10098bf8,data,"DAT_10098bf6",word
10098bf8,10098bfa,data,"DAT_10098bf8",word
10098bfa,10098bfc,data,"DAT_10098bfa",word
10098bfc,10098bfe,data,"DAT_10098bfc",word
10098bfe,10098c00,data,"DAT_10098bfe",word
10098c00,10098c02,data,"DAT_10098c00",word
10098c02,10098c04,data,"DAT_10098c02",word
10098c04,10098c06,data,"DAT_10098c04",word
10098c06,10098c08,data,"DAT_10098c06",word
10098c08,10098c0a,data,"DAT_10098c08",word
10098c0a,10098c0c,data,"DAT_10098c0a",word
10098c0c,10098c0e,data,"DAT_10098c0c",word
10098c0e,10098c10,data,"DAT_10098c0e",word
10098c10,10098c12,data,"DAT_10098c10",word
10098c12,10098c14,data,"DAT_10098c12",word
10098c14,10098c16,data,"DAT_10098c14",word
10098c16,10098c18,data,"DAT_10098c16",word
10098c18,10098c1a,data,"DAT_10098c18",word
10098c1a,10098c1c,data,"DAT_10098c1a",word
10098c1c,10098c1e,data,"DAT_10098c1c",word
10098c1e,10098c20,data,"DAT_10098c1e",word
10098c20,10098c22,data,"DAT_10098c20",word
10098c22,10098c24,data,"DAT_10098c22",word
10098c24,10098c26,data,"DAT_10098c24",word
10098c26,10098c28,data,"DAT_10098c26",word
10098c28,10098c2a,data,"DAT_10098c28",word
10098c2a,10098c2c,data,"DAT_10098c2a",word
10098c2c,10098c2e,data,"DAT_10098c2c",word
10098c2e,10098c30,data,"DAT_10098c2e",word
10098c30,10098c32,data,"DAT_10098c30",word
10098c32,10098c34,data,"DAT_10098c32",word
10098c34,10098c36,data,"DAT_10098c34",word
10098c36,10098c38,data,"DAT_10098c36",word
10098c38,10098c3a,data,"DAT_10098c38",word
10098c3a,10098c3c,data,"DAT_10098c3a",word
10098c3c,10098c3e,data,"DAT_10098c3c",word
10098c3e,10098c40,data,"DAT_10098c3e",word
10098c40,10098c42,data,"DAT_10098c40",word
10098c42,10098c44,data,"DAT_10098c42",word
10098c44,10098c46,data,"DAT_10098c44",word
10098c46,10098c48,data,"DAT_10098c46",word
10098c48,10098c4a,data,"DAT_10098c48",word
10098c4a,10098c4c,data,"DAT_10098c4a",word
10098c4c,10098c4e,data,"DAT_10098c4c",word
10098c4e,10098c50,data,"DAT_10098c4e",word
10098c50,10098c52,data,"DAT_10098c50",word
10098c52,10098c54,data,"DAT_10098c52",word
10098c54,10098c56,data,"DAT_10098c54",word
10098c56,10098c58,data,"DAT_10098c56",word
10098c58,10098c5a,data,"DAT_10098c58",word
10098c5a,10098c5c,data,"DAT_10098c5a",word
10098c5c,10098c5e,data,"DAT_10098c5c",word
10098c5e,10098c60,data,"DAT_10098c5e",word
10098c60,10098c62,data,"DAT_10098c60",word
10098c62,10098c64,data,"DAT_10098c62",word
10098c64,10098c66,data,"DAT_10098c64",word
10098c66,10098c68,data,"DAT_10098c66",word
10098c68,10098c6a,data,"DAT_10098c68",word
10098c6a,10098c6c,data,"DAT_10098c6a",word
10098c6c,10098c6e,data,"DAT_10098c6c",word
10098c6e,10098c70,data,"DAT_10098c6e",word
10098c70,10098c72,data,"DAT_10098c70",word
10098c72,10098c74,data,"DAT_10098c72",word
10098c74,10098c76,data,"DAT_10098c74",word
10098c76,10098c78,data,"DAT_10098c76",word
10098c78,10098c7a,data,"DAT_10098c78",word
10098c7a,10098c7c,data,"DAT_10098c7a",word
10098c7c,10098c7e,data,"DAT_10098c7c",word
10098c7e,10098c80,data,"DAT_10098c7e",word
10098c80,10098c82,data,"DAT_10098c80",word
10098c82,10098c84,data,"DAT_10098c82",word
10098c84,10098c86,data,"DAT_10098c84",word
10098c86,10098c88,data,"DAT_10098c86",word
10098c88,10098c8a,data,"DAT_10098c88",word
10098c8a,10098c8c,data,"DAT_10098c8a",word
10098c8c,10098c8e,data,"DAT_10098c8c",word
10098c8e,10098c90,data,"DAT_10098c8e",word
10098c90,10098c92,data,"DAT_10098c90",word
10098c92,10098c94,data,"DAT_10098c92",word
10098c94,10098c96,data,"DAT_10098c94",word
10098c96,10098c98,data,"DAT_10098c96",word
10098c98,10098c9a,data,"DAT_10098c98",word
10098c9a,10098c9c,data,"DAT_10098c9a",word
10098c9c,10098c9e,data,"DAT_10098c9c",word
10098c9e,10098ca0,data,"DAT_10098c9e",word
10098ca0,10098ca2,data,"DAT_10098ca0",word
10098ca2,10098ca4,data,"DAT_10098ca2",word
10098ca4,10098ca6,data,"DAT_10098ca4",word
10098ca6,10098ca8,data,"DAT_10098ca6",word
10098ca8,10098caa,data,"DAT_10098ca8",word
10098caa,10098cac,data,"DAT_10098caa",word
10098cac,10098cae,data,"DAT_10098cac",word
10098cae,10098cb0,data,"DAT_10098cae",word
10098cb0,10098cb2,data,"DAT_10098cb0",word
10098cb2,10098cb4,data,"DAT_10098cb2",word
10098cb4,10098cb6,data,"DAT_10098cb4",word
10098cb6,10098cb8,data,"DAT_10098cb6",word
10098cb8,10098cba,data,"DAT_10098cb8",word
10098cba,10098cbc,data,"DAT_10098cba",word
10098cbc,10098cbe,data,"DAT_10098cbc",word
10098cbe,10098cc0,data,"DAT_10098cbe",word
10098cc0,10098cc2,data,"DAT_10098cc0",word
10098cc2,10098cc4,data,"DAT_10098cc2",word
10098cc4,10098cc6,data,"DAT_10098cc4",word
10098cc6,10098cc8,data,"DAT_10098cc6",word
10098cc8,10098cca,data,"DAT_10098cc8",word
10098cca,10098ccc,data,"DAT_10098cca",word
10098ccc,10098cce,data,"DAT_10098ccc",word
10098cce,10098cd0,data,"DAT_10098cce",word
10098cd0,10098cd2,data,"DAT_10098cd0",word
10098cd2,10098cd4,data,"DAT_10098cd2",word
10098cd4,10098cd6,data,"DAT_10098cd4",word
10098cd6,10098cd8,data,"DAT_10098cd6",word
10098cd8,10098cda,data,"DAT_10098cd8",word
10098cda,10098cdc,data,"DAT_10098cda",word
10098cdc,10098cde,data,"DAT_10098cdc",word
10098cde,10098ce0,data,"DAT_10098cde",word
10098ce0,10098ce4,data,"DAT_10098ce0",dword
10098ce4,10098ce8,data,"DAT_10098ce4",dword
10098ce8,10098cea,data,"DAT_10098ce8",word
10098cea,10098cec,data,"DAT_10098cea",word
10098cec,10098cee,data,"DAT_10098cec",word
10098cee,10098cf0,data,"DAT_10098cee",word
10098cf0,10098cf2,data,"DAT_10098cf0",word
10098cf2,10098cf4,data,"DAT_10098cf2",word
10098cf4,10098cf6,data,"DAT_10098cf4",word
10098cf6,10098cf8,data,"DAT_10098cf6",word
10098cf8,10098cfa,data,"DAT_10098cf8",word
10098cfa,10098cfc,data,"DAT_10098cfa",word
10098cfc,10098cfe,data,"DAT_10098cfc",word
10098cfe,10098d00,data,"DAT_10098cfe",word
10098d00,10098d02,data,"DAT_10098d00",word
10098d02,10098d04,data,"DAT_10098d02",word
10098d04,10098d06,data,"DAT_10098d04",word
10098d06,10098d08,data,"DAT_10098d06",word
10098d08,10098d0a,data,"DAT_10098d08",word
10098d0a,10098d0c,data,"DAT_10098d0a",word
10098d0c,10098d0e,data,"DAT_10098d0c",word
10098d0e,10098d10,data,"DAT_10098d0e",word
10098d10,10098d12,data,"DAT_10098d10",word
10098d12,10098d14,data,"DAT_10098d12",word
10098d14,10098d16,data,"DAT_10098d14",word
10098d16,10098d18,data,"DAT_10098d16",word
10098d18,10098d1a,data,"DAT_10098d18",word
10098d1a,10098d1c,data,"DAT_10098d1a",word
10098d1c,10098d1e,data,"DAT_10098d1c",word
10098d1e,10098d20,data,"DAT_10098d1e",word
10098d20,10098d22,data,"DAT_10098d20",word
10098d22,10098d24,data,"DAT_10098d22",word
10098d24,10098d26,data,"DAT_10098d24",word
10098d26,10098d28,data,"DAT_10098d26",word
10098d28,10098d2a,data,"DAT_10098d28",word
10098d2a,10098d2c,data,"DAT_10098d2a",word
10098d2c,10098d2e,data,"DAT_10098d2c",word
10098d2e,10098d30,data,"DAT_10098d2e",word
10098d30,10098d32,data,"DAT_10098d30",word
10098d32,10098d34,data,"DAT_10098d32",word
10098d34,10098d36,data,"DAT_10098d34",word
10098d36,10098d38,data,"DAT_10098d36",word
10098d38,10098d3a,data,"DAT_10098d38",word
10098d3a,10098d3c,data,"DAT_10098d3a",word
10098d3c,10098d3e,data,"DAT_10098d3c",word
10098d3e,10098d40,data,"DAT_10098d3e",word
10098d40,10098d42,data,"DAT_10098d40",word
10098d42,10098d44,data,"DAT_10098d42",word
10098d44,10098d46,data,"DAT_10098d44",word
10098d46,10098d48,data,"DAT_10098d46",word
10098d48,10098d4a,data,"DAT_10098d48",word
10098d4a,10098d4c,data,"DAT_10098d4a",word
10098d4c,10098d4e,data,"DAT_10098d4c",word
10098d4e,10098d50,data,"DAT_10098d4e",word
10098d50,10098d52,data,"DAT_10098d50",word
10098d52,10098d54,data,"DAT_10098d52",word
10098d54,10098d56,data,"DAT_10098d54",word
10098d56,10098d58,data,"DAT_10098d56",word
10098d58,10098d5a,data,"DAT_10098d58",word
10098d5a,10098d5c,data,"DAT_10098d5a",word
10098d5c,10098d5e,data,"DAT_10098d5c",word
10098d5e,10098d60,data,"DAT_10098d5e",word
10098d60,10098d62,data,"DAT_10098d60",word
10098d62,10098d64,data,"DAT_10098d62",word
10098d64,10098d66,data,"DAT_10098d64",word
10098d66,10098d68,data,"DAT_10098d66",word
10098d68,10098d6a,data,"DAT_10098d68",word
10098d6a,10098d6c,data,"DAT_10098d6a",word
10098d6c,10098d6e,data,"DAT_10098d6c",word
10098d6e,10098d70,data,"DAT_10098d6e",word
10098d70,10098d72,data,"DAT_10098d70",word
10098d72,10098d74,data,"DAT_10098d72",word
10098d74,10098d76,data,"DAT_10098d74",word
10098d76,10098d78,data,"DAT_10098d76",word
10098d78,10098d7a,data,"DAT_10098d78",word
10098d7a,10098d7c,data,"DAT_10098d7a",word
10098d7c,10098d7e,data,"DAT_10098d7c",word
10098d7e,10098d80,data,"DAT_10098d7e",word
10098d80,10098d82,data,"DAT_10098d80",word
10098d82,10098d84,data,"DAT_10098d82",word
10098d84,10098d86,data,"DAT_10098d84",word
10098d86,10098d88,data,"DAT_10098d86",word
10098d88,10098d8a,data,"DAT_10098d88",word
10098d8a,10098d8c,data,"DAT_10098d8a",word
10098d8c,10098d8e,data,"DAT_10098d8c",word
10098d8e,10098d90,data,"DAT_10098d8e",word
10098d90,10098d92,data,"DAT_10098d90",word
10098d92,10098d94,data,"DAT_10098d92",word
10098d94,10098d96,data,"DAT_10098d94",word
10098d96,10098d98,data,"DAT_10098d96",word
10098d98,10098d9a,data,"DAT_10098d98",word
10098d9a,10098d9c,data,"DAT_10098d9a",word
10098d9c,10098d9e,data,"DAT_10098d9c",word
10098d9e,10098da0,data,"DAT_10098d9e",word
10098da0,10098da2,data,"DAT_10098da0",word
10098da2,10098da4,data,"DAT_10098da2",word
10098da4,10098da6,data,"DAT_10098da4",word
10098da6,10098da8,data,"DAT_10098da6",word
10098da8,10098daa,data,"DAT_10098da8",word
10098daa,10098dac,data,"DAT_10098daa",word
10098dac,10098dae,data,"DAT_10098dac",word
10098dae,10098db0,data,"DAT_10098dae",word
10098db0,10098db2,data,"DAT_10098db0",word
10098db2,10098db4,data,"DAT_10098db2",word
10098db4,10098db6,data,"DAT_10098db4",word
10098db6,10098db8,data,"DAT_10098db6",word
10098db8,10098dba,data,"DAT_10098db8",word
10098dba,10098dbc,data,"DAT_10098dba",word
10098dbc,10098dbe,data,"DAT_10098dbc",word
10098dbe,10098dc0,data,"DAT_10098dbe",word
10098dc0,10098dc2,data,"DAT_10098dc0",word
10098dc2,10098dc4,data,"DAT_10098dc2",word
10098dc4,10098dc6,data,"DAT_10098dc4",word
10098dc6,10098dc8,data,"DAT_10098dc6",word
10098dc8,10098dca,data,"DAT_10098dc8",word
10098dca,10098dcc,data,"DAT_10098dca",word
10098dcc,10098dce,data,"DAT_10098dcc",word
10098dce,10098dd0,data,"DAT_10098dce",word
10098dd0,10098dd2,data,"DAT_10098dd0",word
10098dd2,10098dd4,data,"DAT_10098dd2",word
10098dd4,10098dd6,data,"DAT_10098dd4",word
10098dd6,10098dd8,data,"DAT_10098dd6",word
10098dd8,10098dda,data,"DAT_10098dd8",word
10098dda,10098ddc,data,"DAT_10098dda",word
10098ddc,10098dde,data,"DAT_10098ddc",word
10098dde,10098de0,data,"DAT_10098dde",word
10098de0,10098de2,data,"DAT_10098de0",word
10098de2,10098de4,data,"DAT_10098de2",word
10098de4,10098de6,data,"DAT_10098de4",word
10098de6,10098de8,data,"DAT_10098de6",word
10098de8,10098dea,data,"DAT_10098de8",word
10098dea,10098dec,data,"DAT_10098dea",word
10098dec,10098dee,data,"DAT_10098dec",word
10098dee,10098df0,data,"DAT_10098dee",word
10098df0,10098df2,data,"DAT_10098df0",word
10098df2,10098df4,data,"DAT_10098df2",word
10098df4,10098df6,data,"DAT_10098df4",word
10098df6,10098df8,data,"DAT_10098df6",word
10098df8,10098dfa,data,"DAT_10098df8",word
10098dfa,10098dfc,data,"DAT_10098dfa",word
10098dfc,10098dfe,data,"DAT_10098dfc",word
10098dfe,10098e00,data,"DAT_10098dfe",word
10098e00,10098e02,data,"DAT_10098e00",word
10098e02,10098e04,data,"DAT_10098e02",word
10098e04,10098e06,data,"DAT_10098e04",word
10098e06,10098e08,data,"DAT_10098e06",word
10098e08,10098e0a,data,"DAT_10098e08",word
10098e0a,10098e0c,data,"DAT_10098e0a",word
10098e0c,10098e0e,data,"DAT_10098e0c",word
10098e0e,10098e10,data,"DAT_10098e0e",word
10098e10,10098e12,data,"DAT_10098e10",word
10098e12,10098e14,data,"DAT_10098e12",word
10098e14,10098e16,data,"DAT_10098e14",word
10098e16,10098e18,data,"DAT_10098e16",word
10098e18,10098e1a,data,"DAT_10098e18",word
10098e1a,10098e1c,data,"DAT_10098e1a",word
10098e1c,10098e1e,data,"DAT_10098e1c",word
10098e1e,10098e20,data,"DAT_10098e1e",word
10098e20,10098e22,data,"DAT_10098e20",word
10098e22,10098e24,data,"DAT_10098e22",word
10098e24,10098e26,data,"DAT_10098e24",word
10098e26,10098e28,data,"DAT_10098e26",word
10098e28,10098e2a,data,"DAT_10098e28",word
10098e2a,10098e2c,data,"DAT_10098e2a",word
10098e2c,10098e2e,data,"DAT_10098e2c",word
10098e2e,10098e30,data,"DAT_10098e2e",word
10098e30,10098e32,data,"DAT_10098e30",word
10098e32,10098e34,data,"DAT_10098e32",word
10098e34,10098e36,data,"DAT_10098e34",word
10098e36,10098e38,data,"DAT_10098e36",word
10098e38,10098e3a,data,"DAT_10098e38",word
10098e3a,10098e3c,data,"DAT_10098e3a",word
10098e3c,10098e3e,data,"DAT_10098e3c",word
10098e3e,10098e40,data,"DAT_10098e3e",word
10098e40,10098e42,data,"DAT_10098e40",word
10098e42,10098e44,data,"DAT_10098e42",word
10098e44,10098e46,data,"DAT_10098e44",word
10098e46,10098e48,data,"DAT_10098e46",word
10098e48,10098e4a,data,"DAT_10098e48",word
10098e4a,10098e4c,data,"DAT_10098e4a",word
10098e4c,10098e4e,data,"DAT_10098e4c",word
10098e4e,10098e50,data,"DAT_10098e4e",word
10098e50,10098e52,data,"DAT_10098e50",word
10098e52,10098e54,data,"DAT_10098e52",word
10098e54,10098e56,data,"DAT_10098e54",word
10098e56,10098e58,data,"DAT_10098e56",word
10098e58,10098e5a,data,"DAT_10098e58",word
10098e5a,10098e5c,data,"DAT_10098e5a",word
10098e5c,10098e5e,data,"DAT_10098e5c",word
10098e5e,10098e60,data,"DAT_10098e5e",word
10098e60,10098e62,data,"DAT_10098e60",word
10098e62,10098e64,data,"DAT_10098e62",word
10098e64,10098e66,data,"DAT_10098e64",word
10098e66,10098e68,data,"DAT_10098e66",word
10098e68,10098e6a,data,"DAT_10098e68",word
10098e6a,10098e6c,data,"DAT_10098e6a",word
10098e6c,10098e6e,data,"DAT_10098e6c",word
10098e6e,10098e70,data,"DAT_10098e6e",word
10098e70,10098e72,data,"DAT_10098e70",word
10098e72,10098e74,data,"DAT_10098e72",word
10098e74,10098e76,data,"DAT_10098e74",word
10098e76,10098e78,data,"DAT_10098e76",word
10098e78,10098e7a,data,"DAT_10098e78",word
10098e7a,10098e7c,data,"DAT_10098e7a",word
10098e7c,10098e7e,data,"DAT_10098e7c",word
10098e7e,10098e80,data,"DAT_10098e7e",word
10098e80,10098e82,data,"DAT_10098e80",word
10098e82,10098e84,data,"DAT_10098e82",word
10098e84,10098e86,data,"DAT_10098e84",word
10098e86,10098e88,data,"DAT_10098e86",word
10098e88,10098e8a,data,"DAT_10098e88",word
10098e8a,10098e8c,data,"DAT_10098e8a",word
10098e8c,10098e8e,data,"DAT_10098e8c",word
10098e8e,10098e90,data,"DAT_10098e8e",word
10098e90,10098e92,data,"DAT_10098e90",word
10098e92,10098e94,data,"DAT_10098e92",word
10098e94,10098e96,data,"DAT_10098e94",word
10098e96,10098e98,data,"DAT_10098e96",word
10098e98,10098e9a,data,"DAT_10098e98",word
10098e9a,10098e9c,data,"DAT_10098e9a",word
10098e9c,10098e9e,data,"DAT_10098e9c",word
10098e9e,10098ea0,data,"DAT_10098e9e",word
10098ea0,10098ea2,data,"DAT_10098ea0",word
10098ea2,10098ea4,data,"DAT_10098ea2",word
10098ea4,10098ea6,data,"DAT_10098ea4",word
10098ea6,10098ea8,data,"DAT_10098ea6",word
10098ea8,10098eaa,data,"DAT_10098ea8",word
10098eaa,10098eac,data,"DAT_10098eaa",word
10098eac,10098eae,data,"DAT_10098eac",word
10098eae,10098eb0,data,"DAT_10098eae",word
10098eb0,10098eb2,data,"DAT_10098eb0",word
10098eb2,10098eb4,data,"DAT_10098eb2",word
10098eb4,10098eb6,data,"DAT_10098eb4",word
10098eb6,10098eb8,data,"DAT_10098eb6",word
10098eb8,10098eba,data,"DAT_10098eb8",word
10098eba,10098ebc,data,"DAT_10098eba",word
10098ebc,10098ebe,data,"DAT_10098ebc",word
10098ebe,10098ec0,data,"DAT_10098ebe",word
10098ec0,10098ec2,data,"DAT_10098ec0",word
10098ec2,10098ec4,data,"DAT_10098ec2",word
10098ec4,10098ec6,data,"DAT_10098ec4",word
10098ec6,10098ec8,data,"DAT_10098ec6",word
10098ec8,10098eca,data,"DAT_10098ec8",word
10098eca,10098ecc,data,"DAT_10098eca",word
10098ecc,10098ece,data,"DAT_10098ecc",word
10098ece,10098ed0,data,"DAT_10098ece",word
10098ed0,10098ed2,data,"DAT_10098ed0",word
10098ed2,10098ed4,data,"DAT_10098ed2",word
10098ed4,10098ed6,data,"DAT_10098ed4",word
10098ed6,10098ed8,data,"DAT_10098ed6",word
10098ed8,10098eda,data,"DAT_10098ed8",word
10098eda,10098edc,data,"DAT_10098eda",word
10098edc,10098ede,data,"DAT_10098edc",word
10098ede,10098ee0,data,"DAT_10098ede",word
10098ee0,10098ee2,data,"DAT_10098ee0",word
10098ee2,10098ee4,data,"DAT_10098ee2",word
10098ee4,10098ee6,data,"DAT_10098ee4",word
10098ee6,10098ee8,data,"DAT_10098ee6",word
10098ee8,10098eea,data,"DAT_10098ee8",word
10098eea,10098eec,data,"DAT_10098eea",word
10098eec,10098eee,data,"DAT_10098eec",word
10098eee,10098ef0,data,"DAT_10098eee",word
10098ef0,10098ef2,data,"DAT_10098ef0",word
10098ef2,10098ef4,data,"DAT_10098ef2",word
10098ef4,10098ef6,data,"DAT_10098ef4",word
10098ef6,10098ef8,data,"DAT_10098ef6",word
10098ef8,10098efa,data,"DAT_10098ef8",word
10098efa,10098efc,data,"DAT_10098efa",word
10098efc,10098efe,data,"DAT_10098efc",word
10098efe,10098f00,data,"DAT_10098efe",word
10098f00,10098f02,data,"DAT_10098f00",word
10098f02,10098f04,data,"DAT_10098f02",word
10098f04,10098f06,data,"DAT_10098f04",word
10098f06,10098f08,data,"DAT_10098f06",word
10098f08,10098f0a,data,"DAT_10098f08",word
10098f0a,10098f0c,data,"DAT_10098f0a",word
10098f0c,10098f0e,data,"DAT_10098f0c",word
10098f0e,10098f10,data,"DAT_10098f0e",word
10098f10,10098f12,data,"DAT_10098f10",word
10098f12,10098f14,data,"DAT_10098f12",word
10098f14,10098f16,data,"DAT_10098f14",word
10098f16,10098f18,data,"DAT_10098f16",word
10098f18,10098f1a,data,"DAT_10098f18",word
10098f1a,10098f1c,data,"DAT_10098f1a",word
10098f1c,10098f1e,data,"DAT_10098f1c",word
10098f1e,10098f20,data,"DAT_10098f1e",word
10098f20,10098f22,data,"DAT_10098f20",word
10098f22,10098f24,data,"DAT_10098f22",word
10098f24,10098f26,data,"DAT_10098f24",word
10098f26,10098f28,data,"DAT_10098f26",word
10098f28,10098f2a,data,"DAT_10098f28",word
10098f2a,10098f2c,data,"DAT_10098f2a",word
10098f2c,10098f2e,data,"DAT_10098f2c",word
10098f2e,10098f30,data,"DAT_10098f2e",word
10098f30,10098f32,data,"DAT_10098f30",word
10098f32,10098f34,data,"DAT_10098f32",word
10098f34,10098f36,data,"DAT_10098f34",word
10098f36,10098f38,data,"DAT_10098f36",word
10098f38,10098f3a,data,"DAT_10098f38",word
10098f3a,10098f3c,data,"DAT_10098f3a",word
10098f3c,10098f3e,data,"DAT_10098f3c",word
10098f3e,10098f40,data,"DAT_10098f3e",word
10098f40,10098f42,data,"DAT_10098f40",word
10098f42,10098f44,data,"DAT_10098f42",word
10098f44,10098f46,data,"DAT_10098f44",word
10098f46,10098f48,data,"DAT_10098f46",word
10098f48,10098f4a,data,"DAT_10098f48",word
10098f4a,10098f4c,data,"DAT_10098f4a",word
10098f4c,10098f4e,data,"DAT_10098f4c",word
10098f4e,10098f50,data,"DAT_10098f4e",word
10098f50,10098f52,data,"DAT_10098f50",word
10098f52,10098f54,data,"DAT_10098f52",word
10098f54,10098f56,data,"DAT_10098f54",word
10098f56,10098f58,data,"DAT_10098f56",word
10098f58,10098f5a,data,"DAT_10098f58",word
10098f5a,10098f5c,data,"DAT_10098f5a",word
10098f5c,10098f5e,data,"DAT_10098f5c",word
10098f5e,10098f60,data,"DAT_10098f5e",word
10098f60,10098f62,data,"DAT_10098f60",word
10098f62,10098f64,data,"DAT_10098f62",word
10098f64,10098f66,data,"DAT_10098f64",word
10098f66,10098f68,data,"DAT_10098f66",word
10098f68,10098f6a,data,"DAT_10098f68",word
10098f6a,10098f6c,data,"DAT_10098f6a",word
10098f6c,10098f6e,data,"DAT_10098f6c",word
10098f6e,10098f70,data,"DAT_10098f6e",word
10098f70,10098f72,data,"DAT_10098f70",word
10098f72,10098f74,data,"DAT_10098f72",word
10098f74,10098f76,data,"DAT_10098f74",word
10098f76,10098f78,data,"DAT_10098f76",word
10098f78,10098f7a,data,"DAT_10098f78",word
10098f7a,10098f7c,data,"DAT_10098f7a",word
10098f7c,10098f7e,data,"DAT_10098f7c",word
10098f7e,10098f80,data,"DAT_10098f7e",word
10098f80,10098f82,data,"DAT_10098f80",word
10098f82,10098f84,data,"DAT_10098f82",word
10098f84,10098f86,data,"DAT_10098f84",word
10098f86,10098f88,data,"DAT_10098f86",word
10098f88,10098f8a,data,"DAT_10098f88",word
10098f8a,10098f8c,data,"DAT_10098f8a",word
10098f8c,10098f8e,data,"DAT_10098f8c",word
10098f8e,10098f90,data,"DAT_10098f8e",word
10098f90,10098f92,data,"DAT_10098f90",word
10098f92,10098f94,data,"DAT_10098f92",word
10098f94,10098f96,data,"DAT_10098f94",word
10098f96,10098f98,data,"DAT_10098f96",word
10098f98,10098f9a,data,"DAT_10098f98",word
10098f9a,10098f9c,data,"DAT_10098f9a",word
10098f9c,10098f9e,data,"DAT_10098f9c",word
10098f9e,10098fa0,data,"DAT_10098f9e",word
10098fa0,10098fa2,data,"DAT_10098fa0",word
10098fa2,10098fa4,data,"DAT_10098fa2",word
10098fa4,10098fa6,data,"DAT_10098fa4",word
10098fa6,10098fa8,data,"DAT_10098fa6",word
10098fa8,10098faa,data,"DAT_10098fa8",word
10098faa,10098fac,data,"DAT_10098faa",word
10098fac,10098fae,data,"DAT_10098fac",word
10098fae,10098fb0,data,"DAT_10098fae",word
10098fb0,10098fb2,data,"DAT_10098fb0",word
10098fb2,10098fb4,data,"DAT_10098fb2",word
10098fb4,10098fb6,data,"DAT_10098fb4",word
10098fb6,10098fb8,data,"DAT_10098fb6",word
10098fb8,10098fba,data,"DAT_10098fb8",word
10098fba,10098fbc,data,"DAT_10098fba",word
10098fbc,10098fbe,data,"DAT_10098fbc",word
10098fbe,10098fc0,data,"DAT_10098fbe",word
10098fc0,10098fc2,data,"DAT_10098fc0",word
10098fc2,10098fc4,data,"DAT_10098fc2",word
10098fc4,10098fc6,data,"DAT_10098fc4",word
10098fc6,10098fc8,data,"DAT_10098fc6",word
10098fc8,10098fca,data,"DAT_10098fc8",word
10098fca,10098fcc,data,"DAT_10098fca",word
10098fcc,10098fce,data,"DAT_10098fcc",word
10098fce,10098fd0,data,"DAT_10098fce",word
10098fd0,10098fd2,data,"DAT_10098fd0",word
10098fd2,10098fd4,data,"DAT_10098fd2",word
10098fd4,10098fd6,data,"DAT_10098fd4",word
10098fd6,10098fd8,data,"DAT_10098fd6",word
10098fd8,10098fda,data,"DAT_10098fd8",word
10098fda,10098fdc,data,"DAT_10098fda",word
10098fdc,10098fde,data,"DAT_10098fdc",word
10098fde,10098fe0,data,"DAT_10098fde",word
10098fe0,10098fe2,data,"DAT_10098fe0",word
10098fe2,10098fe4,data,"DAT_10098fe2",word
10098fe4,10098fe6,data,"DAT_10098fe4",word
10098fe6,10098fe8,data,"DAT_10098fe6",word
10098fe8,10098fea,data,"DAT_10098fe8",word
10098fea,10098fec,data,"DAT_10098fea",word
10098fec,10098fee,data,"DAT_10098fec",word
10098fee,10098ff0,data,"DAT_10098fee",word
10098ff0,10098ff2,data,"DAT_10098ff0",word
10098ff2,10098ff4,data,"DAT_10098ff2",word
10098ff4,10098ff6,data,"DAT_10098ff4",word
10098ff6,10098ff8,data,"DAT_10098ff6",word
10098ff8,10098ffa,data,"DAT_10098ff8",word
10098ffa,10098ffc,data,"DAT_10098ffa",word
10098ffc,10098ffe,data,"DAT_10098ffc",word
10098ffe,10099000,data,"DAT_10098ffe",word
10099000,10099002,data,"DAT_10099000",word
10099002,10099004,data,"DAT_10099002",word
10099004,10099006,data,"DAT_10099004",word
10099006,10099008,data,"DAT_10099006",word
10099008,1009900a,data,"DAT_10099008",word
1009900a,1009900c,data,"DAT_1009900a",word
1009900c,1009900e,data,"DAT_1009900c",word
1009900e,10099010,data,"DAT_1009900e",word
10099010,10099012,data,"DAT_10099010",word
10099012,10099014,data,"DAT_10099012",word
10099014,10099016,data,"DAT_10099014",word
10099016,10099018,data,"DAT_10099016",word
10099018,1009901a,data,"DAT_10099018",word
1009901a,1009901c,data,"DAT_1009901a",word
1009901c,1009901e,data,"DAT_1009901c",word
1009901e,10099020,data,"DAT_1009901e",word
10099020,10099022,data,"DAT_10099020",word
10099022,10099024,data,"DAT_10099022",word
10099024,10099026,data,"DAT_10099024",word
10099026,10099028,data,"DAT_10099026",word
10099028,1009902a,data,"DAT_10099028",word
1009902a,1009902c,data,"DAT_1009902a",word
1009902c,1009902e,data,"DAT_1009902c",word
1009902e,10099030,data,"DAT_1009902e",word
10099030,10099032,data,"DAT_10099030",word
10099032,10099034,data,"DAT_10099032",word
10099034,10099036,data,"DAT_10099034",word
10099036,10099038,data,"DAT_10099036",word
10099038,1009903a,data,"DAT_10099038",word
1009903a,1009903c,data,"DAT_1009903a",word
1009903c,1009903e,data,"DAT_1009903c",word
1009903e,10099040,data,"DAT_1009903e",word
10099040,10099042,data,"DAT_10099040",word
10099042,10099044,data,"DAT_10099042",word
10099044,10099046,data,"DAT_10099044",word
10099046,10099048,data,"DAT_10099046",word
10099048,1009904a,data,"DAT_10099048",word
1009904a,1009904c,data,"DAT_1009904a",word
1009904c,1009904e,data,"DAT_1009904c",word
1009904e,10099050,data,"DAT_1009904e",word
10099050,10099052,data,"DAT_10099050",word
10099052,10099054,data,"DAT_10099052",word
10099054,10099056,data,"DAT_10099054",word
10099056,10099058,data,"DAT_10099056",word
10099058,1009905a,data,"DAT_10099058",word
1009905a,1009905c,data,"DAT_1009905a",word
1009905c,1009905e,data,"DAT_1009905c",word
1009905e,10099060,data,"DAT_1009905e",word
10099060,10099062,data,"DAT_10099060",word
10099062,10099064,data,"DAT_10099062",word
10099064,10099066,data,"DAT_10099064",word
10099066,10099068,data,"DAT_10099066",word
10099068,1009906a,data,"DAT_10099068",word
1009906a,1009906c,data,"DAT_1009906a",word
1009906c,1009906e,data,"DAT_1009906c",word
1009906e,10099070,data,"DAT_1009906e",word
10099070,10099072,data,"DAT_10099070",word
10099072,10099074,data,"DAT_10099072",word
10099074,10099076,data,"DAT_10099074",word
10099076,10099078,data,"DAT_10099076",word
10099078,1009907a,data,"DAT_10099078",word
1009907a,1009907c,data,"DAT_1009907a",word
1009907c,1009907e,data,"DAT_1009907c",word
1009907e,10099080,data,"DAT_1009907e",word
10099080,10099082,data,"DAT_10099080",word
10099082,10099084,data,"DAT_10099082",word
10099084,10099086,data,"DAT_10099084",word
10099086,10099088,data,"DAT_10099086",word
10099088,1009908a,data,"DAT_10099088",word
1009908a,1009908c,data,"DAT_1009908a",word
1009908c,1009908e,data,"DAT_1009908c",word
1009908e,10099090,data,"DAT_1009908e",word
10099090,10099092,data,"DAT_10099090",word
10099092,10099094,data,"DAT_10099092",word
10099094,10099096,data,"DAT_10099094",word
10099096,10099098,data,"DAT_10099096",word
10099098,1009909a,data,"DAT_10099098",word
1009909a,1009909c,data,"DAT_1009909a",word
1009909c,1009909e,data,"DAT_1009909c",word
1009909e,100990a0,data,"DAT_1009909e",word
100990a0,100990a2,data,"DAT_100990a0",word
100990a2,100990a4,data,"DAT_100990a2",word
100990a4,100990a6,data,"DAT_100990a4",word
100990a6,100990a8,data,"DAT_100990a6",word
100990a8,100990aa,data,"DAT_100990a8",word
100990aa,100990ac,data,"DAT_100990aa",word
100990ac,100990ae,data,"DAT_100990ac",word
100990ae,100990b0,data,"DAT_100990ae",word
100990b0,100990b2,data,"DAT_100990b0",word
100990b2,100990b4,data,"DAT_100990b2",word
100990b4,100990b6,data,"DAT_100990b4",word
100990b6,100990b8,data,"DAT_100990b6",word
100990b8,100990ba,data,"DAT_100990b8",word
100990ba,100990bc,data,"DAT_100990ba",word
100990bc,100990be,data,"DAT_100990bc",word
100990be,100990c0,data,"DAT_100990be",word
100990c0,100990c2,data,"DAT_100990c0",word
100990c2,100990c4,data,"DAT_100990c2",word
100990c4,100990c6,data,"DAT_100990c4",word
100990c6,100990c8,data,"DAT_100990c6",word
100990c8,100990ca,data,"DAT_100990c8",word
100990ca,100990cc,data,"DAT_100990ca",word
100990cc,100990ce,data,"DAT_100990cc",word
100990ce,100990d0,data,"DAT_100990ce",word
100990d0,100990d2,data,"DAT_100990d0",word
100990d2,100990d4,data,"DAT_100990d2",word
100990d4,100990d6,data,"DAT_100990d4",word
100990d6,100990d8,data,"DAT_100990d6",word
100990d8,100990da,data,"DAT_100990d8",word
100990da,100990dc,data,"DAT_100990da",word
100990dc,100990de,data,"DAT_100990dc",word
100990de,100990e0,data,"DAT_100990de",word
100990e0,100990e2,data,"DAT_100990e0",word
100990e2,100990e4,data,"DAT_100990e2",word
100990e4,100990e6,data,"DAT_100990e4",word
100990e6,100990e8,data,"DAT_100990e6",word
100990e8,100990ea,data,"DAT_100990e8",word
100990ea,100990ec,data,"DAT_100990ea",word
100990ec,100990ee,data,"DAT_100990ec",word
100990ee,100990f0,data,"DAT_100990ee",word
100990f0,100990f2,data,"DAT_100990f0",word
100990f2,100990f4,data,"DAT_100990f2",word
100990f4,100990f6,data,"DAT_100990f4",word
100990f6,100990f8,data,"DAT_100990f6",word
100990f8,100990fa,data,"DAT_100990f8",word
100990fa,100990fc,data,"DAT_100990fa",word
100990fc,100990fe,data,"DAT_100990fc",word
100990fe,10099100,data,"DAT_100990fe",word
10099100,10099102,data,"DAT_10099100",word
10099102,10099104,data,"DAT_10099102",word
10099104,10099106,data,"DAT_10099104",word
10099106,10099108,data,"DAT_10099106",word
10099108,1009910a,data,"DAT_10099108",word
1009910a,1009910c,data,"DAT_1009910a",word
1009910c,1009910e,data,"DAT_1009910c",word
1009910e,10099110,data,"DAT_1009910e",word
10099110,10099112,data,"DAT_10099110",word
10099112,10099114,data,"DAT_10099112",word
10099114,10099116,data,"DAT_10099114",word
10099116,10099118,data,"DAT_10099116",word
10099118,1009911a,data,"DAT_10099118",word
1009911a,1009911c,data,"DAT_1009911a",word
1009911c,1009911e,data,"DAT_1009911c",word
1009911e,10099120,data,"DAT_1009911e",word
10099120,10099122,data,"DAT_10099120",word
10099122,10099124,data,"DAT_10099122",word
10099124,10099126,data,"DAT_10099124",word
10099126,10099128,data,"DAT_10099126",word
10099128,1009912a,data,"DAT_10099128",word
1009912a,1009912c,data,"DAT_1009912a",word
1009912c,1009912e,data,"DAT_1009912c",word
1009912e,10099130,data,"DAT_1009912e",word
10099130,10099132,data,"DAT_10099130",word
10099132,10099134,data,"DAT_10099132",word
10099134,10099136,data,"DAT_10099134",word
10099136,10099138,data,"DAT_10099136",word
10099138,1009913a,data,"DAT_10099138",word
1009913a,1009913c,data,"DAT_1009913a",word
1009913c,1009913e,data,"DAT_1009913c",word
1009913e,10099140,data,"DAT_1009913e",word
10099140,10099142,data,"DAT_10099140",word
10099142,10099144,data,"DAT_10099142",word
10099144,10099146,data,"DAT_10099144",word
10099146,10099148,data,"DAT_10099146",word
10099148,1009914a,data,"DAT_10099148",word
1009914a,1009914c,data,"DAT_1009914a",word
1009914c,1009914e,data,"DAT_1009914c",word
1009914e,10099150,data,"DAT_1009914e",word
10099150,10099152,data,"DAT_10099150",word
10099152,10099154,data,"DAT_10099152",word
10099154,10099156,data,"DAT_10099154",word
10099156,10099158,data,"DAT_10099156",word
10099158,1009915a,data,"DAT_10099158",word
1009915a,1009915c,data,"DAT_1009915a",word
1009915c,1009915e,data,"DAT_1009915c",word
1009915e,10099160,data,"DAT_1009915e",word
10099160,10099162,data,"DAT_10099160",word
10099162,10099164,data,"DAT_10099162",word
10099164,10099166,data,"DAT_10099164",word
10099166,10099168,data,"DAT_10099166",word
10099168,1009916a,data,"DAT_10099168",word
1009916a,1009916c,data,"DAT_1009916a",word
1009916c,1009916e,data,"DAT_1009916c",word
1009916e,10099170,data,"DAT_1009916e",word
10099170,10099172,data,"DAT_10099170",word
10099172,10099174,data,"DAT_10099172",word
10099174,10099176,data,"DAT_10099174",word
10099176,10099178,data,"DAT_10099176",word
10099178,1009917a,data,"DAT_10099178",word
1009917a,1009917c,data,"DAT_1009917a",word
1009917c,1009917e,data,"DAT_1009917c",word
1009917e,10099180,data,"DAT_1009917e",word
10099180,10099182,data,"DAT_10099180",word
10099182,10099184,data,"DAT_10099182",word
10099184,10099186,data,"DAT_10099184",word
10099186,10099188,data,"DAT_10099186",word
10099188,1009918a,data,"DAT_10099188",word
1009918a,1009918c,data,"DAT_1009918a",word
1009918c,1009918e,data,"DAT_1009918c",word
1009918e,10099190,data,"DAT_1009918e",word
10099190,10099192,data,"DAT_10099190",word
10099192,10099194,data,"DAT_10099192",word
10099194,10099196,data,"DAT_10099194",word
10099196,10099198,data,"DAT_10099196",word
10099198,1009919a,data,"DAT_10099198",word
1009919a,1009919c,data,"DAT_1009919a",word
1009919c,1009919e,data,"DAT_1009919c",word
1009919e,100991a0,data,"DAT_1009919e",word
100991a0,100991a2,data,"DAT_100991a0",word
100991a2,100991a4,data,"DAT_100991a2",word
100991a4,100991a6,data,"DAT_100991a4",word
100991a6,100991a8,data,"DAT_100991a6",word
100991a8,100991aa,data,"DAT_100991a8",word
100991aa,100991ac,data,"DAT_100991aa",word
100991ac,100991ae,data,"DAT_100991ac",word
100991ae,100991b0,data,"DAT_100991ae",word
100991b0,100991b2,data,"DAT_100991b0",word
100991b2,100991b4,data,"DAT_100991b2",word
100991b4,100991b6,data,"DAT_100991b4",word
100991b6,100991b8,data,"DAT_100991b6",word
100991b8,100991ba,data,"DAT_100991b8",word
100991ba,100991bc,data,"DAT_100991ba",word
100991bc,100991be,data,"DAT_100991bc",word
100991be,100991c0,data,"DAT_100991be",word
100991c0,100991c2,data,"DAT_100991c0",word
100991c2,100991c4,data,"DAT_100991c2",word
100991c4,100991c6,data,"DAT_100991c4",word
100991c6,100991c8,data,"DAT_100991c6",word
100991c8,100991ca,data,"DAT_100991c8",word
100991ca,100991cc,data,"DAT_100991ca",word
100991cc,100991ce,data,"DAT_100991cc",word
100991ce,100991d0,data,"DAT_100991ce",word
100991d0,100991d2,data,"DAT_100991d0",word
100991d2,100991d4,data,"DAT_100991d2",word
100991d4,100991d6,data,"DAT_100991d4",word
100991d6,100991d8,data,"DAT_100991d6",word
100991d8,100991da,data,"DAT_100991d8",word
100991da,100991dc,data,"DAT_100991da",word
100991dc,100991de,data,"DAT_100991dc",word
100991de,100991e0,data,"DAT_100991de",word
100991e0,100991e2,data,"DAT_100991e0",word
100991e2,100991e4,data,"DAT_100991e2",word
100991e4,100991e6,data,"DAT_100991e4",word
100991e6,100991e8,data,"DAT_100991e6",word
100991e8,100991ec,data,"DAT_100991e8",dword
100991ec,100991f0,data,"DAT_100991ec",dword
100991f0,100991f2,data,"DAT_100991f0",word
100991f2,100991f4,data,"DAT_100991f2",word
100991f4,100991f6,data,"DAT_100991f4",word
100991f6,100991f8,data,"DAT_100991f6",word
100991f8,100991fa,data,"DAT_100991f8",word
100991fa,100991fc,data,"DAT_100991fa",word
100991fc,100991fe,data,"DAT_100991fc",word
100991fe,10099200,data,"DAT_100991fe",word
10099200,10099202,data,"DAT_10099200",word
10099202,10099204,data,"DAT_10099202",word
10099204,10099206,data,"DAT_10099204",word
10099206,10099208,data,"DAT_10099206",word
10099208,1009920a,data,"DAT_10099208",word
1009920a,1009920c,data,"DAT_1009920a",word
1009920c,1009920e,data,"DAT_1009920c",word
1009920e,10099210,data,"DAT_1009920e",word
10099210,10099212,data,"DAT_10099210",word
10099212,10099214,data,"DAT_10099212",word
10099214,10099216,data,"DAT_10099214",word
10099216,10099218,data,"DAT_10099216",word
10099218,1009921a,data,"DAT_10099218",word
1009921a,1009921c,data,"DAT_1009921a",word
1009921c,1009921e,data,"DAT_1009921c",word
1009921e,10099220,data,"DAT_1009921e",word
10099220,10099222,data,"DAT_10099220",word
10099222,10099224,data,"DAT_10099222",word
10099224,10099226,data,"DAT_10099224",word
10099226,10099228,data,"DAT_10099226",word
10099228,1009922a,data,"DAT_10099228",word
1009922a,1009922c,data,"DAT_1009922a",word
1009922c,1009922e,data,"DAT_1009922c",word
1009922e,10099230,data,"DAT_1009922e",word
10099230,10099232,data,"DAT_10099230",word
10099232,10099234,data,"DAT_10099232",word
10099234,10099236,data,"DAT_10099234",word
10099236,10099238,data,"DAT_10099236",word
10099238,1009923a,data,"DAT_10099238",word
1009923a,1009923c,data,"DAT_1009923a",word
1009923c,1009923e,data,"DAT_1009923c",word
1009923e,10099240,data,"DAT_1009923e",word
10099240,10099242,data,"DAT_10099240",word
10099242,10099244,data,"DAT_10099242",word
10099244,10099246,data,"DAT_10099244",word
10099246,10099248,data,"DAT_10099246",word
10099248,1009924a,data,"DAT_10099248",word
1009924a,1009924c,data,"DAT_1009924a",word
1009924c,1009924e,data,"DAT_1009924c",word
1009924e,10099250,data,"DAT_1009924e",word
10099250,10099252,data,"DAT_10099250",word
10099252,10099254,data,"DAT_10099252",word
10099254,10099256,data,"DAT_10099254",word
10099256,10099258,data,"DAT_10099256",word
10099258,1009925a,data,"DAT_10099258",word
1009925a,1009925c,data,"DAT_1009925a",word
1009925c,1009925e,data,"DAT_1009925c",word
1009925e,10099260,data,"DAT_1009925e",word
10099260,10099262,data,"DAT_10099260",word
10099262,10099264,data,"DAT_10099262",word
10099264,10099266,data,"DAT_10099264",word
10099266,10099268,data,"DAT_10099266",word
10099268,1009926a,data,"DAT_10099268",word
1009926a,1009926c,data,"DAT_1009926a",word
1009926c,1009926e,data,"DAT_1009926c",word
1009926e,10099270,data,"DAT_1009926e",word
10099270,10099272,data,"DAT_10099270",word
10099272,10099274,data,"DAT_10099272",word
10099274,10099276,data,"DAT_10099274",word
10099276,10099278,data,"DAT_10099276",word
10099278,1009927a,data,"DAT_10099278",word
1009927a,1009927c,data,"DAT_1009927a",word
1009927c,1009927e,data,"DAT_1009927c",word
1009927e,10099280,data,"DAT_1009927e",word
10099280,10099282,data,"DAT_10099280",word
10099282,10099284,data,"DAT_10099282",word
10099284,10099286,data,"DAT_10099284",word
10099286,10099288,data,"DAT_10099286",word
10099288,1009928a,data,"DAT_10099288",word
1009928a,1009928c,data,"DAT_1009928a",word
1009928c,1009928e,data,"DAT_1009928c",word
1009928e,10099290,data,"DAT_1009928e",word
10099290,10099292,data,"DAT_10099290",word
10099292,10099294,data,"DAT_10099292",word
10099294,10099296,data,"DAT_10099294",word
10099296,10099298,data,"DAT_10099296",word
10099298,1009929a,data,"DAT_10099298",word
1009929a,1009929c,data,"DAT_1009929a",word
1009929c,1009929e,data,"DAT_1009929c",word
1009929e,100992a0,data,"DAT_1009929e",word
100992a0,100992a2,data,"DAT_100992a0",word
100992a2,100992a4,data,"DAT_100992a2",word
100992a4,100992a6,data,"DAT_100992a4",word
100992a6,100992a8,data,"DAT_100992a6",word
100992a8,100992aa,data,"DAT_100992a8",word
100992aa,100992ac,data,"DAT_100992aa",word
100992ac,100992ae,data,"DAT_100992ac",word
100992ae,100992b0,data,"DAT_100992ae",word
100992b0,100992b2,data,"DAT_100992b0",word
100992b2,100992b4,data,"DAT_100992b2",word
100992b4,100992b6,data,"DAT_100992b4",word
100992b6,100992b8,data,"DAT_100992b6",word
100992b8,100992ba,data,"DAT_100992b8",word
100992ba,100992bc,data,"DAT_100992ba",word
100992bc,100992be,data,"DAT_100992bc",word
100992be,100992c0,data,"DAT_100992be",word
100992c0,100992c2,data,"DAT_100992c0",word
100992c2,100992c4,data,"DAT_100992c2",word
100992c4,100992c6,data,"DAT_100992c4",word
100992c6,100992c8,data,"DAT_100992c6",word
100992c8,100992ca,data,"DAT_100992c8",word
100992ca,100992cc,data,"DAT_100992ca",word
100992cc,100992ce,data,"DAT_100992cc",word
100992ce,100992d0,data,"DAT_100992ce",word
100992d0,100992d2,data,"DAT_100992d0",word
100992d2,100992d4,data,"DAT_100992d2",word
100992d4,100992d6,data,"DAT_100992d4",word
100992d6,100992d8,data,"DAT_100992d6",word
100992d8,100992da,data,"DAT_100992d8",word
100992da,100992dc,data,"DAT_100992da",word
100992dc,100992de,data,"DAT_100992dc",word
100992de,100992e0,data,"DAT_100992de",word
100992e0,100992e2,data,"DAT_100992e0",word
100992e2,100992e4,data,"DAT_100992e2",word
100992e4,100992e6,data,"DAT_100992e4",word
100992e6,100992e8,data,"DAT_100992e6",word
100992e8,100992ea,data,"DAT_100992e8",word
100992ea,100992ec,data,"DAT_100992ea",word
100992ec,100992ee,data,"DAT_100992ec",word
100992ee,100992f0,data,"DAT_100992ee",word
100992f0,100992f2,data,"DAT_100992f0",word
100992f2,100992f4,data,"DAT_100992f2",word
100992f4,100992f6,data,"DAT_100992f4",word
100992f6,100992f8,data,"DAT_100992f6",word
100992f8,100992fa,data,"DAT_100992f8",word
100992fa,100992fc,data,"DAT_100992fa",word
100992fc,100992fe,data,"DAT_100992fc",word
100992fe,10099300,data,"DAT_100992fe",word
10099300,10099302,data,"DAT_10099300",word
10099302,10099304,data,"DAT_10099302",word
10099304,10099306,data,"DAT_10099304",word
10099306,10099308,data,"DAT_10099306",word
10099308,1009930a,data,"DAT_10099308",word
1009930a,1009930c,data,"DAT_1009930a",word
1009930c,1009930e,data,"DAT_1009930c",word
1009930e,10099310,data,"DAT_1009930e",word
10099310,10099312,data,"DAT_10099310",word
10099312,10099314,data,"DAT_10099312",word
10099314,10099316,data,"DAT_10099314",word
10099316,10099318,data,"DAT_10099316",word
10099318,1009931a,data,"DAT_10099318",word
1009931a,1009931c,data,"DAT_1009931a",word
1009931c,1009931e,data,"DAT_1009931c",word
1009931e,10099320,data,"DAT_1009931e",word
10099320,10099322,data,"DAT_10099320",word
10099322,10099324,data,"DAT_10099322",word
10099324,10099326,data,"DAT_10099324",word
10099326,10099328,data,"DAT_10099326",word
10099328,1009932a,data,"DAT_10099328",word
1009932a,1009932c,data,"DAT_1009932a",word
1009932c,1009932e,data,"DAT_1009932c",word
1009932e,10099330,data,"DAT_1009932e",word
10099330,10099332,data,"DAT_10099330",word
10099332,10099334,data,"DAT_10099332",word
10099334,10099336,data,"DAT_10099334",word
10099336,10099338,data,"DAT_10099336",word
10099338,1009933a,data,"DAT_10099338",word
1009933a,1009933c,data,"DAT_1009933a",word
1009933c,1009933e,data,"DAT_1009933c",word
1009933e,10099340,data,"DAT_1009933e",word
10099340,10099342,data,"DAT_10099340",word
10099342,10099344,data,"DAT_10099342",word
10099344,10099346,data,"DAT_10099344",word
10099346,10099348,data,"DAT_10099346",word
10099348,1009934a,data,"DAT_10099348",word
1009934a,1009934c,data,"DAT_1009934a",word
1009934c,1009934e,data,"DAT_1009934c",word
1009934e,10099350,data,"DAT_1009934e",word
10099350,10099352,data,"DAT_10099350",word
10099352,10099354,data,"DAT_10099352",word
10099354,10099356,data,"DAT_10099354",word
10099356,10099358,data,"DAT_10099356",word
10099358,1009935a,data,"DAT_10099358",word
1009935a,1009935c,data,"DAT_1009935a",word
1009935c,1009935e,data,"DAT_1009935c",word
1009935e,10099360,data,"DAT_1009935e",word
10099360,10099362,data,"DAT_10099360",word
10099362,10099364,data,"DAT_10099362",word
10099364,10099366,data,"DAT_10099364",word
10099366,10099368,data,"DAT_10099366",word
10099368,1009936a,data,"DAT_10099368",word
1009936a,1009936c,data,"DAT_1009936a",word
1009936c,1009936e,data,"DAT_1009936c",word
1009936e,10099370,data,"DAT_1009936e",word
10099370,10099372,data,"DAT_10099370",word
10099372,10099374,data,"DAT_10099372",word
10099374,10099376,data,"DAT_10099374",word
10099376,10099378,data,"DAT_10099376",word
10099378,1009937a,data,"DAT_10099378",word
1009937a,1009937c,data,"DAT_1009937a",word
1009937c,1009937e,data,"DAT_1009937c",word
1009937e,10099380,data,"DAT_1009937e",word
10099380,10099382,data,"DAT_10099380",word
10099382,10099384,data,"DAT_10099382",word
10099384,10099386,data,"DAT_10099384",word
10099386,10099388,data,"DAT_10099386",word
10099388,1009938a,data,"DAT_10099388",word
1009938a,1009938c,data,"DAT_1009938a",word
1009938c,1009938e,data,"DAT_1009938c",word
1009938e,10099390,data,"DAT_1009938e",word
10099390,10099392,data,"DAT_10099390",word
10099392,10099394,data,"DAT_10099392",word
10099394,10099396,data,"DAT_10099394",word
10099396,10099398,data,"DAT_10099396",word
10099398,1009939a,data,"DAT_10099398",word
1009939a,1009939c,data,"DAT_1009939a",word
1009939c,1009939e,data,"DAT_1009939c",word
1009939e,100993a0,data,"DAT_1009939e",word
100993a0,100993a2,data,"DAT_100993a0",word
100993a2,100993a4,data,"DAT_100993a2",word
100993a4,100993a6,data,"DAT_100993a4",word
100993a6,100993a8,data,"DAT_100993a6",word
100993a8,100993aa,data,"DAT_100993a8",word
100993aa,100993ac,data,"DAT_100993aa",word
100993ac,100993ae,data,"DAT_100993ac",word
100993ae,100993b0,data,"DAT_100993ae",word
100993b0,100993b2,data,"DAT_100993b0",word
100993b2,100993b4,data,"DAT_100993b2",word
100993b4,100993b6,data,"DAT_100993b4",word
100993b6,100993b8,data,"DAT_100993b6",word
100993b8,100993ba,data,"DAT_100993b8",word
100993ba,100993bc,data,"DAT_100993ba",word
100993bc,100993be,data,"DAT_100993bc",word
100993be,100993c0,data,"DAT_100993be",word
100993c0,100993c2,data,"DAT_100993c0",word
100993c2,100993c4,data,"DAT_100993c2",word
100993c4,100993c6,data,"DAT_100993c4",word
100993c6,100993c8,data,"DAT_100993c6",word
100993c8,100993ca,data,"DAT_100993c8",word
100993ca,100993cc,data,"DAT_100993ca",word
100993cc,100993ce,data,"DAT_100993cc",word
100993ce,100993d0,data,"DAT_100993ce",word
100993d0,100993d2,data,"DAT_100993d0",word
100993d2,100993d4,data,"DAT_100993d2",word
100993d4,100993d6,data,"DAT_100993d4",word
100993d6,100993d8,data,"DAT_100993d6",word
100993d8,100993da,data,"DAT_100993d8",word
100993da,100993dc,data,"DAT_100993da",word
100993dc,100993de,data,"DAT_100993dc",word
100993de,100993e0,data,"DAT_100993de",word
100993e0,100993e2,data,"DAT_100993e0",word
100993e2,100993e4,data,"DAT_100993e2",word
100993e4,100993e6,data,"DAT_100993e4",word
100993e6,100993e8,data,"DAT_100993e6",word
100993e8,100993ea,data,"DAT_100993e8",word
100993ea,100993ec,data,"DAT_100993ea",word
100993ec,100993ee,data,"DAT_100993ec",word
100993ee,100993f0,data,"DAT_100993ee",word
100993f0,100993f2,data,"DAT_100993f0",word
100993f2,100993f4,data,"DAT_100993f2",word
100993f4,100993f6,data,"DAT_100993f4",word
100993f6,100993f8,data,"DAT_100993f6",word
100993f8,100993fa,data,"DAT_100993f8",word
100993fa,100993fc,data,"DAT_100993fa",word
100993fc,100993fe,data,"DAT_100993fc",word
100993fe,10099400,data,"DAT_100993fe",word
10099400,10099402,data,"DAT_10099400",word
10099402,10099404,data,"DAT_10099402",word
10099404,10099406,data,"DAT_10099404",word
10099406,10099408,data,"DAT_10099406",word
10099408,1009940a,data,"DAT_10099408",word
1009940a,1009940c,data,"DAT_1009940a",word
1009940c,1009940e,data,"DAT_1009940c",word
1009940e,10099410,data,"DAT_1009940e",word
10099410,10099412,data,"DAT_10099410",word
10099412,10099414,data,"DAT_10099412",word
10099414,10099416,data,"DAT_10099414",word
10099416,10099418,data,"DAT_10099416",word
10099418,1009941a,data,"DAT_10099418",word
1009941a,1009941c,data,"DAT_1009941a",word
1009941c,1009941e,data,"DAT_1009941c",word
1009941e,10099420,data,"DAT_1009941e",word
10099420,10099422,data,"DAT_10099420",word
10099422,10099424,data,"DAT_10099422",word
10099424,10099426,data,"DAT_10099424",word
10099426,10099428,data,"DAT_10099426",word
10099428,1009942a,data,"DAT_10099428",word
1009942a,1009942c,data,"DAT_1009942a",word
1009942c,1009942e,data,"DAT_1009942c",word
1009942e,10099430,data,"DAT_1009942e",word
10099430,10099432,data,"DAT_10099430",word
10099432,10099434,data,"DAT_10099432",word
10099434,10099436,data,"DAT_10099434",word
10099436,10099438,data,"DAT_10099436",word
10099438,1009943a,data,"DAT_10099438",word
1009943a,1009943c,data,"DAT_1009943a",word
1009943c,1009943e,data,"DAT_1009943c",word
1009943e,10099440,data,"DAT_1009943e",word
10099440,10099442,data,"DAT_10099440",word
10099442,10099444,data,"DAT_10099442",word
10099444,10099446,data,"DAT_10099444",word
10099446,10099448,data,"DAT_10099446",word
10099448,1009944a,data,"DAT_10099448",word
1009944a,1009944c,data,"DAT_1009944a",word
1009944c,1009944e,data,"DAT_1009944c",word
1009944e,10099450,data,"DAT_1009944e",word
10099450,10099452,data,"DAT_10099450",word
10099452,10099454,data,"DAT_10099452",word
10099454,10099456,data,"DAT_10099454",word
10099456,10099458,data,"DAT_10099456",word
10099458,1009945a,data,"DAT_10099458",word
1009945a,1009945c,data,"DAT_1009945a",word
1009945c,1009945e,data,"DAT_1009945c",word
1009945e,10099460,data,"DAT_1009945e",word
10099460,10099462,data,"DAT_10099460",word
10099462,10099464,data,"DAT_10099462",word
10099464,10099466,data,"DAT_10099464",word
10099466,10099468,data,"DAT_10099466",word
10099468,1009946a,data,"DAT_10099468",word
1009946a,1009946c,data,"DAT_1009946a",word
1009946c,1009946e,data,"DAT_1009946c",word
1009946e,10099470,data,"DAT_1009946e",word
10099470,10099472,data,"DAT_10099470",word
10099472,10099474,data,"DAT_10099472",word
10099474,10099476,data,"DAT_10099474",word
10099476,10099478,data,"DAT_10099476",word
10099478,1009947a,data,"DAT_10099478",word
1009947a,1009947c,data,"DAT_1009947a",word
1009947c,1009947e,data,"DAT_1009947c",word
1009947e,10099480,data,"DAT_1009947e",word
10099480,10099482,data,"DAT_10099480",word
10099482,10099484,data,"DAT_10099482",word
10099484,10099486,data,"DAT_10099484",word
10099486,10099488,data,"DAT_10099486",word
10099488,1009948a,data,"DAT_10099488",word
1009948a,1009948c,data,"DAT_1009948a",word
1009948c,1009948e,data,"DAT_1009948c",word
1009948e,10099490,data,"DAT_1009948e",word
10099490,10099492,data,"DAT_10099490",word
10099492,10099494,data,"DAT_10099492",word
10099494,10099496,data,"DAT_10099494",word
10099496,10099498,data,"DAT_10099496",word
10099498,1009949a,data,"DAT_10099498",word
1009949a,1009949c,data,"DAT_1009949a",word
1009949c,1009949e,data,"DAT_1009949c",word
1009949e,100994a0,data,"DAT_1009949e",word
100994a0,100994a2,data,"DAT_100994a0",word
100994a2,100994a4,data,"DAT_100994a2",word
100994a4,100994a6,data,"DAT_100994a4",word
100994a6,100994a8,data,"DAT_100994a6",word
100994a8,100994aa,data,"DAT_100994a8",word
100994aa,100994ac,data,"DAT_100994aa",word
100994ac,100994ae,data,"DAT_100994ac",word
100994ae,100994b0,data,"DAT_100994ae",word
100994b0,100994b2,data,"DAT_100994b0",word
100994b2,100994b4,data,"DAT_100994b2",word
100994b4,100994b6,data,"DAT_100994b4",word
100994b6,100994b8,data,"DAT_100994b6",word
100994b8,100994ba,data,"DAT_100994b8",word
100994ba,100994bc,data,"DAT_100994ba",word
100994bc,100994be,data,"DAT_100994bc",word
100994be,100994c0,data,"DAT_100994be",word
100994c0,100994c2,data,"DAT_100994c0",word
100994c2,100994c4,data,"DAT_100994c2",word
100994c4,100994c6,data,"DAT_100994c4",word
100994c6,100994c8,data,"DAT_100994c6",word
100994c8,100994ca,data,"DAT_100994c8",word
100994ca,100994cc,data,"DAT_100994ca",word
100994cc,100994ce,data,"DAT_100994cc",word
100994ce,100994d0,data,"DAT_100994ce",word
100994d0,100994d2,data,"DAT_100994d0",word
100994d2,100994d4,data,"DAT_100994d2",word
100994d4,100994d6,data,"DAT_100994d4",word
100994d6,100994d8,data,"DAT_100994d6",word
100994d8,100994da,data,"DAT_100994d8",word
100994da,100994dc,data,"DAT_100994da",word
100994dc,100994de,data,"DAT_100994dc",word
100994de,100994e0,data,"DAT_100994de",word
100994e0,100994e2,data,"DAT_100994e0",word
100994e2,100994e4,data,"DAT_100994e2",word
100994e4,100994e6,data,"DAT_100994e4",word
100994e6,100994e8,data,"DAT_100994e6",word
100994e8,100994ea,data,"DAT_100994e8",word
100994ea,100994ec,data,"DAT_100994ea",word
100994ec,100994ee,data,"DAT_100994ec",word
100994ee,100994f0,data,"DAT_100994ee",word
100994f0,100994f2,data,"DAT_100994f0",word
100994f2,100994f4,data,"DAT_100994f2",word
100994f4,100994f6,data,"DAT_100994f4",word
100994f6,100994f8,data,"DAT_100994f6",word
100994f8,100994fa,data,"DAT_100994f8",word
100994fa,100994fc,data,"DAT_100994fa",word
100994fc,100994fe,data,"DAT_100994fc",word
100994fe,10099500,data,"DAT_100994fe",word
10099500,10099502,data,"DAT_10099500",word
10099502,10099504,data,"DAT_10099502",word
10099504,10099506,data,"DAT_10099504",word
10099506,10099508,data,"DAT_10099506",word
10099508,1009950a,data,"DAT_10099508",word
1009950a,1009950c,data,"DAT_1009950a",word
1009950c,1009950e,data,"DAT_1009950c",word
1009950e,10099510,data,"DAT_1009950e",word
10099510,10099512,data,"DAT_10099510",word
10099512,10099514,data,"DAT_10099512",word
10099514,10099516,data,"DAT_10099514",word
10099516,10099518,data,"DAT_10099516",word
10099518,1009951a,data,"DAT_10099518",word
1009951a,1009951c,data,"DAT_1009951a",word
1009951c,1009951e,data,"DAT_1009951c",word
1009951e,10099520,data,"DAT_1009951e",word
10099520,10099522,data,"DAT_10099520",word
10099522,10099524,data,"DAT_10099522",word
10099524,10099526,data,"DAT_10099524",word
10099526,10099528,data,"DAT_10099526",word
10099528,1009952a,data,"DAT_10099528",word
1009952a,1009952c,data,"DAT_1009952a",word
1009952c,1009952e,data,"DAT_1009952c",word
1009952e,10099530,data,"DAT_1009952e",word
10099530,10099532,data,"DAT_10099530",word
10099532,10099534,data,"DAT_10099532",word
10099534,10099536,data,"DAT_10099534",word
10099536,10099538,data,"DAT_10099536",word
10099538,1009953a,data,"DAT_10099538",word
1009953a,1009953c,data,"DAT_1009953a",word
1009953c,1009953e,data,"DAT_1009953c",word
1009953e,10099540,data,"DAT_1009953e",word
10099540,10099542,data,"DAT_10099540",word
10099542,10099544,data,"DAT_10099542",word
10099544,10099546,data,"DAT_10099544",word
10099546,10099548,data,"DAT_10099546",word
10099548,1009954a,data,"DAT_10099548",word
1009954a,1009954c,data,"DAT_1009954a",word
1009954c,1009954e,data,"DAT_1009954c",word
1009954e,10099550,data,"DAT_1009954e",word
10099550,10099552,data,"DAT_10099550",word
10099552,10099554,data,"DAT_10099552",word
10099554,10099556,data,"DAT_10099554",word
10099556,10099558,data,"DAT_10099556",word
10099558,1009955a,data,"DAT_10099558",word
1009955a,1009955c,data,"DAT_1009955a",word
1009955c,1009955e,data,"DAT_1009955c",word
1009955e,10099560,data,"DAT_1009955e",word
10099560,10099562,data,"DAT_10099560",word
10099562,10099564,data,"DAT_10099562",word
10099564,10099566,data,"DAT_10099564",word
10099566,10099568,data,"DAT_10099566",word
10099568,1009956a,data,"DAT_10099568",word
1009956a,1009956c,data,"DAT_1009956a",word
1009956c,1009956e,data,"DAT_1009956c",word
1009956e,10099570,data,"DAT_1009956e",word
10099570,10099572,data,"DAT_10099570",word
10099572,10099574,data,"DAT_10099572",word
10099574,10099576,data,"DAT_10099574",word
10099576,10099578,data,"DAT_10099576",word
10099578,1009957a,data,"DAT_10099578",word
1009957a,1009957c,data,"DAT_1009957a",word
1009957c,1009957e,data,"DAT_1009957c",word
1009957e,10099580,data,"DAT_1009957e",word
10099580,10099582,data,"DAT_10099580",word
10099582,10099584,data,"DAT_10099582",word
10099584,10099586,data,"DAT_10099584",word
10099586,10099588,data,"DAT_10099586",word
10099588,1009958a,data,"DAT_10099588",word
1009958a,1009958c,data,"DAT_1009958a",word
1009958c,1009958e,data,"DAT_1009958c",word
1009958e,10099590,data,"DAT_1009958e",word
10099590,10099592,data,"DAT_10099590",word
10099592,10099594,data,"DAT_10099592",word
10099594,10099596,data,"DAT_10099594",word
10099596,10099598,data,"DAT_10099596",word
10099598,1009959a,data,"DAT_10099598",word
1009959a,1009959c,data,"DAT_1009959a",word
1009959c,1009959e,data,"DAT_1009959c",word
1009959e,100995a0,data,"DAT_1009959e",word
100995a0,100995a2,data,"DAT_100995a0",word
100995a2,100995a4,data,"DAT_100995a2",word
100995a4,100995a6,data,"DAT_100995a4",word
100995a6,100995a8,data,"DAT_100995a6",word
100995a8,100995aa,data,"DAT_100995a8",word
100995aa,100995ac,data,"DAT_100995aa",word
100995ac,100995ae,data,"DAT_100995ac",word
100995ae,100995b0,data,"DAT_100995ae",word
100995b0,100995b2,data,"DAT_100995b0",word
100995b2,100995b4,data,"DAT_100995b2",word
100995b4,100995b6,data,"DAT_100995b4",word
100995b6,100995b8,data,"DAT_100995b6",word
100995b8,100995ba,data,"DAT_100995b8",word
100995ba,100995bc,data,"DAT_100995ba",word
100995bc,100995be,data,"DAT_100995bc",word
100995be,100995c0,data,"DAT_100995be",word
100995c0,100995c2,data,"DAT_100995c0",word
100995c2,100995c4,data,"DAT_100995c2",word
100995c4,100995c6,data,"DAT_100995c4",word
100995c6,100995c8,data,"DAT_100995c6",word
100995c8,100995ca,data,"DAT_100995c8",word
100995ca,100995cc,data,"DAT_100995ca",word
100995cc,100995ce,data,"DAT_100995cc",word
100995ce,100995d0,data,"DAT_100995ce",word
100995d0,100995d2,data,"DAT_100995d0",word
100995d2,100995d4,data,"DAT_100995d2",word
100995d4,100995d6,data,"DAT_100995d4",word
100995d6,100995d8,data,"DAT_100995d6",word
100995d8,100995da,data,"DAT_100995d8",word
100995da,100995dc,data,"DAT_100995da",word
100995dc,100995de,data,"DAT_100995dc",word
100995de,100995e0,data,"DAT_100995de",word
100995e0,100995e2,data,"DAT_100995e0",word
100995e2,100995e4,data,"DAT_100995e2",word
100995e4,100995e6,data,"DAT_100995e4",word
100995e6,100995e8,data,"DAT_100995e6",word
100995e8,100995ea,data,"DAT_100995e8",word
100995ea,100995ec,data,"DAT_100995ea",word
100995ec,100995ee,data,"DAT_100995ec",word
100995ee,100995f0,data,"DAT_100995ee",word
100995f0,100995f2,data,"DAT_100995f0",word
100995f2,100995f4,data,"DAT_100995f2",word
100995f4,100995f6,data,"DAT_100995f4",word
100995f6,100995f8,data,"DAT_100995f6",word
100995f8,100995fa,data,"DAT_100995f8",word
100995fa,100995fc,data,"DAT_100995fa",word
100995fc,100995fe,data,"DAT_100995fc",word
100995fe,10099600,data,"DAT_100995fe",word
10099600,10099602,data,"DAT_10099600",word
10099602,10099604,data,"DAT_10099602",word
10099604,10099606,data,"DAT_10099604",word
10099606,10099608,data,"DAT_10099606",word
10099608,1009960a,data,"DAT_10099608",word
1009960a,1009960c,data,"DAT_1009960a",word
1009960c,1009960e,data,"DAT_1009960c",word
1009960e,10099610,data,"DAT_1009960e",word
10099610,10099612,data,"DAT_10099610",word
10099612,10099614,data,"DAT_10099612",word
10099614,10099616,data,"DAT_10099614",word
10099616,10099618,data,"DAT_10099616",word
10099618,1009961a,data,"DAT_10099618",word
1009961a,1009961c,data,"DAT_1009961a",word
1009961c,1009961e,data,"DAT_1009961c",word
1009961e,10099620,data,"DAT_1009961e",word
10099620,10099622,data,"DAT_10099620",word
10099622,10099624,data,"DAT_10099622",word
10099624,10099626,data,"DAT_10099624",word
10099626,10099628,data,"DAT_10099626",word
10099628,1009962a,data,"DAT_10099628",word
1009962a,1009962c,data,"DAT_1009962a",word
1009962c,1009962e,data,"DAT_1009962c",word
1009962e,10099630,data,"DAT_1009962e",word
10099630,10099632,data,"DAT_10099630",word
10099632,10099634,data,"DAT_10099632",word
10099634,10099636,data,"DAT_10099634",word
10099636,10099638,data,"DAT_10099636",word
10099638,1009963a,data,"DAT_10099638",word
1009963a,1009963c,data,"DAT_1009963a",word
1009963c,1009963e,data,"DAT_1009963c",word
1009963e,10099640,data,"DAT_1009963e",word
10099640,10099642,data,"DAT_10099640",word
10099642,10099644,data,"DAT_10099642",word
10099644,10099646,data,"DAT_10099644",word
10099646,10099648,data,"DAT_10099646",word
10099648,1009964a,data,"DAT_10099648",word
1009964a,1009964c,data,"DAT_1009964a",word
1009964c,1009964e,data,"DAT_1009964c",word
1009964e,10099650,data,"DAT_1009964e",word
10099650,10099654,data,"DAT_10099650",dword
10099654,10099658,data,"DAT_10099654",dword
10099658,1009965a,data,"DAT_10099658",word
1009965a,1009965c,data,"DAT_1009965a",word
1009965c,1009965e,data,"DAT_1009965c",word
1009965e,10099660,data,"DAT_1009965e",word
10099660,10099662,data,"DAT_10099660",word
10099662,10099664,data,"DAT_10099662",word
10099664,10099666,data,"DAT_10099664",word
10099666,10099668,data,"DAT_10099666",word
10099668,1009966a,data,"DAT_10099668",word
1009966a,1009966c,data,"DAT_1009966a",word
1009966c,1009966e,data,"DAT_1009966c",word
1009966e,10099670,data,"DAT_1009966e",word
10099670,10099672,data,"DAT_10099670",word
10099672,10099674,data,"DAT_10099672",word
10099674,10099676,data,"DAT_10099674",word
10099676,10099678,data,"DAT_10099676",word
10099678,1009967a,data,"DAT_10099678",word
1009967a,1009967c,data,"DAT_1009967a",word
1009967c,1009967e,data,"DAT_1009967c",word
1009967e,10099680,data,"DAT_1009967e",word
10099680,10099682,data,"DAT_10099680",word
10099682,10099684,data,"DAT_10099682",word
10099684,10099686,data,"DAT_10099684",word
10099686,10099688,data,"DAT_10099686",word
10099688,1009968a,data,"DAT_10099688",word
1009968a,1009968c,data,"DAT_1009968a",word
1009968c,1009968e,data,"DAT_1009968c",word
1009968e,10099690,data,"DAT_1009968e",word
10099690,10099692,data,"DAT_10099690",word
10099692,10099694,data,"DAT_10099692",word
10099694,10099696,data,"DAT_10099694",word
10099696,10099698,data,"DAT_10099696",word
10099698,1009969a,data,"DAT_10099698",word
1009969a,1009969c,data,"DAT_1009969a",word
1009969c,1009969e,data,"DAT_1009969c",word
1009969e,100996a0,data,"DAT_1009969e",word
100996a0,100996a2,data,"DAT_100996a0",word
100996a2,100996a4,data,"DAT_100996a2",word
100996a4,100996a6,data,"DAT_100996a4",word
100996a6,100996a8,data,"DAT_100996a6",word
100996a8,100996aa,data,"DAT_100996a8",word
100996aa,100996ac,data,"DAT_100996aa",word
100996ac,100996ae,data,"DAT_100996ac",word
100996ae,100996b0,data,"DAT_100996ae",word
100996b0,100996b2,data,"DAT_100996b0",word
100996b2,100996b4,data,"DAT_100996b2",word
100996b4,100996b6,data,"DAT_100996b4",word
100996b6,100996b8,data,"DAT_100996b6",word
100996b8,100996ba,data,"DAT_100996b8",word
100996ba,100996bc,data,"DAT_100996ba",word
100996bc,100996be,data,"DAT_100996bc",word
100996be,100996c0,data,"DAT_100996be",word
100996c0,100996c2,data,"DAT_100996c0",word
100996c2,100996c4,data,"DAT_100996c2",word
100996c4,100996c6,data,"DAT_100996c4",word
100996c6,100996c8,data,"DAT_100996c6",word
100996c8,100996ca,data,"DAT_100996c8",word
100996ca,100996cc,data,"DAT_100996ca",word
100996cc,100996ce,data,"DAT_100996cc",word
100996ce,100996d0,data,"DAT_100996ce",word
100996d0,100996d2,data,"DAT_100996d0",word
100996d2,100996d4,data,"DAT_100996d2",word
100996d4,100996d6,data,"DAT_100996d4",word
100996d6,100996d8,data,"DAT_100996d6",word
100996d8,100996da,data,"DAT_100996d8",word
100996da,100996dc,data,"DAT_100996da",word
100996dc,100996de,data,"DAT_100996dc",word
100996de,100996e0,data,"DAT_100996de",word
100996e0,100996e2,data,"DAT_100996e0",word
100996e2,100996e4,data,"DAT_100996e2",word
100996e4,100996e6,data,"DAT_100996e4",word
100996e6,100996e8,data,"DAT_100996e6",word
100996e8,100996ea,data,"DAT_100996e8",word
100996ea,100996ec,data,"DAT_100996ea",word
100996ec,100996ee,data,"DAT_100996ec",word
100996ee,100996f0,data,"DAT_100996ee",word
100996f0,100996f2,data,"DAT_100996f0",word
100996f2,100996f4,data,"DAT_100996f2",word
100996f4,100996f6,data,"DAT_100996f4",word
100996f6,100996f8,data,"DAT_100996f6",word
100996f8,100996fa,data,"DAT_100996f8",word
100996fa,100996fc,data,"DAT_100996fa",word
100996fc,100996fe,data,"DAT_100996fc",word
100996fe,10099700,data,"DAT_100996fe",word
10099700,10099702,data,"DAT_10099700",word
10099702,10099704,data,"DAT_10099702",word
10099704,10099706,data,"DAT_10099704",word
10099706,10099708,data,"DAT_10099706",word
10099708,1009970a,data,"DAT_10099708",word
1009970a,1009970c,data,"DAT_1009970a",word
1009970c,1009970e,data,"DAT_1009970c",word
1009970e,10099710,data,"DAT_1009970e",word
10099710,10099712,data,"DAT_10099710",word
10099712,10099714,data,"DAT_10099712",word
10099714,10099716,data,"DAT_10099714",word
10099716,10099718,data,"DAT_10099716",word
10099718,1009971a,data,"DAT_10099718",word
1009971a,1009971c,data,"DAT_1009971a",word
1009971c,1009971e,data,"DAT_1009971c",word
1009971e,10099720,data,"DAT_1009971e",word
10099720,10099722,data,"DAT_10099720",word
10099722,10099724,data,"DAT_10099722",word
10099724,10099726,data,"DAT_10099724",word
10099726,10099728,data,"DAT_10099726",word
10099728,1009972a,data,"DAT_10099728",word
1009972a,1009972c,data,"DAT_1009972a",word
1009972c,1009972e,data,"DAT_1009972c",word
1009972e,10099730,data,"DAT_1009972e",word
10099730,10099732,data,"DAT_10099730",word
10099732,10099734,data,"DAT_10099732",word
10099734,10099736,data,"DAT_10099734",word
10099736,10099738,data,"DAT_10099736",word
10099738,1009973a,data,"DAT_10099738",word
1009973a,1009973c,data,"DAT_1009973a",word
1009973c,1009973e,data,"DAT_1009973c",word
1009973e,10099740,data,"DAT_1009973e",word
10099740,10099742,data,"DAT_10099740",word
10099742,10099744,data,"DAT_10099742",word
10099744,10099746,data,"DAT_10099744",word
10099746,10099748,data,"DAT_10099746",word
10099748,1009974a,data,"DAT_10099748",word
1009974a,1009974c,data,"DAT_1009974a",word
1009974c,1009974e,data,"DAT_1009974c",word
1009974e,10099750,data,"DAT_1009974e",word
10099750,10099752,data,"DAT_10099750",word
10099752,10099754,data,"DAT_10099752",word
10099754,10099756,data,"DAT_10099754",word
10099756,10099758,data,"DAT_10099756",word
10099758,1009975a,data,"DAT_10099758",word
1009975a,1009975c,data,"DAT_1009975a",word
1009975c,1009975e,data,"DAT_1009975c",word
1009975e,10099760,data,"DAT_1009975e",word
10099760,10099762,data,"DAT_10099760",word
10099762,10099764,data,"DAT_10099762",word
10099764,10099766,data,"DAT_10099764",word
10099766,10099768,data,"DAT_10099766",word
10099768,1009976a,data,"DAT_10099768",word
1009976a,1009976c,data,"DAT_1009976a",word
1009976c,1009976e,data,"DAT_1009976c",word
1009976e,10099770,data,"DAT_1009976e",word
10099770,10099772,data,"DAT_10099770",word
10099772,10099774,data,"DAT_10099772",word
10099774,10099776,data,"DAT_10099774",word
10099776,10099778,data,"DAT_10099776",word
10099778,1009977a,data,"DAT_10099778",word
1009977a,1009977c,data,"DAT_1009977a",word
1009977c,1009977e,data,"DAT_1009977c",word
1009977e,10099780,data,"DAT_1009977e",word
10099780,10099782,data,"DAT_10099780",word
10099782,10099784,data,"DAT_10099782",word
10099784,10099786,data,"DAT_10099784",word
10099786,10099788,data,"DAT_10099786",word
10099788,1009978a,data,"DAT_10099788",word
1009978a,1009978c,data,"DAT_1009978a",word
1009978c,1009978e,data,"DAT_1009978c",word
1009978e,10099790,data,"DAT_1009978e",word
10099790,10099792,data,"DAT_10099790",word
10099792,10099794,data,"DAT_10099792",word
10099794,10099798,data,"DAT_10099794",dword
10099798,1009979c,data,"DAT_10099798",dword
1009979c,1009979e,data,"DAT_1009979c",word
1009979e,100997a0,data,"DAT_1009979e",word
100997a0,100997a2,data,"DAT_100997a0",word
100997a2,100997a4,data,"DAT_100997a2",word
100997a4,100997a6,data,"DAT_100997a4",word
100997a6,100997a8,data,"DAT_100997a6",word
100997a8,100997aa,data,"DAT_100997a8",word
100997aa,100997ac,data,"DAT_100997aa",word
100997ac,100997ae,data,"DAT_100997ac",word
100997ae,100997b0,data,"DAT_100997ae",word
100997b0,100997b2,data,"DAT_100997b0",word
100997b2,100997b4,data,"DAT_100997b2",word
100997b4,100997b6,data,"DAT_100997b4",word
100997b6,100997b8,data,"DAT_100997b6",word
100997b8,100997ba,data,"DAT_100997b8",word
100997ba,100997bc,data,"DAT_100997ba",word
100997bc,100997be,data,"DAT_100997bc",word
100997be,100997c0,data,"DAT_100997be",word
100997c0,100997c2,data,"DAT_100997c0",word
100997c2,100997c4,data,"DAT_100997c2",word
100997c4,100997c6,data,"DAT_100997c4",word
100997c6,100997c8,data,"DAT_100997c6",word
100997c8,100997ca,data,"DAT_100997c8",word
100997ca,100997cc,data,"DAT_100997ca",word
100997cc,100997ce,data,"DAT_100997cc",word
100997ce,100997d0,data,"DAT_100997ce",word
100997d0,100997d2,data,"DAT_100997d0",word
100997d2,100997d4,data,"DAT_100997d2",word
100997d4,100997d6,data,"DAT_100997d4",word
100997d6,100997d8,data,"DAT_100997d6",word
100997d8,100997da,data,"DAT_100997d8",word
100997da,100997dc,data,"DAT_100997da",word
100997dc,100997de,data,"DAT_100997dc",word
100997de,100997e0,data,"DAT_100997de",word
100997e0,100997e2,data,"DAT_100997e0",word
100997e2,100997e4,data,"DAT_100997e2",word
100997e4,100997e6,data,"DAT_100997e4",word
100997e6,100997e8,data,"DAT_100997e6",word
100997e8,100997ea,data,"DAT_100997e8",word
100997ea,100997ec,data,"DAT_100997ea",word
100997ec,100997ee,data,"DAT_100997ec",word
100997ee,100997f0,data,"DAT_100997ee",word
100997f0,100997f2,data,"DAT_100997f0",word
100997f2,100997f4,data,"DAT_100997f2",word
100997f4,100997f6,data,"DAT_100997f4",word
100997f6,100997f8,data,"DAT_100997f6",word
100997f8,100997fa,data,"DAT_100997f8",word
100997fa,100997fc,data,"DAT_100997fa",word
100997fc,100997fe,data,"DAT_100997fc",word
100997fe,10099800,data,"DAT_100997fe",word
10099800,10099802,data,"DAT_10099800",word
10099802,10099804,data,"DAT_10099802",word
10099804,10099806,data,"DAT_10099804",word
10099806,10099808,data,"DAT_10099806",word
10099808,1009980a,data,"DAT_10099808",word
1009980a,1009980c,data,"DAT_1009980a",word
1009980c,1009980e,data,"DAT_1009980c",word
1009980e,10099810,data,"DAT_1009980e",word
10099810,10099812,data,"DAT_10099810",word
10099812,10099814,data,"DAT_10099812",word
10099814,10099816,data,"DAT_10099814",word
10099816,10099818,data,"DAT_10099816",word
10099818,1009981a,data,"DAT_10099818",word
1009981a,1009981c,data,"DAT_1009981a",word
1009981c,1009981e,data,"DAT_1009981c",word
1009981e,10099820,data,"DAT_1009981e",word
10099820,10099822,data,"DAT_10099820",word
10099822,10099824,data,"DAT_10099822",word
10099824,10099826,data,"DAT_10099824",word
10099826,10099828,data,"DAT_10099826",word
10099828,1009982a,data,"DAT_10099828",word
1009982a,1009982c,data,"DAT_1009982a",word
1009982c,1009982e,data,"DAT_1009982c",word
1009982e,10099830,data,"DAT_1009982e",word
10099830,10099832,data,"DAT_10099830",word
10099832,10099834,data,"DAT_10099832",word
10099834,10099836,data,"DAT_10099834",word
10099836,10099838,data,"DAT_10099836",word
10099838,1009983a,data,"DAT_10099838",word
1009983a,1009983c,data,"DAT_1009983a",word
1009983c,1009983e,data,"DAT_1009983c",word
1009983e,10099840,data,"DAT_1009983e",word
10099840,10099842,data,"DAT_10099840",word
10099842,10099844,data,"DAT_10099842",word
10099844,10099846,data,"DAT_10099844",word
10099846,10099848,data,"DAT_10099846",word
10099848,1009984a,data,"DAT_10099848",word
1009984a,1009984c,data,"DAT_1009984a",word
1009984c,1009984e,data,"DAT_1009984c",word
1009984e,10099850,data,"DAT_1009984e",word
10099850,10099852,data,"DAT_10099850",word
10099852,10099854,data,"DAT_10099852",word
10099854,10099856,data,"DAT_10099854",word
10099856,10099858,data,"DAT_10099856",word
10099858,1009985a,data,"DAT_10099858",word
1009985a,1009985c,data,"DAT_1009985a",word
1009985c,1009985e,data,"DAT_1009985c",word
1009985e,10099860,data,"DAT_1009985e",word
10099860,10099862,data,"DAT_10099860",word
10099862,10099864,data,"DAT_10099862",word
10099864,10099866,data,"DAT_10099864",word
10099866,10099868,data,"DAT_10099866",word
10099868,1009986a,data,"DAT_10099868",word
1009986a,1009986c,data,"DAT_1009986a",word
1009986c,1009986e,data,"DAT_1009986c",word
1009986e,10099870,data,"DAT_1009986e",word
10099870,10099872,data,"DAT_10099870",word
10099872,10099874,data,"DAT_10099872",word
10099874,10099876,data,"DAT_10099874",word
10099876,10099878,data,"DAT_10099876",word
10099878,1009987a,data,"DAT_10099878",word
1009987a,1009987c,data,"DAT_1009987a",word
1009987c,1009987e,data,"DAT_1009987c",word
1009987e,10099880,data,"DAT_1009987e",word
10099880,10099882,data,"DAT_10099880",word
10099882,10099884,data,"DAT_10099882",word
10099884,10099886,data,"DAT_10099884",word
10099886,10099888,data,"DAT_10099886",word
10099888,1009988a,data,"DAT_10099888",word
1009988a,1009988c,data,"DAT_1009988a",word
1009988c,1009988e,data,"DAT_1009988c",word
1009988e,10099890,data,"DAT_1009988e",word
10099890,10099892,data,"DAT_10099890",word
10099892,10099894,data,"DAT_10099892",word
10099894,10099896,data,"DAT_10099894",word
10099896,10099898,data,"DAT_10099896",word
10099898,1009989a,data,"DAT_10099898",word
1009989a,1009989c,data,"DAT_1009989a",word
1009989c,1009989e,data,"DAT_1009989c",word
1009989e,100998a0,data,"DAT_1009989e",word
100998a0,100998a2,data,"DAT_100998a0",word
100998a2,100998a4,data,"DAT_100998a2",word
100998a4,100998a6,data,"DAT_100998a4",word
100998a6,100998a8,data,"DAT_100998a6",word
100998a8,100998aa,data,"DAT_100998a8",word
100998aa,100998ac,data,"DAT_100998aa",word
100998ac,100998ae,data,"DAT_100998ac",word
100998ae,100998b0,data,"DAT_100998ae",word
100998b0,100998b2,data,"DAT_100998b0",word
100998b2,100998b4,data,"DAT_100998b2",word
100998b4,100998b6,data,"DAT_100998b4",word
100998b6,100998b8,data,"DAT_100998b6",word
100998b8,100998ba,data,"DAT_100998b8",word
100998ba,100998bc,data,"DAT_100998ba",word
100998bc,100998be,data,"DAT_100998bc",word
100998be,100998c0,data,"DAT_100998be",word
100998c0,100998c2,data,"DAT_100998c0",word
100998c2,100998c4,data,"DAT_100998c2",word
100998c4,100998c6,data,"DAT_100998c4",word
100998c6,100998c8,data,"DAT_100998c6",word
100998c8,100998ca,data,"DAT_100998c8",word
100998ca,100998cc,data,"DAT_100998ca",word
100998cc,100998ce,data,"DAT_100998cc",word
100998ce,100998d0,data,"DAT_100998ce",word
100998d0,100998d2,data,"DAT_100998d0",word
100998d2,100998d4,data,"DAT_100998d2",word
100998d4,100998d6,data,"DAT_100998d4",word
100998d6,100998d8,data,"DAT_100998d6",word
100998d8,100998da,data,"DAT_100998d8",word
100998da,100998dc,data,"DAT_100998da",word
100998dc,100998de,data,"DAT_100998dc",word
100998de,100998e0,data,"DAT_100998de",word
100998e0,100998e2,data,"DAT_100998e0",word
100998e2,100998e4,data,"DAT_100998e2",word
100998e4,100998e6,data,"DAT_100998e4",word
100998e6,100998e8,data,"DAT_100998e6",word
100998e8,100998ea,data,"DAT_100998e8",word
100998ea,100998ec,data,"DAT_100998ea",word
100998ec,100998ee,data,"DAT_100998ec",word
100998ee,100998f0,data,"DAT_100998ee",word
100998f0,100998f2,data,"DAT_100998f0",word
100998f2,100998f4,data,"DAT_100998f2",word
100998f4,100998f6,data,"DAT_100998f4",word
100998f6,100998f8,data,"DAT_100998f6",word
100998f8,100998fa,data,"DAT_100998f8",word
100998fa,100998fc,data,"DAT_100998fa",word
100998fc,100998fe,data,"DAT_100998fc",word
100998fe,10099900,data,"DAT_100998fe",word
10099900,10099902,data,"DAT_10099900",word
10099902,10099904,data,"DAT_10099902",word
10099904,10099906,data,"DAT_10099904",word
10099906,10099908,data,"DAT_10099906",word
10099908,1009990a,data,"DAT_10099908",word
1009990a,1009990c,data,"DAT_1009990a",word
1009990c,1009990e,data,"DAT_1009990c",word
1009990e,10099910,data,"DAT_1009990e",word
10099910,10099912,data,"DAT_10099910",word
10099912,10099914,data,"DAT_10099912",word
10099914,10099916,data,"DAT_10099914",word
10099916,10099918,data,"DAT_10099916",word
10099918,1009991a,data,"DAT_10099918",word
1009991a,1009991c,data,"DAT_1009991a",word
1009991c,1009991e,data,"DAT_1009991c",word
1009991e,10099920,data,"DAT_1009991e",word
10099920,10099922,data,"DAT_10099920",word
10099922,10099924,data,"DAT_10099922",word
10099924,10099926,data,"DAT_10099924",word
10099926,10099928,data,"DAT_10099926",word
10099928,1009992a,data,"DAT_10099928",word
1009992a,1009992c,data,"DAT_1009992a",word
1009992c,1009992e,data,"DAT_1009992c",word
1009992e,10099930,data,"DAT_1009992e",word
10099930,10099932,data,"DAT_10099930",word
10099932,10099934,data,"DAT_10099932",word
10099934,10099936,data,"DAT_10099934",word
10099936,10099938,data,"DAT_10099936",word
10099938,1009993a,data,"DAT_10099938",word
1009993a,1009993c,data,"DAT_1009993a",word
1009993c,1009993e,data,"DAT_1009993c",word
1009993e,10099940,data,"DAT_1009993e",word
10099940,10099942,data,"DAT_10099940",word
10099942,10099944,data,"DAT_10099942",word
10099944,10099946,data,"DAT_10099944",word
10099946,10099948,data,"DAT_10099946",word
10099948,1009994a,data,"DAT_10099948",word
1009994a,1009994c,data,"DAT_1009994a",word
1009994c,1009994e,data,"DAT_1009994c",word
1009994e,10099950,data,"DAT_1009994e",word
10099950,10099952,data,"DAT_10099950",word
10099952,10099954,data,"DAT_10099952",word
10099954,10099956,data,"DAT_10099954",word
10099956,10099958,data,"DAT_10099956",word
10099958,1009995a,data,"DAT_10099958",word
1009995a,1009995c,data,"DAT_1009995a",word
1009995c,1009995e,data,"DAT_1009995c",word
1009995e,10099960,data,"DAT_1009995e",word
10099960,10099962,data,"DAT_10099960",word
10099962,10099964,data,"DAT_10099962",word
10099964,10099966,data,"DAT_10099964",word
10099966,10099968,data,"DAT_10099966",word
10099968,1009996a,data,"DAT_10099968",word
1009996a,1009996c,data,"DAT_1009996a",word
1009996c,1009996e,data,"DAT_1009996c",word
1009996e,10099970,data,"DAT_1009996e",word
10099970,10099972,data,"DAT_10099970",word
10099972,10099974,data,"DAT_10099972",word
10099974,10099976,data,"DAT_10099974",word
10099976,10099978,data,"DAT_10099976",word
10099978,1009997c,data,"DAT_10099978",dword
1009997c,10099980,data,"DAT_1009997c",dword
10099980,10099982,data,"DAT_10099980",word
10099982,10099984,data,"DAT_10099982",word
10099984,10099986,data,"DAT_10099984",word
10099986,10099988,data,"DAT_10099986",word
10099988,1009998a,data,"DAT_10099988",word
1009998a,1009998c,data,"DAT_1009998a",word
1009998c,1009998e,data,"DAT_1009998c",word
1009998e,10099990,data,"DAT_1009998e",word
10099990,10099992,data,"DAT_10099990",word
10099992,10099994,data,"DAT_10099992",word
10099994,10099996,data,"DAT_10099994",word
10099996,10099998,data,"DAT_10099996",word
10099998,1009999a,data,"DAT_10099998",word
1009999a,1009999c,data,"DAT_1009999a",word
1009999c,1009999e,data,"DAT_1009999c",word
1009999e,100999a0,data,"DAT_1009999e",word
100999a0,100999a2,data,"DAT_100999a0",word
100999a2,100999a4,data,"DAT_100999a2",word
100999a4,100999a6,data,"DAT_100999a4",word
100999a6,100999a8,data,"DAT_100999a6",word
100999a8,100999aa,data,"DAT_100999a8",word
100999aa,100999ac,data,"DAT_100999aa",word
100999ac,100999ae,data,"DAT_100999ac",word
100999ae,100999b0,data,"DAT_100999ae",word
100999b0,100999b2,data,"DAT_100999b0",word
100999b2,100999b4,data,"DAT_100999b2",word
100999b4,100999b6,data,"DAT_100999b4",word
100999b6,100999b8,data,"DAT_100999b6",word
100999b8,100999ba,data,"DAT_100999b8",word
100999ba,100999bc,data,"DAT_100999ba",word
100999bc,100999be,data,"DAT_100999bc",word
100999be,100999c0,data,"DAT_100999be",word
100999c0,100999c2,data,"DAT_100999c0",word
100999c2,100999c4,data,"DAT_100999c2",word
100999c4,100999c6,data,"DAT_100999c4",word
100999c6,100999c8,data,"DAT_100999c6",word
100999c8,100999ca,data,"DAT_100999c8",word
100999ca,100999cc,data,"DAT_100999ca",word
100999cc,100999ce,data,"DAT_100999cc",word
100999ce,100999d0,data,"DAT_100999ce",word
100999d0,100999d2,data,"DAT_100999d0",word
100999d2,100999d4,data,"DAT_100999d2",word
100999d4,100999d6,data,"DAT_100999d4",word
100999d6,100999d8,data,"DAT_100999d6",word
100999d8,100999da,data,"DAT_100999d8",word
100999da,100999dc,data,"DAT_100999da",word
100999dc,100999de,data,"DAT_100999dc",word
100999de,100999e0,data,"DAT_100999de",word
100999e0,100999e2,data,"DAT_100999e0",word
100999e2,100999e4,data,"DAT_100999e2",word
100999e4,100999e6,data,"DAT_100999e4",word
100999e6,100999e8,data,"DAT_100999e6",word
100999e8,100999ea,data,"DAT_100999e8",word
100999ea,100999ec,data,"DAT_100999ea",word
100999ec,100999ee,data,"DAT_100999ec",word
100999ee,100999f0,data,"DAT_100999ee",word
100999f0,100999f2,data,"DAT_100999f0",word
100999f2,100999f4,data,"DAT_100999f2",word
100999f4,100999f6,data,"DAT_100999f4",word
100999f6,100999f8,data,"DAT_100999f6",word
100999f8,100999fa,data,"DAT_100999f8",word
100999fa,100999fc,data,"DAT_100999fa",word
100999fc,100999fe,data,"DAT_100999fc",word
100999fe,10099a00,data,"DAT_100999fe",word
10099a00,10099a02,data,"DAT_10099a00",word
10099a02,10099a04,data,"DAT_10099a02",word
10099a04,10099a06,data,"DAT_10099a04",word
10099a06,10099a08,data,"DAT_10099a06",word
10099a08,10099a0a,data,"DAT_10099a08",word
10099a0a,10099a0c,data,"DAT_10099a0a",word
10099a0c,10099a0e,data,"DAT_10099a0c",word
10099a0e,10099a10,data,"DAT_10099a0e",word
10099a10,10099a12,data,"DAT_10099a10",word
10099a12,10099a14,data,"DAT_10099a12",word
10099a14,10099a16,data,"DAT_10099a14",word
10099a16,10099a18,data,"DAT_10099a16",word
10099a18,10099a1a,data,"DAT_10099a18",word
10099a1a,10099a1c,data,"DAT_10099a1a",word
10099a1c,10099a1e,data,"DAT_10099a1c",word
10099a1e,10099a20,data,"DAT_10099a1e",word
10099a20,10099a22,data,"DAT_10099a20",word
10099a22,10099a24,data,"DAT_10099a22",word
10099a24,10099a26,data,"DAT_10099a24",word
10099a26,10099a28,data,"DAT_10099a26",word
10099a28,10099a2a,data,"DAT_10099a28",word
10099a2a,10099a2c,data,"DAT_10099a2a",word
10099a2c,10099a2e,data,"DAT_10099a2c",word
10099a2e,10099a30,data,"DAT_10099a2e",word
10099a30,10099a32,data,"DAT_10099a30",word
10099a32,10099a34,data,"DAT_10099a32",word
10099a34,10099a36,data,"DAT_10099a34",word
10099a36,10099a38,data,"DAT_10099a36",word
10099a38,10099a3a,data,"DAT_10099a38",word
10099a3a,10099a3c,data,"DAT_10099a3a",word
10099a3c,10099a3e,data,"DAT_10099a3c",word
10099a3e,10099a40,data,"DAT_10099a3e",word
10099a40,10099a42,data,"DAT_10099a40",word
10099a42,10099a44,data,"DAT_10099a42",word
10099a44,10099a46,data,"DAT_10099a44",word
10099a46,10099a48,data,"DAT_10099a46",word
10099a48,10099a4a,data,"DAT_10099a48",word
10099a4a,10099a4c,data,"DAT_10099a4a",word
10099a4c,10099a4e,data,"DAT_10099a4c",word
10099a4e,10099a50,data,"DAT_10099a4e",word
10099a50,10099a52,data,"DAT_10099a50",word
10099a52,10099a54,data,"DAT_10099a52",word
10099a54,10099a56,data,"DAT_10099a54",word
10099a56,10099a58,data,"DAT_10099a56",word
10099a58,10099a5a,data,"DAT_10099a58",word
10099a5a,10099a5c,data,"DAT_10099a5a",word
10099a5c,10099a5e,data,"DAT_10099a5c",word
10099a5e,10099a60,data,"DAT_10099a5e",word
10099a60,10099a62,data,"DAT_10099a60",word
10099a62,10099a64,data,"DAT_10099a62",word
10099a64,10099a66,data,"DAT_10099a64",word
10099a66,10099a68,data,"DAT_10099a66",word
10099a68,10099a6a,data,"DAT_10099a68",word
10099a6a,10099a6c,data,"DAT_10099a6a",word
10099a6c,10099a6e,data,"DAT_10099a6c",word
10099a6e,10099a70,data,"DAT_10099a6e",word
10099a70,10099a72,data,"DAT_10099a70",word
10099a72,10099a74,data,"DAT_10099a72",word
10099a74,10099a76,data,"DAT_10099a74",word
10099a76,10099a78,data,"DAT_10099a76",word
10099a78,10099a7a,data,"DAT_10099a78",word
10099a7a,10099a7c,data,"DAT_10099a7a",word
10099a7c,10099a7e,data,"DAT_10099a7c",word
10099a7e,10099a80,data,"DAT_10099a7e",word
10099a80,10099a82,data,"DAT_10099a80",word
10099a82,10099a84,data,"DAT_10099a82",word
10099a84,10099a86,data,"DAT_10099a84",word
10099a86,10099a88,data,"DAT_10099a86",word
10099a88,10099a8a,data,"DAT_10099a88",word
10099a8a,10099a8c,data,"DAT_10099a8a",word
10099a8c,10099a8e,data,"DAT_10099a8c",word
10099a8e,10099a90,data,"DAT_10099a8e",word
10099a90,10099a92,data,"DAT_10099a90",word
10099a92,10099a94,data,"DAT_10099a92",word
10099a94,10099a96,data,"DAT_10099a94",word
10099a96,10099a98,data,"DAT_10099a96",word
10099a98,10099a9a,data,"DAT_10099a98",word
10099a9a,10099a9c,data,"DAT_10099a9a",word
10099a9c,10099a9e,data,"DAT_10099a9c",word
10099a9e,10099aa0,data,"DAT_10099a9e",word
10099aa0,10099aa2,data,"DAT_10099aa0",word
10099aa2,10099aa4,data,"DAT_10099aa2",word
10099aa4,10099aa6,data,"DAT_10099aa4",word
10099aa6,10099aa8,data,"DAT_10099aa6",word
10099aa8,10099aaa,data,"DAT_10099aa8",word
10099aaa,10099aac,data,"DAT_10099aaa",word
10099aac,10099aae,data,"DAT_10099aac",word
10099aae,10099ab0,data,"DAT_10099aae",word
10099ab0,10099ab2,data,"DAT_10099ab0",word
10099ab2,10099ab4,data,"DAT_10099ab2",word
10099ab4,10099ab6,data,"DAT_10099ab4",word
10099ab6,10099ab8,data,"DAT_10099ab6",word
10099ab8,10099aba,data,"DAT_10099ab8",word
10099aba,10099abc,data,"DAT_10099aba",word
10099abc,10099abe,data,"DAT_10099abc",word
10099abe,10099ac0,data,"DAT_10099abe",word
10099ac0,10099ac2,data,"DAT_10099ac0",word
10099ac2,10099ac4,data,"DAT_10099ac2",word
10099ac4,10099ac6,data,"DAT_10099ac4",word
10099ac6,10099ac8,data,"DAT_10099ac6",word
10099ac8,10099aca,data,"DAT_10099ac8",word
10099aca,10099acc,data,"DAT_10099aca",word
10099acc,10099ace,data,"DAT_10099acc",word
10099ace,10099ad0,data,"DAT_10099ace",word
10099ad0,10099ad2,data,"DAT_10099ad0",word
10099ad2,10099ad4,data,"DAT_10099ad2",word
10099ad4,10099ad8,data,"DAT_10099ad4",dword
10099ad8,10099adc,data,"DAT_10099ad8",dword
10099adc,10099ade,data,"DAT_10099adc",word
10099ade,10099ae0,data,"DAT_10099ade",word
10099ae0,10099ae2,data,"DAT_10099ae0",word
10099ae2,10099ae4,data,"DAT_10099ae2",word
10099ae4,10099ae6,data,"DAT_10099ae4",word
10099ae6,10099ae8,data,"DAT_10099ae6",word
10099ae8,10099aea,data,"DAT_10099ae8",word
10099aea,10099aec,data,"DAT_10099aea",word
10099aec,10099aee,data,"DAT_10099aec",word
10099aee,10099af0,data,"DAT_10099aee",word
10099af0,10099af2,data,"DAT_10099af0",word
10099af2,10099af4,data,"DAT_10099af2",word
10099af4,10099af6,data,"DAT_10099af4",word
10099af6,10099af8,data,"DAT_10099af6",word
10099af8,10099afa,data,"DAT_10099af8",word
10099afa,10099afc,data,"DAT_10099afa",word
10099afc,10099afe,data,"DAT_10099afc",word
10099afe,10099b00,data,"DAT_10099afe",word
10099b00,10099b02,data,"DAT_10099b00",word
10099b02,10099b04,data,"DAT_10099b02",word
10099b04,10099b06,data,"DAT_10099b04",word
10099b06,10099b08,data,"DAT_10099b06",word
10099b08,10099b0a,data,"DAT_10099b08",word
10099b0a,10099b0c,data,"DAT_10099b0a",word
10099b0c,10099b0e,data,"DAT_10099b0c",word
10099b0e,10099b10,data,"DAT_10099b0e",word
10099b10,10099b12,data,"DAT_10099b10",word
10099b12,10099b14,data,"DAT_10099b12",word
10099b14,10099b18,data,"DAT_10099b14",dword
10099b18,10099b1c,data,"DAT_10099b18",dword
10099b1c,10099b1e,data,"DAT_10099b1c",word
10099b1e,10099b20,data,"DAT_10099b1e",word
10099b20,10099b22,data,"DAT_10099b20",word
10099b22,10099b24,data,"DAT_10099b22",word
10099b24,10099b26,data,"DAT_10099b24",word
10099b26,10099b28,data,"DAT_10099b26",word
10099b28,10099b2a,data,"DAT_10099b28",word
10099b2a,10099b2c,data,"DAT_10099b2a",word
10099b2c,10099b2e,data,"DAT_10099b2c",word
10099b2e,10099b30,data,"DAT_10099b2e",word
10099b30,10099b32,data,"DAT_10099b30",word
10099b32,10099b34,data,"DAT_10099b32",word
10099b34,10099b36,data,"DAT_10099b34",word
10099b36,10099b38,data,"DAT_10099b36",word
10099b38,10099b3a,data,"DAT_10099b38",word
10099b3a,10099b3c,data,"DAT_10099b3a",word
10099b3c,10099b3e,data,"DAT_10099b3c",word
10099b3e,10099b40,data,"DAT_10099b3e",word
10099b40,10099b42,data,"DAT_10099b40",word
10099b42,10099b44,data,"DAT_10099b42",word
10099b44,10099b46,data,"DAT_10099b44",word
10099b46,10099b48,data,"DAT_10099b46",word
10099b48,10099b4a,data,"DAT_10099b48",word
10099b4a,10099b4c,data,"DAT_10099b4a",word
10099b4c,10099b4e,data,"DAT_10099b4c",word
10099b4e,10099b50,data,"DAT_10099b4e",word
10099b50,10099b52,data,"DAT_10099b50",word
10099b52,10099b54,data,"DAT_10099b52",word
10099b54,10099b56,data,"DAT_10099b54",word
10099b56,10099b58,data,"DAT_10099b56",word
10099b58,10099b5a,data,"DAT_10099b58",word
10099b5a,10099b5c,data,"DAT_10099b5a",word
10099b5c,10099b5e,data,"DAT_10099b5c",word
10099b5e,10099b60,data,"DAT_10099b5e",word
10099b60,10099b62,data,"DAT_10099b60",word
10099b62,10099b64,data,"DAT_10099b62",word
10099b64,10099b66,data,"DAT_10099b64",word
10099b66,10099b68,data,"DAT_10099b66",word
10099b68,10099b6a,data,"DAT_10099b68",word
10099b6a,10099b6c,data,"DAT_10099b6a",word
10099b6c,10099b6e,data,"DAT_10099b6c",word
10099b6e,10099b70,data,"DAT_10099b6e",word
10099b70,10099b72,data,"DAT_10099b70",word
10099b72,10099b74,data,"DAT_10099b72",word
10099b74,10099b76,data,"DAT_10099b74",word
10099b76,10099b78,data,"DAT_10099b76",word
10099b78,10099b7a,data,"DAT_10099b78",word
10099b7a,10099b7c,data,"DAT_10099b7a",word
10099b7c,10099b7e,data,"DAT_10099b7c",word
10099b7e,10099b80,data,"DAT_10099b7e",word
10099b80,10099b82,data,"DAT_10099b80",word
10099b82,10099b84,data,"DAT_10099b82",word
10099b84,10099b86,data,"DAT_10099b84",word
10099b86,10099b88,data,"DAT_10099b86",word
10099b88,10099b8a,data,"DAT_10099b88",word
10099b8a,10099b8c,data,"DAT_10099b8a",word
10099b8c,10099b8e,data,"DAT_10099b8c",word
10099b8e,10099b90,data,"DAT_10099b8e",word
10099b90,10099b92,data,"DAT_10099b90",word
10099b92,10099b94,data,"DAT_10099b92",word
10099b94,10099b96,data,"DAT_10099b94",word
10099b96,10099b98,data,"DAT_10099b96",word
10099b98,10099b9a,data,"DAT_10099b98",word
10099b9a,10099b9c,data,"DAT_10099b9a",word
10099b9c,10099b9e,data,"DAT_10099b9c",word
10099b9e,10099ba0,data,"DAT_10099b9e",word
10099ba0,10099ba2,data,"DAT_10099ba0",word
10099ba2,10099ba4,data,"DAT_10099ba2",word
10099ba4,10099ba6,data,"DAT_10099ba4",word
10099ba6,10099ba8,data,"DAT_10099ba6",word
10099ba8,10099baa,data,"DAT_10099ba8",word
10099baa,10099bac,data,"DAT_10099baa",word
10099bac,10099bae,data,"DAT_10099bac",word
10099bae,10099bb0,data,"DAT_10099bae",word
10099bb0,10099bb2,data,"DAT_10099bb0",word
10099bb2,10099bb4,data,"DAT_10099bb2",word
10099bb4,10099bb6,data,"DAT_10099bb4",word
10099bb6,10099bb8,data,"DAT_10099bb6",word
10099bb8,10099bba,data,"DAT_10099bb8",word
10099bba,10099bbc,data,"DAT_10099bba",word
10099bbc,10099bbe,data,"DAT_10099bbc",word
10099bbe,10099bc0,data,"DAT_10099bbe",word
10099bc0,10099bc2,data,"DAT_10099bc0",word
10099bc2,10099bc4,data,"DAT_10099bc2",word
10099bc4,10099bc6,data,"DAT_10099bc4",word
10099bc6,10099bc8,data,"DAT_10099bc6",word
10099bc8,10099bca,data,"DAT_10099bc8",word
10099bca,10099bcc,data,"DAT_10099bca",word
10099bcc,10099bce,data,"DAT_10099bcc",word
10099bce,10099bd0,data,"DAT_10099bce",word
10099bd0,10099bd2,data,"DAT_10099bd0",word
10099bd2,10099bd4,data,"DAT_10099bd2",word
10099bd4,10099bd6,data,"DAT_10099bd4",word
10099bd6,10099bd8,data,"DAT_10099bd6",word
10099bd8,10099bda,data,"DAT_10099bd8",word
10099bda,10099bdc,data,"DAT_10099bda",word
10099bdc,10099bde,data,"DAT_10099bdc",word
10099bde,10099be0,data,"DAT_10099bde",word
10099be0,10099be2,data,"DAT_10099be0",word
10099be2,10099be4,data,"DAT_10099be2",word
10099be4,10099be6,data,"DAT_10099be4",word
10099be6,10099be8,data,"DAT_10099be6",word
10099be8,10099bea,data,"DAT_10099be8",word
10099bea,10099bec,data,"DAT_10099bea",word
10099bec,10099bee,data,"DAT_10099bec",word
10099bee,10099bf0,data,"DAT_10099bee",word
10099bf0,10099bf2,data,"DAT_10099bf0",word
10099bf2,10099bf4,data,"DAT_10099bf2",word
10099bf4,10099bf6,data,"DAT_10099bf4",word
10099bf6,10099bf8,data,"DAT_10099bf6",word
10099bf8,10099bfa,data,"DAT_10099bf8",word
10099bfa,10099bfc,data,"DAT_10099bfa",word
10099bfc,10099bfe,data,"DAT_10099bfc",word
10099bfe,10099c00,data,"DAT_10099bfe",word
10099c00,10099c02,data,"DAT_10099c00",word
10099c02,10099c04,data,"DAT_10099c02",word
10099c04,10099c06,data,"DAT_10099c04",word
10099c06,10099c08,data,"DAT_10099c06",word
10099c08,10099c0a,data,"DAT_10099c08",word
10099c0a,10099c0c,data,"DAT_10099c0a",word
10099c0c,10099c0e,data,"DAT_10099c0c",word
10099c0e,10099c10,data,"DAT_10099c0e",word
10099c10,10099c12,data,"DAT_10099c10",word
10099c12,10099c14,data,"DAT_10099c12",word
10099c14,10099c16,data,"DAT_10099c14",word
10099c16,10099c18,data,"DAT_10099c16",word
10099c18,10099c1a,data,"DAT_10099c18",word
10099c1a,10099c1c,data,"DAT_10099c1a",word
10099c1c,10099c1e,data,"DAT_10099c1c",word
10099c1e,10099c20,data,"DAT_10099c1e",word
10099c20,10099c22,data,"DAT_10099c20",word
10099c22,10099c24,data,"DAT_10099c22",word
10099c24,10099c26,data,"DAT_10099c24",word
10099c26,10099c28,data,"DAT_10099c26",word
10099c28,10099c2a,data,"DAT_10099c28",word
10099c2a,10099c2c,data,"DAT_10099c2a",word
10099c2c,10099c2e,data,"DAT_10099c2c",word
10099c2e,10099c30,data,"DAT_10099c2e",word
10099c30,10099c32,data,"DAT_10099c30",word
10099c32,10099c34,data,"DAT_10099c32",word
10099c34,10099c36,data,"DAT_10099c34",word
10099c36,10099c38,data,"DAT_10099c36",word
10099c38,10099c3a,data,"DAT_10099c38",word
10099c3a,10099c3c,data,"DAT_10099c3a",word
10099c3c,10099c3e,data,"DAT_10099c3c",word
10099c3e,10099c40,data,"DAT_10099c3e",word
10099c40,10099c42,data,"DAT_10099c40",word
10099c42,10099c44,data,"DAT_10099c42",word
10099c44,10099c46,data,"DAT_10099c44",word
10099c46,10099c48,data,"DAT_10099c46",word
10099c48,10099c4a,data,"DAT_10099c48",word
10099c4a,10099c4c,data,"DAT_10099c4a",word
10099c4c,10099c4e,data,"DAT_10099c4c",word
10099c4e,10099c50,data,"DAT_10099c4e",word
10099c50,10099c52,data,"DAT_10099c50",word
10099c52,10099c54,data,"DAT_10099c52",word
10099c54,10099c56,data,"DAT_10099c54",word
10099c56,10099c58,data,"DAT_10099c56",word
10099c58,10099c5a,data,"DAT_10099c58",word
10099c5a,10099c5c,data,"DAT_10099c5a",word
10099c5c,10099c5e,data,"DAT_10099c5c",word
10099c5e,10099c60,data,"DAT_10099c5e",word
10099c60,10099c62,data,"DAT_10099c60",word
10099c62,10099c64,data,"DAT_10099c62",word
10099c64,10099c66,data,"DAT_10099c64",word
10099c66,10099c68,data,"DAT_10099c66",word
10099c68,10099c6a,data,"DAT_10099c68",word
10099c6a,10099c6c,data,"DAT_10099c6a",word
10099c6c,10099c6e,data,"DAT_10099c6c",word
10099c6e,10099c70,data,"DAT_10099c6e",word
10099c70,10099c72,data,"DAT_10099c70",word
10099c72,10099c74,data,"DAT_10099c72",word
10099c74,10099c76,data,"DAT_10099c74",word
10099c76,10099c78,data,"DAT_10099c76",word
10099c78,10099c7a,data,"DAT_10099c78",word
10099c7a,10099c7c,data,"DAT_10099c7a",word
10099c7c,10099c7e,data,"DAT_10099c7c",word
10099c7e,10099c80,data,"DAT_10099c7e",word
10099c80,10099c82,data,"DAT_10099c80",word
10099c82,10099c84,data,"DAT_10099c82",word
10099c84,10099c86,data,"DAT_10099c84",word
10099c86,10099c88,data,"DAT_10099c86",word
10099c88,10099c8a,data,"DAT_10099c88",word
10099c8a,10099c8c,data,"DAT_10099c8a",word
10099c8c,10099c8e,data,"DAT_10099c8c",word
10099c8e,10099c90,data,"DAT_10099c8e",word
10099c90,10099c92,data,"DAT_10099c90",word
10099c92,10099c94,data,"DAT_10099c92",word
10099c94,10099c96,data,"DAT_10099c94",word
10099c96,10099c98,data,"DAT_10099c96",word
10099c98,10099c9c,data,"DAT_10099c98",dword
10099c9c,10099ca0,data,"DAT_10099c9c",dword
10099ca0,10099ca2,data,"DAT_10099ca0",word
10099ca2,10099ca4,data,"DAT_10099ca2",word
10099ca4,10099ca6,data,"DAT_10099ca4",word
10099ca6,10099ca8,data,"DAT_10099ca6",word
10099ca8,10099caa,data,"DAT_10099ca8",word
10099caa,10099cac,data,"DAT_10099caa",word
10099cac,10099cae,data,"DAT_10099cac",word
10099cae,10099cb0,data,"DAT_10099cae",word
10099cb0,10099cb2,data,"DAT_10099cb0",word
10099cb2,10099cb4,data,"DAT_10099cb2",word
10099cb4,10099cb6,data,"DAT_10099cb4",word
10099cb6,10099cb8,data,"DAT_10099cb6",word
10099cb8,10099cba,data,"DAT_10099cb8",word
10099cba,10099cbc,data,"DAT_10099cba",word
10099cbc,10099cbe,data,"DAT_10099cbc",word
10099cbe,10099cc0,data,"DAT_10099cbe",word
10099cc0,10099cc2,data,"DAT_10099cc0",word
10099cc2,10099cc4,data,"DAT_10099cc2",word
10099cc4,10099cc6,data,"DAT_10099cc4",word
10099cc6,10099cc8,data,"DAT_10099cc6",word
10099cc8,10099cca,data,"DAT_10099cc8",word
10099cca,10099ccc,data,"DAT_10099cca",word
10099ccc,10099cce,data,"DAT_10099ccc",word
10099cce,10099cd0,data,"DAT_10099cce",word
10099cd0,10099cd2,data,"DAT_10099cd0",word
10099cd2,10099cd4,data,"DAT_10099cd2",word
10099cd4,10099cd6,data,"DAT_10099cd4",word
10099cd6,10099cd8,data,"DAT_10099cd6",word
10099cd8,10099cda,data,"DAT_10099cd8",word
10099cda,10099cdc,data,"DAT_10099cda",word
10099cdc,10099cde,data,"DAT_10099cdc",word
10099cde,10099ce0,data,"DAT_10099cde",word
10099ce0,10099ce2,data,"DAT_10099ce0",word
10099ce2,10099ce4,data,"DAT_10099ce2",word
10099ce4,10099ce6,data,"DAT_10099ce4",word
10099ce6,10099ce8,data,"DAT_10099ce6",word
10099ce8,10099cea,data,"DAT_10099ce8",word
10099cea,10099cec,data,"DAT_10099cea",word
10099cec,10099cee,data,"DAT_10099cec",word
10099cee,10099cf0,data,"DAT_10099cee",word
10099cf0,10099cf2,data,"DAT_10099cf0",word
10099cf2,10099cf4,data,"DAT_10099cf2",word
10099cf4,10099cf6,data,"DAT_10099cf4",word
10099cf6,10099cf8,data,"DAT_10099cf6",word
10099cf8,10099cfa,data,"DAT_10099cf8",word
10099cfa,10099cfc,data,"DAT_10099cfa",word
10099cfc,10099cfe,data,"DAT_10099cfc",word
10099cfe,10099d00,data,"DAT_10099cfe",word
10099d00,10099d02,data,"DAT_10099d00",word
10099d02,10099d04,data,"DAT_10099d02",word
10099d04,10099d06,data,"DAT_10099d04",word
10099d06,10099d08,data,"DAT_10099d06",word
10099d08,10099d0a,data,"DAT_10099d08",word
10099d0a,10099d0c,data,"DAT_10099d0a",word
10099d0c,10099d0e,data,"DAT_10099d0c",word
10099d0e,10099d10,data,"DAT_10099d0e",word
10099d10,10099d12,data,"DAT_10099d10",word
10099d12,10099d14,data,"DAT_10099d12",word
10099d14,10099d16,data,"DAT_10099d14",word
10099d16,10099d18,data,"DAT_10099d16",word
10099d18,10099d1a,data,"DAT_10099d18",word
10099d1a,10099d1c,data,"DAT_10099d1a",word
10099d1c,10099d1e,data,"DAT_10099d1c",word
10099d1e,10099d20,data,"DAT_10099d1e",word
10099d20,10099d22,data,"DAT_10099d20",word
10099d22,10099d24,data,"DAT_10099d22",word
10099d24,10099d26,data,"DAT_10099d24",word
10099d26,10099d28,data,"DAT_10099d26",word
10099d28,10099d2a,data,"DAT_10099d28",word
10099d2a,10099d2c,data,"DAT_10099d2a",word
10099d2c,10099d2e,data,"DAT_10099d2c",word
10099d2e,10099d30,data,"DAT_10099d2e",word
10099d30,10099d32,data,"DAT_10099d30",word
10099d32,10099d34,data,"DAT_10099d32",word
10099d34,10099d36,data,"DAT_10099d34",word
10099d36,10099d38,data,"DAT_10099d36",word
10099d38,10099d3a,data,"DAT_10099d38",word
10099d3a,10099d3c,data,"DAT_10099d3a",word
10099d3c,10099d3e,data,"DAT_10099d3c",word
10099d3e,10099d40,data,"DAT_10099d3e",word
10099d40,10099d42,data,"DAT_10099d40",word
10099d42,10099d44,data,"DAT_10099d42",word
10099d44,10099d46,data,"DAT_10099d44",word
10099d46,10099d48,data,"DAT_10099d46",word
10099d48,10099d4a,data,"DAT_10099d48",word
10099d4a,10099d4c,data,"DAT_10099d4a",word
10099d4c,10099d4e,data,"DAT_10099d4c",word
10099d4e,10099d50,data,"DAT_10099d4e",word
10099d50,10099d52,data,"DAT_10099d50",word
10099d52,10099d54,data,"DAT_10099d52",word
10099d54,10099d56,data,"DAT_10099d54",word
10099d56,10099d58,data,"DAT_10099d56",word
10099d58,10099d5a,data,"DAT_10099d58",word
10099d5a,10099d5c,data,"DAT_10099d5a",word
10099d5c,10099d5e,data,"DAT_10099d5c",word
10099d5e,10099d60,data,"DAT_10099d5e",word
10099d60,10099d62,data,"DAT_10099d60",word
10099d62,10099d64,data,"DAT_10099d62",word
10099d64,10099d66,data,"DAT_10099d64",word
10099d66,10099d68,data,"DAT_10099d66",word
10099d68,10099d6a,data,"DAT_10099d68",word
10099d6a,10099d6c,data,"DAT_10099d6a",word
10099d6c,10099d6e,data,"DAT_10099d6c",word
10099d6e,10099d70,data,"DAT_10099d6e",word
10099d70,10099d72,data,"DAT_10099d70",word
10099d72,10099d74,data,"DAT_10099d72",word
10099d74,10099d76,data,"DAT_10099d74",word
10099d76,10099d78,data,"DAT_10099d76",word
10099d78,10099d7a,data,"DAT_10099d78",word
10099d7a,10099d7c,data,"DAT_10099d7a",word
10099d7c,10099d7e,data,"DAT_10099d7c",word
10099d7e,10099d80,data,"DAT_10099d7e",word
10099d80,10099d82,data,"DAT_10099d80",word
10099d82,10099d84,data,"DAT_10099d82",word
10099d84,10099d86,data,"DAT_10099d84",word
10099d86,10099d88,data,"DAT_10099d86",word
10099d88,10099d8a,data,"DAT_10099d88",word
10099d8a,10099d8c,data,"DAT_10099d8a",word
10099d8c,10099d8e,data,"DAT_10099d8c",word
10099d8e,10099d90,data,"DAT_10099d8e",word
10099d90,10099d92,data,"DAT_10099d90",word
10099d92,10099d94,data,"DAT_10099d92",word
10099d94,10099d96,data,"DAT_10099d94",word
10099d96,10099d98,data,"DAT_10099d96",word
10099d98,10099d9a,data,"DAT_10099d98",word
10099d9a,10099d9c,data,"DAT_10099d9a",word
10099d9c,10099d9e,data,"DAT_10099d9c",word
10099d9e,10099da0,data,"DAT_10099d9e",word
10099da0,10099da2,data,"DAT_10099da0",word
10099da2,10099da4,data,"DAT_10099da2",word
10099da4,10099da6,data,"DAT_10099da4",word
10099da6,10099da8,data,"DAT_10099da6",word
10099da8,10099daa,data,"DAT_10099da8",word
10099daa,10099dac,data,"DAT_10099daa",word
10099dac,10099dae,data,"DAT_10099dac",word
10099dae,10099db0,data,"DAT_10099dae",word
10099db0,10099db2,data,"DAT_10099db0",word
10099db2,10099db4,data,"DAT_10099db2",word
10099db4,10099db6,data,"DAT_10099db4",word
10099db6,10099db8,data,"DAT_10099db6",word
10099db8,10099dba,data,"DAT_10099db8",word
10099dba,10099dbc,data,"DAT_10099dba",word
10099dbc,10099dbe,data,"DAT_10099dbc",word
10099dbe,10099dc0,data,"DAT_10099dbe",word
10099dc0,10099dc2,data,"DAT_10099dc0",word
10099dc2,10099dc4,data,"DAT_10099dc2",word
10099dc4,10099dc6,data,"DAT_10099dc4",word
10099dc6,10099dc8,data,"DAT_10099dc6",word
10099dc8,10099dca,data,"DAT_10099dc8",word
10099dca,10099dcc,data,"DAT_10099dca",word
10099dcc,10099dce,data,"DAT_10099dcc",word
10099dce,10099dd0,data,"DAT_10099dce",word
10099dd0,10099dd2,data,"DAT_10099dd0",word
10099dd2,10099dd4,data,"DAT_10099dd2",word
10099dd4,10099dd6,data,"DAT_10099dd4",word
10099dd6,10099dd8,data,"DAT_10099dd6",word
10099dd8,10099dda,data,"DAT_10099dd8",word
10099dda,10099ddc,data,"DAT_10099dda",word
10099ddc,10099dde,data,"DAT_10099ddc",word
10099dde,10099de0,data,"DAT_10099dde",word
10099de0,10099de2,data,"DAT_10099de0",word
10099de2,10099de4,data,"DAT_10099de2",word
10099de4,10099de6,data,"DAT_10099de4",word
10099de6,10099de8,data,"DAT_10099de6",word
10099de8,10099dea,data,"DAT_10099de8",word
10099dea,10099dec,data,"DAT_10099dea",word
10099dec,10099dee,data,"DAT_10099dec",word
10099dee,10099df0,data,"DAT_10099dee",word
10099df0,10099df2,data,"DAT_10099df0",word
10099df2,10099df4,data,"DAT_10099df2",word
10099df4,10099df6,data,"DAT_10099df4",word
10099df6,10099df8,data,"DAT_10099df6",word
10099df8,10099dfa,data,"DAT_10099df8",word
10099dfa,10099dfc,data,"DAT_10099dfa",word
10099dfc,10099dfe,data,"DAT_10099dfc",word
10099dfe,10099e00,data,"DAT_10099dfe",word
10099e00,10099e02,data,"DAT_10099e00",word
10099e02,10099e04,data,"DAT_10099e02",word
10099e04,10099e06,data,"DAT_10099e04",word
10099e06,10099e08,data,"DAT_10099e06",word
10099e08,10099e0a,data,"DAT_10099e08",word
10099e0a,10099e0c,data,"DAT_10099e0a",word
10099e0c,10099e0e,data,"DAT_10099e0c",word
10099e0e,10099e10,data,"DAT_10099e0e",word
10099e10,10099e12,data,"DAT_10099e10",word
10099e12,10099e14,data,"DAT_10099e12",word
10099e14,10099e16,data,"DAT_10099e14",word
10099e16,10099e18,data,"DAT_10099e16",word
10099e18,10099e1a,data,"DAT_10099e18",word
10099e1a,10099e1c,data,"DAT_10099e1a",word
10099e1c,10099e1e,data,"DAT_10099e1c",word
10099e1e,10099e20,data,"DAT_10099e1e",word
10099e20,10099e22,data,"DAT_10099e20",word
10099e22,10099e24,data,"DAT_10099e22",word
10099e24,10099e26,data,"DAT_10099e24",word
10099e26,10099e28,data,"DAT_10099e26",word
10099e28,10099e2a,data,"DAT_10099e28",word
10099e2a,10099e2c,data,"DAT_10099e2a",word
10099e2c,10099e2e,data,"DAT_10099e2c",word
10099e2e,10099e30,data,"DAT_10099e2e",word
10099e30,10099e34,data,"DAT_10099e30",dword
10099e34,10099e38,data,"DAT_10099e34",dword
10099e38,10099e3a,data,"DAT_10099e38",word
10099e3a,10099e3c,data,"DAT_10099e3a",word
10099e3c,10099e3e,data,"DAT_10099e3c",word
10099e3e,10099e40,data,"DAT_10099e3e",word
10099e40,10099e42,data,"DAT_10099e40",word
10099e42,10099e44,data,"DAT_10099e42",word
10099e44,10099e46,data,"DAT_10099e44",word
10099e46,10099e48,data,"DAT_10099e46",word
10099e48,10099e4a,data,"DAT_10099e48",word
10099e4a,10099e4c,data,"DAT_10099e4a",word
10099e4c,10099e4e,data,"DAT_10099e4c",word
10099e4e,10099e50,data,"DAT_10099e4e",word
10099e50,10099e52,data,"DAT_10099e50",word
10099e52,10099e54,data,"DAT_10099e52",word
10099e54,10099e56,data,"DAT_10099e54",word
10099e56,10099e58,data,"DAT_10099e56",word
10099e58,10099e5a,data,"DAT_10099e58",word
10099e5a,10099e5c,data,"DAT_10099e5a",word
10099e5c,10099e5e,data,"DAT_10099e5c",word
10099e5e,10099e60,data,"DAT_10099e5e",word
10099e60,10099e62,data,"DAT_10099e60",word
10099e62,10099e64,data,"DAT_10099e62",word
10099e64,10099e66,data,"DAT_10099e64",word
10099e66,10099e68,data,"DAT_10099e66",word
10099e68,10099e6a,data,"DAT_10099e68",word
10099e6a,10099e6c,data,"DAT_10099e6a",word
10099e6c,10099e6e,data,"DAT_10099e6c",word
10099e6e,10099e70,data,"DAT_10099e6e",word
10099e70,10099e72,data,"DAT_10099e70",word
10099e72,10099e74,data,"DAT_10099e72",word
10099e74,10099e76,data,"DAT_10099e74",word
10099e76,10099e78,data,"DAT_10099e76",word
10099e78,10099e7a,data,"DAT_10099e78",word
10099e7a,10099e7c,data,"DAT_10099e7a",word
10099e7c,10099e7e,data,"DAT_10099e7c",word
10099e7e,10099e80,data,"DAT_10099e7e",word
10099e80,10099e82,data,"DAT_10099e80",word
10099e82,10099e84,data,"DAT_10099e82",word
10099e84,10099e86,data,"DAT_10099e84",word
10099e86,10099e88,data,"DAT_10099e86",word
10099e88,10099e8a,data,"DAT_10099e88",word
10099e8a,10099e8c,data,"DAT_10099e8a",word
10099e8c,10099e8e,data,"DAT_10099e8c",word
10099e8e,10099e90,data,"DAT_10099e8e",word
10099e90,10099e92,data,"DAT_10099e90",word
10099e92,10099e94,data,"DAT_10099e92",word
10099e94,10099e96,data,"DAT_10099e94",word
10099e96,10099e98,data,"DAT_10099e96",word
10099e98,10099e9a,data,"DAT_10099e98",word
10099e9a,10099e9c,data,"DAT_10099e9a",word
10099e9c,10099e9e,data,"DAT_10099e9c",word
10099e9e,10099ea0,data,"DAT_10099e9e",word
10099ea0,10099ea2,data,"DAT_10099ea0",word
10099ea2,10099ea4,data,"DAT_10099ea2",word
10099ea4,10099ea6,data,"DAT_10099ea4",word
10099ea6,10099ea8,data,"DAT_10099ea6",word
10099ea8,10099eaa,data,"DAT_10099ea8",word
10099eaa,10099eac,data,"DAT_10099eaa",word
10099eac,10099eae,data,"DAT_10099eac",word
10099eae,10099eb0,data,"DAT_10099eae",word
10099eb0,10099eb2,data,"DAT_10099eb0",word
10099eb2,10099eb4,data,"DAT_10099eb2",word
10099eb4,10099eb6,data,"DAT_10099eb4",word
10099eb6,10099eb8,data,"DAT_10099eb6",word
10099eb8,10099eba,data,"DAT_10099eb8",word
10099eba,10099ebc,data,"DAT_10099eba",word
10099ebc,10099ebe,data,"DAT_10099ebc",word
10099ebe,10099ec0,data,"DAT_10099ebe",word
10099ec0,10099ec2,data,"DAT_10099ec0",word
10099ec2,10099ec4,data,"DAT_10099ec2",word
10099ec4,10099ec6,data,"DAT_10099ec4",word
10099ec6,10099ec8,data,"DAT_10099ec6",word
10099ec8,10099eca,data,"DAT_10099ec8",word
10099eca,10099ecc,data,"DAT_10099eca",word
10099ecc,10099ece,data,"DAT_10099ecc",word
10099ece,10099ed0,data,"DAT_10099ece",word
10099ed0,10099ed2,data,"DAT_10099ed0",word
10099ed2,10099ed4,data,"DAT_10099ed2",word
10099ed4,10099ed6,data,"DAT_10099ed4",word
10099ed6,10099ed8,data,"DAT_10099ed6",word
10099ed8,10099eda,data,"DAT_10099ed8",word
10099eda,10099edc,data,"DAT_10099eda",word
10099edc,10099ede,data,"DAT_10099edc",word
10099ede,10099ee0,data,"DAT_10099ede",word
10099ee0,10099ee2,data,"DAT_10099ee0",word
10099ee2,10099ee4,data,"DAT_10099ee2",word
10099ee4,10099ee6,data,"DAT_10099ee4",word
10099ee6,10099ee8,data,"DAT_10099ee6",word
10099ee8,10099eea,data,"DAT_10099ee8",word
10099eea,10099eec,data,"DAT_10099eea",word
10099eec,10099eee,data,"DAT_10099eec",word
10099eee,10099ef0,data,"DAT_10099eee",word
10099ef0,10099ef2,data,"DAT_10099ef0",word
10099ef2,10099ef4,data,"DAT_10099ef2",word
10099ef4,10099ef6,data,"DAT_10099ef4",word
10099ef6,10099ef8,data,"DAT_10099ef6",word
10099ef8,10099efa,data,"DAT_10099ef8",word
10099efa,10099efc,data,"DAT_10099efa",word
10099efc,10099efe,data,"DAT_10099efc",word
10099efe,10099f00,data,"DAT_10099efe",word
10099f00,10099f02,data,"DAT_10099f00",word
10099f02,10099f04,data,"DAT_10099f02",word
10099f04,10099f06,data,"DAT_10099f04",word
10099f06,10099f08,data,"DAT_10099f06",word
10099f08,10099f0a,data,"DAT_10099f08",word
10099f0a,10099f0c,data,"DAT_10099f0a",word
10099f0c,10099f0e,data,"DAT_10099f0c",word
10099f0e,10099f10,data,"DAT_10099f0e",word
10099f10,10099f12,data,"DAT_10099f10",word
10099f12,10099f14,data,"DAT_10099f12",word
10099f14,10099f16,data,"DAT_10099f14",word
10099f16,10099f18,data,"DAT_10099f16",word
10099f18,10099f1a,data,"DAT_10099f18",word
10099f1a,10099f1c,data,"DAT_10099f1a",word
10099f1c,10099f1e,data,"DAT_10099f1c",word
10099f1e,10099f20,data,"DAT_10099f1e",word
10099f20,10099f22,data,"DAT_10099f20",word
10099f22,10099f24,data,"DAT_10099f22",word
10099f24,10099f26,data,"DAT_10099f24",word
10099f26,10099f28,data,"DAT_10099f26",word
10099f28,10099f2a,data,"DAT_10099f28",word
10099f2a,10099f2c,data,"DAT_10099f2a",word
10099f2c,10099f2e,data,"DAT_10099f2c",word
10099f2e,10099f30,data,"DAT_10099f2e",word
10099f30,10099f32,data,"DAT_10099f30",word
10099f32,10099f34,data,"DAT_10099f32",word
10099f34,10099f36,data,"DAT_10099f34",word
10099f36,10099f38,data,"DAT_10099f36",word
10099f38,10099f3a,data,"DAT_10099f38",word
10099f3a,10099f3c,data,"DAT_10099f3a",word
10099f3c,10099f3e,data,"DAT_10099f3c",word
10099f3e,10099f40,data,"DAT_10099f3e",word
10099f40,10099f42,data,"DAT_10099f40",word
10099f42,10099f44,data,"DAT_10099f42",word
10099f44,10099f46,data,"DAT_10099f44",word
10099f46,10099f48,data,"DAT_10099f46",word
10099f48,10099f4a,data,"DAT_10099f48",word
10099f4a,10099f4c,data,"DAT_10099f4a",word
10099f4c,10099f4e,data,"DAT_10099f4c",word
10099f4e,10099f50,data,"DAT_10099f4e",word
10099f50,10099f52,data,"DAT_10099f50",word
10099f52,10099f54,data,"DAT_10099f52",word
10099f54,10099f56,data,"DAT_10099f54",word
10099f56,10099f58,data,"DAT_10099f56",word
10099f58,10099f5a,data,"DAT_10099f58",word
10099f5a,10099f5c,data,"DAT_10099f5a",word
10099f5c,10099f5e,data,"DAT_10099f5c",word
10099f5e,10099f60,data,"DAT_10099f5e",word
10099f60,10099f62,data,"DAT_10099f60",word
10099f62,10099f64,data,"DAT_10099f62",word
10099f64,10099f66,data,"DAT_10099f64",word
10099f66,10099f68,data,"DAT_10099f66",word
10099f68,10099f6a,data,"DAT_10099f68",word
10099f6a,10099f6c,data,"DAT_10099f6a",word
10099f6c,10099f6e,data,"DAT_10099f6c",word
10099f6e,10099f70,data,"DAT_10099f6e",word
10099f70,10099f72,data,"DAT_10099f70",word
10099f72,10099f74,data,"DAT_10099f72",word
10099f74,10099f76,data,"DAT_10099f74",word
10099f76,10099f78,data,"DAT_10099f76",word
10099f78,10099f7a,data,"DAT_10099f78",word
10099f7a,10099f7c,data,"DAT_10099f7a",word
10099f7c,10099f7e,data,"DAT_10099f7c",word
10099f7e,10099f80,data,"DAT_10099f7e",word
10099f80,10099f82,data,"DAT_10099f80",word
10099f82,10099f84,data,"DAT_10099f82",word
10099f84,10099f86,data,"DAT_10099f84",word
10099f86,10099f88,data,"DAT_10099f86",word
10099f88,10099f8a,data,"DAT_10099f88",word
10099f8a,10099f8c,data,"DAT_10099f8a",word
10099f8c,10099f8e,data,"DAT_10099f8c",word
10099f8e,10099f90,data,"DAT_10099f8e",word
10099f90,10099f92,data,"DAT_10099f90",word
10099f92,10099f94,data,"DAT_10099f92",word
10099f94,10099f96,data,"DAT_10099f94",word
10099f96,10099f98,data,"DAT_10099f96",word
10099f98,10099f9a,data,"DAT_10099f98",word
10099f9a,10099f9c,data,"DAT_10099f9a",word
10099f9c,10099f9e,data,"DAT_10099f9c",word
10099f9e,10099fa0,data,"DAT_10099f9e",word
10099fa0,10099fa2,data,"DAT_10099fa0",word
10099fa2,10099fa4,data,"DAT_10099fa2",word
10099fa4,10099fa6,data,"DAT_10099fa4",word
10099fa6,10099fa8,data,"DAT_10099fa6",word
10099fa8,10099faa,data,"DAT_10099fa8",word
10099faa,10099fac,data,"DAT_10099faa",word
10099fac,10099fae,data,"DAT_10099fac",word
10099fae,10099fb0,data,"DAT_10099fae",word
10099fb0,10099fb2,data,"DAT_10099fb0",word
10099fb2,10099fb4,data,"DAT_10099fb2",word
10099fb4,10099fb6,data,"DAT_10099fb4",word
10099fb6,10099fb8,data,"DAT_10099fb6",word
10099fb8,10099fba,data,"DAT_10099fb8",word
10099fba,10099fbc,data,"DAT_10099fba",word
10099fbc,10099fbe,data,"DAT_10099fbc",word
10099fbe,10099fc0,data,"DAT_10099fbe",word
10099fc0,10099fc2,data,"DAT_10099fc0",word
10099fc2,10099fc4,data,"DAT_10099fc2",word
10099fc4,10099fc6,data,"DAT_10099fc4",word
10099fc6,10099fc8,data,"DAT_10099fc6",word
10099fc8,10099fca,data,"DAT_10099fc8",word
10099fca,10099fcc,data,"DAT_10099fca",word
10099fcc,10099fce,data,"DAT_10099fcc",word
10099fce,10099fd0,data,"DAT_10099fce",word
10099fd0,10099fd2,data,"DAT_10099fd0",word
10099fd2,10099fd4,data,"DAT_10099fd2",word
10099fd4,10099fd6,data,"DAT_10099fd4",word
10099fd6,10099fd8,data,"DAT_10099fd6",word
10099fd8,10099fda,data,"DAT_10099fd8",word
10099fda,10099fdc,data,"DAT_10099fda",word
10099fdc,10099fde,data,"DAT_10099fdc",word
10099fde,10099fe0,data,"DAT_10099fde",word
10099fe0,10099fe2,data,"DAT_10099fe0",word
10099fe2,10099fe4,data,"DAT_10099fe2",word
10099fe4,10099fe6,data,"DAT_10099fe4",word
10099fe6,10099fe8,data,"DAT_10099fe6",word
10099fe8,10099fea,data,"DAT_10099fe8",word
10099fea,10099fec,data,"DAT_10099fea",word
10099fec,10099fee,data,"DAT_10099fec",word
10099fee,10099ff0,data,"DAT_10099fee",word
10099ff0,10099ff2,data,"DAT_10099ff0",word
10099ff2,10099ff4,data,"DAT_10099ff2",word
10099ff4,10099ff6,data,"DAT_10099ff4",word
10099ff6,10099ff8,data,"DAT_10099ff6",word
10099ff8,10099ffa,data,"DAT_10099ff8",word
10099ffa,10099ffc,data,"DAT_10099ffa",word
10099ffc,10099ffe,data,"DAT_10099ffc",word
10099ffe,1009a000,data,"DAT_10099ffe",word
1009a000,1009a002,data,"DAT_1009a000",word
1009a002,1009a004,data,"DAT_1009a002",word
1009a004,1009a006,data,"DAT_1009a004",word
1009a006,1009a008,data,"DAT_1009a006",word
1009a008,1009a00a,data,"DAT_1009a008",word
1009a00a,1009a00c,data,"DAT_1009a00a",word
1009a00c,1009a00e,data,"DAT_1009a00c",word
1009a00e,1009a010,data,"DAT_1009a00e",word
1009a010,1009a012,data,"DAT_1009a010",word
1009a012,1009a014,data,"DAT_1009a012",word
1009a014,1009a016,data,"DAT_1009a014",word
1009a016,1009a018,data,"DAT_1009a016",word
1009a018,1009a01c,data,"DAT_1009a018",dword
1009a01c,1009a020,data,"DAT_1009a01c",dword
1009a020,1009a022,data,"DAT_1009a020",word
1009a022,1009a024,data,"DAT_1009a022",word
1009a024,1009a026,data,"DAT_1009a024",word
1009a026,1009a028,data,"DAT_1009a026",word
1009a028,1009a02a,data,"DAT_1009a028",word
1009a02a,1009a02c,data,"DAT_1009a02a",word
1009a02c,1009a02e,data,"DAT_1009a02c",word
1009a02e,1009a030,data,"DAT_1009a02e",word
1009a030,1009a032,data,"DAT_1009a030",word
1009a032,1009a034,data,"DAT_1009a032",word
1009a034,1009a036,data,"DAT_1009a034",word
1009a036,1009a038,data,"DAT_1009a036",word
1009a038,1009a03a,data,"DAT_1009a038",word
1009a03a,1009a03c,data,"DAT_1009a03a",word
1009a03c,1009a03e,data,"DAT_1009a03c",word
1009a03e,1009a040,data,"DAT_1009a03e",word
1009a040,1009a042,data,"DAT_1009a040",word
1009a042,1009a044,data,"DAT_1009a042",word
1009a044,1009a046,data,"DAT_1009a044",word
1009a046,1009a048,data,"DAT_1009a046",word
1009a048,1009a04a,data,"DAT_1009a048",word
1009a04a,1009a04c,data,"DAT_1009a04a",word
1009a04c,1009a04e,data,"DAT_1009a04c",word
1009a04e,1009a050,data,"DAT_1009a04e",word
1009a050,1009a052,data,"DAT_1009a050",word
1009a052,1009a054,data,"DAT_1009a052",word
1009a054,1009a056,data,"DAT_1009a054",word
1009a056,1009a058,data,"DAT_1009a056",word
1009a058,1009a05a,data,"DAT_1009a058",word
1009a05a,1009a05c,data,"DAT_1009a05a",word
1009a05c,1009a05e,data,"DAT_1009a05c",word
1009a05e,1009a060,data,"DAT_1009a05e",word
1009a060,1009a062,data,"DAT_1009a060",word
1009a062,1009a064,data,"DAT_1009a062",word
1009a064,1009a066,data,"DAT_1009a064",word
1009a066,1009a068,data,"DAT_1009a066",word
1009a068,1009a06a,data,"DAT_1009a068",word
1009a06a,1009a06c,data,"DAT_1009a06a",word
1009a06c,1009a06e,data,"DAT_1009a06c",word
1009a06e,1009a070,data,"DAT_1009a06e",word
1009a070,1009a072,data,"DAT_1009a070",word
1009a072,1009a074,data,"DAT_1009a072",word
1009a074,1009a076,data,"DAT_1009a074",word
1009a076,1009a078,data,"DAT_1009a076",word
1009a078,1009a07a,data,"DAT_1009a078",word
1009a07a,1009a07c,data,"DAT_1009a07a",word
1009a07c,1009a07e,data,"DAT_1009a07c",word
1009a07e,1009a080,data,"DAT_1009a07e",word
1009a080,1009a082,data,"DAT_1009a080",word
1009a082,1009a084,data,"DAT_1009a082",word
1009a084,1009a086,data,"DAT_1009a084",word
1009a086,1009a088,data,"DAT_1009a086",word
1009a088,1009a08a,data,"DAT_1009a088",word
1009a08a,1009a08c,data,"DAT_1009a08a",word
1009a08c,1009a08e,data,"DAT_1009a08c",word
1009a08e,1009a090,data,"DAT_1009a08e",word
1009a090,1009a092,data,"DAT_1009a090",word
1009a092,1009a094,data,"DAT_1009a092",word
1009a094,1009a096,data,"DAT_1009a094",word
1009a096,1009a098,data,"DAT_1009a096",word
1009a098,1009a09a,data,"DAT_1009a098",word
1009a09a,1009a09c,data,"DAT_1009a09a",word
1009a09c,1009a09e,data,"DAT_1009a09c",word
1009a09e,1009a0a0,data,"DAT_1009a09e",word
1009a0a0,1009a0a2,data,"DAT_1009a0a0",word
1009a0a2,1009a0a4,data,"DAT_1009a0a2",word
1009a0a4,1009a0a6,data,"DAT_1009a0a4",word
1009a0a6,1009a0a8,data,"DAT_1009a0a6",word
1009a0a8,1009a0aa,data,"DAT_1009a0a8",word
1009a0aa,1009a0ac,data,"DAT_1009a0aa",word
1009a0ac,1009a0ae,data,"DAT_1009a0ac",word
1009a0ae,1009a0b0,data,"DAT_1009a0ae",word
1009a0b0,1009a0b2,data,"DAT_1009a0b0",word
1009a0b2,1009a0b4,data,"DAT_1009a0b2",word
1009a0b4,1009a0b6,data,"DAT_1009a0b4",word
1009a0b6,1009a0b8,data,"DAT_1009a0b6",word
1009a0b8,1009a0ba,data,"DAT_1009a0b8",word
1009a0ba,1009a0bc,data,"DAT_1009a0ba",word
1009a0bc,1009a0be,data,"DAT_1009a0bc",word
1009a0be,1009a0c0,data,"DAT_1009a0be",word
1009a0c0,1009a0c2,data,"DAT_1009a0c0",word
1009a0c2,1009a0c4,data,"DAT_1009a0c2",word
1009a0c4,1009a0c6,data,"DAT_1009a0c4",word
1009a0c6,1009a0c8,data,"DAT_1009a0c6",word
1009a0c8,1009a0ca,data,"DAT_1009a0c8",word
1009a0ca,1009a0cc,data,"DAT_1009a0ca",word
1009a0cc,1009a0ce,data,"DAT_1009a0cc",word
1009a0ce,1009a0d0,data,"DAT_1009a0ce",word
1009a0d0,1009a0d2,data,"DAT_1009a0d0",word
1009a0d2,1009a0d4,data,"DAT_1009a0d2",word
1009a0d4,1009a0d6,data,"DAT_1009a0d4",word
1009a0d6,1009a0d8,data,"DAT_1009a0d6",word
1009a0d8,1009a0da,data,"DAT_1009a0d8",word
1009a0da,1009a0dc,data,"DAT_1009a0da",word
1009a0dc,1009a0de,data,"DAT_1009a0dc",word
1009a0de,1009a0e0,data,"DAT_1009a0de",word
1009a0e0,1009a0e2,data,"DAT_1009a0e0",word
1009a0e2,1009a0e4,data,"DAT_1009a0e2",word
1009a0e4,1009a0e6,data,"DAT_1009a0e4",word
1009a0e6,1009a0e8,data,"DAT_1009a0e6",word
1009a0e8,1009a0ea,data,"DAT_1009a0e8",word
1009a0ea,1009a0ec,data,"DAT_1009a0ea",word
1009a0ec,1009a0ee,data,"DAT_1009a0ec",word
1009a0ee,1009a0f0,data,"DAT_1009a0ee",word
1009a0f0,1009a0f2,data,"DAT_1009a0f0",word
1009a0f2,1009a0f4,data,"DAT_1009a0f2",word
1009a0f4,1009a0f6,data,"DAT_1009a0f4",word
1009a0f6,1009a0f8,data,"DAT_1009a0f6",word
1009a0f8,1009a0fa,data,"DAT_1009a0f8",word
1009a0fa,1009a0fc,data,"DAT_1009a0fa",word
1009a0fc,1009a0fe,data,"DAT_1009a0fc",word
1009a0fe,1009a100,data,"DAT_1009a0fe",word
1009a100,1009a102,data,"DAT_1009a100",word
1009a102,1009a104,data,"DAT_1009a102",word
1009a104,1009a106,data,"DAT_1009a104",word
1009a106,1009a108,data,"DAT_1009a106",word
1009a108,1009a10a,data,"DAT_1009a108",word
1009a10a,1009a10c,data,"DAT_1009a10a",word
1009a10c,1009a10e,data,"DAT_1009a10c",word
1009a10e,1009a110,data,"DAT_1009a10e",word
1009a110,1009a112,data,"DAT_1009a110",word
1009a112,1009a114,data,"DAT_1009a112",word
1009a114,1009a116,data,"DAT_1009a114",word
1009a116,1009a118,data,"DAT_1009a116",word
1009a118,1009a11a,data,"DAT_1009a118",word
1009a11a,1009a11c,data,"DAT_1009a11a",word
1009a11c,1009a11e,data,"DAT_1009a11c",word
1009a11e,1009a120,data,"DAT_1009a11e",word
1009a120,1009a122,data,"DAT_1009a120",word
1009a122,1009a124,data,"DAT_1009a122",word
1009a124,1009a126,data,"DAT_1009a124",word
1009a126,1009a128,data,"DAT_1009a126",word
1009a128,1009a12a,data,"DAT_1009a128",word
1009a12a,1009a12c,data,"DAT_1009a12a",word
1009a12c,1009a12e,data,"DAT_1009a12c",word
1009a12e,1009a130,data,"DAT_1009a12e",word
1009a130,1009a132,data,"DAT_1009a130",word
1009a132,1009a134,data,"DAT_1009a132",word
1009a134,1009a136,data,"DAT_1009a134",word
1009a136,1009a138,data,"DAT_1009a136",word
1009a138,1009a13a,data,"DAT_1009a138",word
1009a13a,1009a13c,data,"DAT_1009a13a",word
1009a13c,1009a13e,data,"DAT_1009a13c",word
1009a13e,1009a140,data,"DAT_1009a13e",word
1009a140,1009a142,data,"DAT_1009a140",word
1009a142,1009a144,data,"DAT_1009a142",word
1009a144,1009a146,data,"DAT_1009a144",word
1009a146,1009a148,data,"DAT_1009a146",word
1009a148,1009a14a,data,"DAT_1009a148",word
1009a14a,1009a14c,data,"DAT_1009a14a",word
1009a14c,1009a14e,data,"DAT_1009a14c",word
1009a14e,1009a150,data,"DAT_1009a14e",word
1009a150,1009a152,data,"DAT_1009a150",word
1009a152,1009a154,data,"DAT_1009a152",word
1009a154,1009a156,data,"DAT_1009a154",word
1009a156,1009a158,data,"DAT_1009a156",word
1009a158,1009a15a,data,"DAT_1009a158",word
1009a15a,1009a15c,data,"DAT_1009a15a",word
1009a15c,1009a15e,data,"DAT_1009a15c",word
1009a15e,1009a160,data,"DAT_1009a15e",word
1009a160,1009a162,data,"DAT_1009a160",word
1009a162,1009a164,data,"DAT_1009a162",word
1009a164,1009a166,data,"DAT_1009a164",word
1009a166,1009a168,data,"DAT_1009a166",word
1009a168,1009a16a,data,"DAT_1009a168",word
1009a16a,1009a16c,data,"DAT_1009a16a",word
1009a16c,1009a16e,data,"DAT_1009a16c",word
1009a16e,1009a170,data,"DAT_1009a16e",word
1009a170,1009a172,data,"DAT_1009a170",word
1009a172,1009a174,data,"DAT_1009a172",word
1009a174,1009a176,data,"DAT_1009a174",word
1009a176,1009a178,data,"DAT_1009a176",word
1009a178,1009a17a,data,"DAT_1009a178",word
1009a17a,1009a17c,data,"DAT_1009a17a",word
1009a17c,1009a17e,data,"DAT_1009a17c",word
1009a17e,1009a180,data,"DAT_1009a17e",word
1009a180,1009a182,data,"DAT_1009a180",word
1009a182,1009a184,data,"DAT_1009a182",word
1009a184,1009a186,data,"DAT_1009a184",word
1009a186,1009a188,data,"DAT_1009a186",word
1009a188,1009a18a,data,"DAT_1009a188",word
1009a18a,1009a18c,data,"DAT_1009a18a",word
1009a18c,1009a18e,data,"DAT_1009a18c",word
1009a18e,1009a190,data,"DAT_1009a18e",word
1009a190,1009a192,data,"DAT_1009a190",word
1009a192,1009a194,data,"DAT_1009a192",word
1009a194,1009a196,data,"DAT_1009a194",word
1009a196,1009a198,data,"DAT_1009a196",word
1009a198,1009a19a,data,"DAT_1009a198",word
1009a19a,1009a19c,data,"DAT_1009a19a",word
1009a19c,1009a19e,data,"DAT_1009a19c",word
1009a19e,1009a1a0,data,"DAT_1009a19e",word
1009a1a0,1009a1a2,data,"DAT_1009a1a0",word
1009a1a2,1009a1a4,data,"DAT_1009a1a2",word
1009a1a4,1009a1a6,data,"DAT_1009a1a4",word
1009a1a6,1009a1a8,data,"DAT_1009a1a6",word
1009a1a8,1009a1aa,data,"DAT_1009a1a8",word
1009a1aa,1009a1ac,data,"DAT_1009a1aa",word
1009a1ac,1009a1ae,data,"DAT_1009a1ac",word
1009a1ae,1009a1b0,data,"DAT_1009a1ae",word
1009a1b0,1009a1b2,data,"DAT_1009a1b0",word
1009a1b2,1009a1b4,data,"DAT_1009a1b2",word
1009a1b4,1009a1b6,data,"DAT_1009a1b4",word
1009a1b6,1009a1b8,data,"DAT_1009a1b6",word
1009a1b8,1009a1ba,data,"DAT_1009a1b8",word
1009a1ba,1009a1bc,data,"DAT_1009a1ba",word
1009a1bc,1009a1be,data,"DAT_1009a1bc",word
1009a1be,1009a1c0,data,"DAT_1009a1be",word
1009a1c0,1009a1c2,data,"DAT_1009a1c0",word
1009a1c2,1009a1c4,data,"DAT_1009a1c2",word
1009a1c4,1009a1c6,data,"DAT_1009a1c4",word
1009a1c6,1009a1c8,data,"DAT_1009a1c6",word
1009a1c8,1009a1ca,data,"DAT_1009a1c8",word
1009a1ca,1009a1cc,data,"DAT_1009a1ca",word
1009a1cc,1009a1ce,data,"DAT_1009a1cc",word
1009a1ce,1009a1d0,data,"DAT_1009a1ce",word
1009a1d0,1009a1d2,data,"DAT_1009a1d0",word
1009a1d2,1009a1d4,data,"DAT_1009a1d2",word
1009a1d4,1009a1d6,data,"DAT_1009a1d4",word
1009a1d6,1009a1d8,data,"DAT_1009a1d6",word
1009a1d8,1009a1da,data,"DAT_1009a1d8",word
1009a1da,1009a1dc,data,"DAT_1009a1da",word
1009a1dc,1009a1de,data,"DAT_1009a1dc",word
1009a1de,1009a1e0,data,"DAT_1009a1de",word
1009a1e0,1009a1e2,data,"DAT_1009a1e0",word
1009a1e2,1009a1e4,data,"DAT_1009a1e2",word
1009a1e4,1009a1e6,data,"DAT_1009a1e4",word
1009a1e6,1009a1e8,data,"DAT_1009a1e6",word
1009a1e8,1009a1ea,data,"DAT_1009a1e8",word
1009a1ea,1009a1ec,data,"DAT_1009a1ea",word
1009a1ec,1009a1ee,data,"DAT_1009a1ec",word
1009a1ee,1009a1f0,data,"DAT_1009a1ee",word
1009a1f0,1009a1f2,data,"DAT_1009a1f0",word
1009a1f2,1009a1f4,data,"DAT_1009a1f2",word
1009a1f4,1009a1f6,data,"DAT_1009a1f4",word
1009a1f6,1009a1f8,data,"DAT_1009a1f6",word
1009a1f8,1009a1fa,data,"DAT_1009a1f8",word
1009a1fa,1009a1fc,data,"DAT_1009a1fa",word
1009a1fc,1009a1fe,data,"DAT_1009a1fc",word
1009a1fe,1009a200,data,"DAT_1009a1fe",word
1009a200,1009a202,data,"DAT_1009a200",word
1009a202,1009a204,data,"DAT_1009a202",word
1009a204,1009a206,data,"DAT_1009a204",word
1009a206,1009a208,data,"DAT_1009a206",word
1009a208,1009a20a,data,"DAT_1009a208",word
1009a20a,1009a20c,data,"DAT_1009a20a",word
1009a20c,1009a20e,data,"DAT_1009a20c",word
1009a20e,1009a210,data,"DAT_1009a20e",word
1009a210,1009a212,data,"DAT_1009a210",word
1009a212,1009a214,data,"DAT_1009a212",word
1009a214,1009a216,data,"DAT_1009a214",word
1009a216,1009a218,data,"DAT_1009a216",word
1009a218,1009a21a,data,"DAT_1009a218",word
1009a21a,1009a21c,data,"DAT_1009a21a",word
1009a21c,1009a21e,data,"DAT_1009a21c",word
1009a21e,1009a220,data,"DAT_1009a21e",word
1009a220,1009a222,data,"DAT_1009a220",word
1009a222,1009a224,data,"DAT_1009a222",word
1009a224,1009a226,data,"DAT_1009a224",word
1009a226,1009a228,data,"DAT_1009a226",word
1009a228,1009a22a,data,"DAT_1009a228",word
1009a22a,1009a22c,data,"DAT_1009a22a",word
1009a22c,1009a22e,data,"DAT_1009a22c",word
1009a22e,1009a230,data,"DAT_1009a22e",word
1009a230,1009a232,data,"DAT_1009a230",word
1009a232,1009a234,data,"DAT_1009a232",word
1009a234,1009a236,data,"DAT_1009a234",word
1009a236,1009a238,data,"DAT_1009a236",word
1009a238,1009a23a,data,"DAT_1009a238",word
1009a23a,1009a23c,data,"DAT_1009a23a",word
1009a23c,1009a23e,data,"DAT_1009a23c",word
1009a23e,1009a240,data,"DAT_1009a23e",word
1009a240,1009a242,data,"DAT_1009a240",word
1009a242,1009a244,data,"DAT_1009a242",word
1009a244,1009a246,data,"DAT_1009a244",word
1009a246,1009a248,data,"DAT_1009a246",word
1009a248,1009a24a,data,"DAT_1009a248",word
1009a24a,1009a24c,data,"DAT_1009a24a",word
1009a24c,1009a24e,data,"DAT_1009a24c",word
1009a24e,1009a250,data,"DAT_1009a24e",word
1009a250,1009a252,data,"DAT_1009a250",word
1009a252,1009a254,data,"DAT_1009a252",word
1009a254,1009a256,data,"DAT_1009a254",word
1009a256,1009a258,data,"DAT_1009a256",word
1009a258,1009a25a,data,"DAT_1009a258",word
1009a25a,1009a25c,data,"DAT_1009a25a",word
1009a25c,1009a25e,data,"DAT_1009a25c",word
1009a25e,1009a260,data,"DAT_1009a25e",word
1009a260,1009a262,data,"DAT_1009a260",word
1009a262,1009a264,data,"DAT_1009a262",word
1009a264,1009a266,data,"DAT_1009a264",word
1009a266,1009a268,data,"DAT_1009a266",word
1009a268,1009a26a,data,"DAT_1009a268",word
1009a26a,1009a26c,data,"DAT_1009a26a",word
1009a26c,1009a26e,data,"DAT_1009a26c",word
1009a26e,1009a270,data,"DAT_1009a26e",word
1009a270,1009a272,data,"DAT_1009a270",word
1009a272,1009a274,data,"DAT_1009a272",word
1009a274,1009a276,data,"DAT_1009a274",word
1009a276,1009a278,data,"DAT_1009a276",word
1009a278,1009a27a,data,"DAT_1009a278",word
1009a27a,1009a27c,data,"DAT_1009a27a",word
1009a27c,1009a27e,data,"DAT_1009a27c",word
1009a27e,1009a280,data,"DAT_1009a27e",word
1009a280,1009a282,data,"DAT_1009a280",word
1009a282,1009a284,data,"DAT_1009a282",word
1009a284,1009a286,data,"DAT_1009a284",word
1009a286,1009a288,data,"DAT_1009a286",word
1009a288,1009a28a,data,"DAT_1009a288",word
1009a28a,1009a28c,data,"DAT_1009a28a",word
1009a28c,1009a290,data,"DAT_1009a28c",dword
1009a290,1009a294,data,"DAT_1009a290",dword
1009a294,1009a296,data,"DAT_1009a294",word
1009a296,1009a298,data,"DAT_1009a296",word
1009a298,1009a29a,data,"DAT_1009a298",word
1009a29a,1009a29c,data,"DAT_1009a29a",word
1009a29c,1009a29e,data,"DAT_1009a29c",word
1009a29e,1009a2a0,data,"DAT_1009a29e",word
1009a2a0,1009a2a2,data,"DAT_1009a2a0",word
1009a2a2,1009a2a4,data,"DAT_1009a2a2",word
1009a2a4,1009a2a6,data,"DAT_1009a2a4",word
1009a2a6,1009a2a8,data,"DAT_1009a2a6",word
1009a2a8,1009a2aa,data,"DAT_1009a2a8",word
1009a2aa,1009a2ac,data,"DAT_1009a2aa",word
1009a2ac,1009a2ae,data,"DAT_1009a2ac",word
1009a2ae,1009a2b0,data,"DAT_1009a2ae",word
1009a2b0,1009a2b2,data,"DAT_1009a2b0",word
1009a2b2,1009a2b4,data,"DAT_1009a2b2",word
1009a2b4,1009a2b6,data,"DAT_1009a2b4",word
1009a2b6,1009a2b8,data,"DAT_1009a2b6",word
1009a2b8,1009a2ba,data,"DAT_1009a2b8",word
1009a2ba,1009a2bc,data,"DAT_1009a2ba",word
1009a2bc,1009a2be,data,"DAT_1009a2bc",word
1009a2be,1009a2c0,data,"DAT_1009a2be",word
1009a2c0,1009a2c2,data,"DAT_1009a2c0",word
1009a2c2,1009a2c4,data,"DAT_1009a2c2",word
1009a2c4,1009a2c6,data,"DAT_1009a2c4",word
1009a2c6,1009a2c8,data,"DAT_1009a2c6",word
1009a2c8,1009a2ca,data,"DAT_1009a2c8",word
1009a2ca,1009a2cc,data,"DAT_1009a2ca",word
1009a2cc,1009a2ce,data,"DAT_1009a2cc",word
1009a2ce,1009a2d0,data,"DAT_1009a2ce",word
1009a2d0,1009a2d2,data,"DAT_1009a2d0",word
1009a2d2,1009a2d4,data,"DAT_1009a2d2",word
1009a2d4,1009a2d6,data,"DAT_1009a2d4",word
1009a2d6,1009a2d8,data,"DAT_1009a2d6",word
1009a2d8,1009a2da,data,"DAT_1009a2d8",word
1009a2da,1009a2dc,data,"DAT_1009a2da",word
1009a2dc,1009a2de,data,"DAT_1009a2dc",word
1009a2de,1009a2e0,data,"DAT_1009a2de",word
1009a2e0,1009a2e2,data,"DAT_1009a2e0",word
1009a2e2,1009a2e4,data,"DAT_1009a2e2",word
1009a2e4,1009a2e6,data,"DAT_1009a2e4",word
1009a2e6,1009a2e8,data,"DAT_1009a2e6",word
1009a2e8,1009a2ea,data,"DAT_1009a2e8",word
1009a2ea,1009a2ec,data,"DAT_1009a2ea",word
1009a2ec,1009a2ee,data,"DAT_1009a2ec",word
1009a2ee,1009a2f0,data,"DAT_1009a2ee",word
1009a2f0,1009a2f2,data,"DAT_1009a2f0",word
1009a2f2,1009a2f4,data,"DAT_1009a2f2",word
1009a2f4,1009a2f6,data,"DAT_1009a2f4",word
1009a2f6,1009a2f8,data,"DAT_1009a2f6",word
1009a2f8,1009a2fa,data,"DAT_1009a2f8",word
1009a2fa,1009a2fc,data,"DAT_1009a2fa",word
1009a2fc,1009a2fe,data,"DAT_1009a2fc",word
1009a2fe,1009a300,data,"DAT_1009a2fe",word
1009a300,1009a302,data,"DAT_1009a300",word
1009a302,1009a304,data,"DAT_1009a302",word
1009a304,1009a306,data,"DAT_1009a304",word
1009a306,1009a308,data,"DAT_1009a306",word
1009a308,1009a30a,data,"DAT_1009a308",word
1009a30a,1009a30c,data,"DAT_1009a30a",word
1009a30c,1009a30e,data,"DAT_1009a30c",word
1009a30e,1009a310,data,"DAT_1009a30e",word
1009a310,1009a312,data,"DAT_1009a310",word
1009a312,1009a314,data,"DAT_1009a312",word
1009a314,1009a316,data,"DAT_1009a314",word
1009a316,1009a318,data,"DAT_1009a316",word
1009a318,1009a31a,data,"DAT_1009a318",word
1009a31a,1009a31c,data,"DAT_1009a31a",word
1009a31c,1009a31e,data,"DAT_1009a31c",word
1009a31e,1009a320,data,"DAT_1009a31e",word
1009a320,1009a322,data,"DAT_1009a320",word
1009a322,1009a324,data,"DAT_1009a322",word
1009a324,1009a326,data,"DAT_1009a324",word
1009a326,1009a328,data,"DAT_1009a326",word
1009a328,1009a32a,data,"DAT_1009a328",word
1009a32a,1009a32c,data,"DAT_1009a32a",word
1009a32c,1009a32e,data,"DAT_1009a32c",word
1009a32e,1009a330,data,"DAT_1009a32e",word
1009a330,1009a332,data,"DAT_1009a330",word
1009a332,1009a334,data,"DAT_1009a332",word
1009a334,1009a336,data,"DAT_1009a334",word
1009a336,1009a338,data,"DAT_1009a336",word
1009a338,1009a33a,data,"DAT_1009a338",word
1009a33a,1009a33c,data,"DAT_1009a33a",word
1009a33c,1009a33e,data,"DAT_1009a33c",word
1009a33e,1009a340,data,"DAT_1009a33e",word
1009a340,1009a342,data,"DAT_1009a340",word
1009a342,1009a344,data,"DAT_1009a342",word
1009a344,1009a346,data,"DAT_1009a344",word
1009a346,1009a348,data,"DAT_1009a346",word
1009a348,1009a34a,data,"DAT_1009a348",word
1009a34a,1009a34c,data,"DAT_1009a34a",word
1009a34c,1009a34e,data,"DAT_1009a34c",word
1009a34e,1009a350,data,"DAT_1009a34e",word
1009a350,1009a352,data,"DAT_1009a350",word
1009a352,1009a354,data,"DAT_1009a352",word
1009a354,1009a356,data,"DAT_1009a354",word
1009a356,1009a358,data,"DAT_1009a356",word
1009a358,1009a35a,data,"DAT_1009a358",word
1009a35a,1009a35c,data,"DAT_1009a35a",word
1009a35c,1009a35e,data,"DAT_1009a35c",word
1009a35e,1009a360,data,"DAT_1009a35e",word
1009a360,1009a362,data,"DAT_1009a360",word
1009a362,1009a364,data,"DAT_1009a362",word
1009a364,1009a366,data,"DAT_1009a364",word
1009a366,1009a368,data,"DAT_1009a366",word
1009a368,1009a36a,data,"DAT_1009a368",word
1009a36a,1009a36c,data,"DAT_1009a36a",word
1009a36c,1009a36e,data,"DAT_1009a36c",word
1009a36e,1009a370,data,"DAT_1009a36e",word
1009a370,1009a372,data,"DAT_1009a370",word
1009a372,1009a374,data,"DAT_1009a372",word
1009a374,1009a376,data,"DAT_1009a374",word
1009a376,1009a378,data,"DAT_1009a376",word
1009a378,1009a37a,data,"DAT_1009a378",word
1009a37a,1009a37c,data,"DAT_1009a37a",word
1009a37c,1009a37e,data,"DAT_1009a37c",word
1009a37e,1009a380,data,"DAT_1009a37e",word
1009a380,1009a382,data,"DAT_1009a380",word
1009a382,1009a384,data,"DAT_1009a382",word
1009a384,1009a386,data,"DAT_1009a384",word
1009a386,1009a388,data,"DAT_1009a386",word
1009a388,1009a38a,data,"DAT_1009a388",word
1009a38a,1009a38c,data,"DAT_1009a38a",word
1009a38c,1009a38e,data,"DAT_1009a38c",word
1009a38e,1009a390,data,"DAT_1009a38e",word
1009a390,1009a392,data,"DAT_1009a390",word
1009a392,1009a394,data,"DAT_1009a392",word
1009a394,1009a396,data,"DAT_1009a394",word
1009a396,1009a398,data,"DAT_1009a396",word
1009a398,1009a39a,data,"DAT_1009a398",word
1009a39a,1009a39c,data,"DAT_1009a39a",word
1009a39c,1009a39e,data,"DAT_1009a39c",word
1009a39e,1009a3a0,data,"DAT_1009a39e",word
1009a3a0,1009a3a2,data,"DAT_1009a3a0",word
1009a3a2,1009a3a4,data,"DAT_1009a3a2",word
1009a3a4,1009a3a6,data,"DAT_1009a3a4",word
1009a3a6,1009a3a8,data,"DAT_1009a3a6",word
1009a3a8,1009a3aa,data,"DAT_1009a3a8",word
1009a3aa,1009a3ac,data,"DAT_1009a3aa",word
1009a3ac,1009a3ae,data,"DAT_1009a3ac",word
1009a3ae,1009a3b0,data,"DAT_1009a3ae",word
1009a3b0,1009a3b2,data,"DAT_1009a3b0",word
1009a3b2,1009a3b4,data,"DAT_1009a3b2",word
1009a3b4,1009a3b6,data,"DAT_1009a3b4",word
1009a3b6,1009a3b8,data,"DAT_1009a3b6",word
1009a3b8,1009a3ba,data,"DAT_1009a3b8",word
1009a3ba,1009a3bc,data,"DAT_1009a3ba",word
1009a3bc,1009a3be,data,"DAT_1009a3bc",word
1009a3be,1009a3c0,data,"DAT_1009a3be",word
1009a3c0,1009a3c2,data,"DAT_1009a3c0",word
1009a3c2,1009a3c4,data,"DAT_1009a3c2",word
1009a3c4,1009a3c6,data,"DAT_1009a3c4",word
1009a3c6,1009a3c8,data,"DAT_1009a3c6",word
1009a3c8,1009a3ca,data,"DAT_1009a3c8",word
1009a3ca,1009a3cc,data,"DAT_1009a3ca",word
1009a3cc,1009a3ce,data,"DAT_1009a3cc",word
1009a3ce,1009a3d0,data,"DAT_1009a3ce",word
1009a3d0,1009a3d2,data,"DAT_1009a3d0",word
1009a3d2,1009a3d4,data,"DAT_1009a3d2",word
1009a3d4,1009a3d6,data,"DAT_1009a3d4",word
1009a3d6,1009a3d8,data,"DAT_1009a3d6",word
1009a3d8,1009a3da,data,"DAT_1009a3d8",word
1009a3da,1009a3dc,data,"DAT_1009a3da",word
1009a3dc,1009a3de,data,"DAT_1009a3dc",word
1009a3de,1009a3e0,data,"DAT_1009a3de",word
1009a3e0,1009a3e2,data,"DAT_1009a3e0",word
1009a3e2,1009a3e4,data,"DAT_1009a3e2",word
1009a3e4,1009a3e6,data,"DAT_1009a3e4",word
1009a3e6,1009a3e8,data,"DAT_1009a3e6",word
1009a3e8,1009a3ea,data,"DAT_1009a3e8",word
1009a3ea,1009a3ec,data,"DAT_1009a3ea",word
1009a3ec,1009a3ee,data,"DAT_1009a3ec",word
1009a3ee,1009a3f0,data,"DAT_1009a3ee",word
1009a3f0,1009a3f2,data,"DAT_1009a3f0",word
1009a3f2,1009a3f4,data,"DAT_1009a3f2",word
1009a3f4,1009a3f6,data,"DAT_1009a3f4",word
1009a3f6,1009a3f8,data,"DAT_1009a3f6",word
1009a3f8,1009a3fa,data,"DAT_1009a3f8",word
1009a3fa,1009a3fc,data,"DAT_1009a3fa",word
1009a3fc,1009a3fe,data,"DAT_1009a3fc",word
1009a3fe,1009a400,data,"DAT_1009a3fe",word
1009a400,1009a402,data,"DAT_1009a400",word
1009a402,1009a404,data,"DAT_1009a402",word
1009a404,1009a406,data,"DAT_1009a404",word
1009a406,1009a408,data,"DAT_1009a406",word
1009a408,1009a40a,data,"DAT_1009a408",word
1009a40a,1009a40c,data,"DAT_1009a40a",word
1009a40c,1009a40e,data,"DAT_1009a40c",word
1009a40e,1009a410,data,"DAT_1009a40e",word
1009a410,1009a412,data,"DAT_1009a410",word
1009a412,1009a414,data,"DAT_1009a412",word
1009a414,1009a416,data,"DAT_1009a414",word
1009a416,1009a418,data,"DAT_1009a416",word
1009a418,1009a41a,data,"DAT_1009a418",word
1009a41a,1009a41c,data,"DAT_1009a41a",word
1009a41c,1009a41e,data,"DAT_1009a41c",word
1009a41e,1009a420,data,"DAT_1009a41e",word
1009a420,1009a422,data,"DAT_1009a420",word
1009a422,1009a424,data,"DAT_1009a422",word
1009a424,1009a426,data,"DAT_1009a424",word
1009a426,1009a428,data,"DAT_1009a426",word
1009a428,1009a42a,data,"DAT_1009a428",word
1009a42a,1009a42c,data,"DAT_1009a42a",word
1009a42c,1009a42e,data,"DAT_1009a42c",word
1009a42e,1009a430,data,"DAT_1009a42e",word
1009a430,1009a432,data,"DAT_1009a430",word
1009a432,1009a434,data,"DAT_1009a432",word
1009a434,1009a436,data,"DAT_1009a434",word
1009a436,1009a438,data,"DAT_1009a436",word
1009a438,1009a43a,data,"DAT_1009a438",word
1009a43a,1009a43c,data,"DAT_1009a43a",word
1009a43c,1009a43e,data,"DAT_1009a43c",word
1009a43e,1009a440,data,"DAT_1009a43e",word
1009a440,1009a442,data,"DAT_1009a440",word
1009a442,1009a444,data,"DAT_1009a442",word
1009a444,1009a446,data,"DAT_1009a444",word
1009a446,1009a448,data,"DAT_1009a446",word
1009a448,1009a44a,data,"DAT_1009a448",word
1009a44a,1009a44c,data,"DAT_1009a44a",word
1009a44c,1009a44e,data,"DAT_1009a44c",word
1009a44e,1009a450,data,"DAT_1009a44e",word
1009a450,1009a452,data,"DAT_1009a450",word
1009a452,1009a454,data,"DAT_1009a452",word
1009a454,1009a456,data,"DAT_1009a454",word
1009a456,1009a458,data,"DAT_1009a456",word
1009a458,1009a45a,data,"DAT_1009a458",word
1009a45a,1009a45c,data,"DAT_1009a45a",word
1009a45c,1009a45e,data,"DAT_1009a45c",word
1009a45e,1009a460,data,"DAT_1009a45e",word
1009a460,1009a462,data,"DAT_1009a460",word
1009a462,1009a464,data,"DAT_1009a462",word
1009a464,1009a466,data,"DAT_1009a464",word
1009a466,1009a468,data,"DAT_1009a466",word
1009a468,1009a46a,data,"DAT_1009a468",word
1009a46a,1009a46c,data,"DAT_1009a46a",word
1009a46c,1009a46e,data,"DAT_1009a46c",word
1009a46e,1009a470,data,"DAT_1009a46e",word
1009a470,1009a472,data,"DAT_1009a470",word
1009a472,1009a474,data,"DAT_1009a472",word
1009a474,1009a476,data,"DAT_1009a474",word
1009a476,1009a478,data,"DAT_1009a476",word
1009a478,1009a47a,data,"DAT_1009a478",word
1009a47a,1009a47c,data,"DAT_1009a47a",word
1009a47c,1009a47e,data,"DAT_1009a47c",word
1009a47e,1009a480,data,"DAT_1009a47e",word
1009a480,1009a482,data,"DAT_1009a480",word
1009a482,1009a484,data,"DAT_1009a482",word
1009a484,1009a486,data,"DAT_1009a484",word
1009a486,1009a488,data,"DAT_1009a486",word
1009a488,1009a48c,data,"DAT_1009a488",dword
1009a48c,1009a490,data,"DAT_1009a48c",dword
1009a490,1009a492,data,"DAT_1009a490",word
1009a492,1009a494,data,"DAT_1009a492",word
1009a494,1009a496,data,"DAT_1009a494",word
1009a496,1009a498,data,"DAT_1009a496",word
1009a498,1009a49a,data,"DAT_1009a498",word
1009a49a,1009a49c,data,"DAT_1009a49a",word
1009a49c,1009a49e,data,"DAT_1009a49c",word
1009a49e,1009a4a0,data,"DAT_1009a49e",word
1009a4a0,1009a4a2,data,"DAT_1009a4a0",word
1009a4a2,1009a4a4,data,"DAT_1009a4a2",word
1009a4a4,1009a4a6,data,"DAT_1009a4a4",word
1009a4a6,1009a4a8,data,"DAT_1009a4a6",word
1009a4a8,1009a4aa,data,"DAT_1009a4a8",word
1009a4aa,1009a4ac,data,"DAT_1009a4aa",word
1009a4ac,1009a4ae,data,"DAT_1009a4ac",word
1009a4ae,1009a4b0,data,"DAT_1009a4ae",word
1009a4b0,1009a4b2,data,"DAT_1009a4b0",word
1009a4b2,1009a4b4,data,"DAT_1009a4b2",word
1009a4b4,1009a4b6,data,"DAT_1009a4b4",word
1009a4b6,1009a4b8,data,"DAT_1009a4b6",word
1009a4b8,1009a4ba,data,"DAT_1009a4b8",word
1009a4ba,1009a4bc,data,"DAT_1009a4ba",word
1009a4bc,1009a4be,data,"DAT_1009a4bc",word
1009a4be,1009a4c0,data,"DAT_1009a4be",word
1009a4c0,1009a4c2,data,"DAT_1009a4c0",word
1009a4c2,1009a4c4,data,"DAT_1009a4c2",word
1009a4c4,1009a4c6,data,"DAT_1009a4c4",word
1009a4c6,1009a4c8,data,"DAT_1009a4c6",word
1009a4c8,1009a4ca,data,"DAT_1009a4c8",word
1009a4ca,1009a4cc,data,"DAT_1009a4ca",word
1009a4cc,1009a4ce,data,"DAT_1009a4cc",word
1009a4ce,1009a4d0,data,"DAT_1009a4ce",word
1009a4d0,1009a4d2,data,"DAT_1009a4d0",word
1009a4d2,1009a4d4,data,"DAT_1009a4d2",word
1009a4d4,1009a4d6,data,"DAT_1009a4d4",word
1009a4d6,1009a4d8,data,"DAT_1009a4d6",word
1009a4d8,1009a4da,data,"DAT_1009a4d8",word
1009a4da,1009a4dc,data,"DAT_1009a4da",word
1009a4dc,1009a4de,data,"DAT_1009a4dc",word
1009a4de,1009a4e0,data,"DAT_1009a4de",word
1009a4e0,1009a4e2,data,"DAT_1009a4e0",word
1009a4e2,1009a4e4,data,"DAT_1009a4e2",word
1009a4e4,1009a4e6,data,"DAT_1009a4e4",word
1009a4e6,1009a4e8,data,"DAT_1009a4e6",word
1009a4e8,1009a4ea,data,"DAT_1009a4e8",word
1009a4ea,1009a4ec,data,"DAT_1009a4ea",word
1009a4ec,1009a4ee,data,"DAT_1009a4ec",word
1009a4ee,1009a4f0,data,"DAT_1009a4ee",word
1009a4f0,1009a4f2,data,"DAT_1009a4f0",word
1009a4f2,1009a4f4,data,"DAT_1009a4f2",word
1009a4f4,1009a4f6,data,"DAT_1009a4f4",word
1009a4f6,1009a4f8,data,"DAT_1009a4f6",word
1009a4f8,1009a4fa,data,"DAT_1009a4f8",word
1009a4fa,1009a4fc,data,"DAT_1009a4fa",word
1009a4fc,1009a4fe,data,"DAT_1009a4fc",word
1009a4fe,1009a500,data,"DAT_1009a4fe",word
1009a500,1009a502,data,"DAT_1009a500",word
1009a502,1009a504,data,"DAT_1009a502",word
1009a504,1009a506,data,"DAT_1009a504",word
1009a506,1009a508,data,"DAT_1009a506",word
1009a508,1009a50a,data,"DAT_1009a508",word
1009a50a,1009a50c,data,"DAT_1009a50a",word
1009a50c,1009a50e,data,"DAT_1009a50c",word
1009a50e,1009a510,data,"DAT_1009a50e",word
1009a510,1009a512,data,"DAT_1009a510",word
1009a512,1009a514,data,"DAT_1009a512",word
1009a514,1009a516,data,"DAT_1009a514",word
1009a516,1009a518,data,"DAT_1009a516",word
1009a518,1009a51a,data,"DAT_1009a518",word
1009a51a,1009a51c,data,"DAT_1009a51a",word
1009a51c,1009a51e,data,"DAT_1009a51c",word
1009a51e,1009a520,data,"DAT_1009a51e",word
1009a520,1009a522,data,"DAT_1009a520",word
1009a522,1009a524,data,"DAT_1009a522",word
1009a524,1009a526,data,"DAT_1009a524",word
1009a526,1009a528,data,"DAT_1009a526",word
1009a528,1009a52a,data,"DAT_1009a528",word
1009a52a,1009a52c,data,"DAT_1009a52a",word
1009a52c,1009a52e,data,"DAT_1009a52c",word
1009a52e,1009a530,data,"DAT_1009a52e",word
1009a530,1009a532,data,"DAT_1009a530",word
1009a532,1009a534,data,"DAT_1009a532",word
1009a534,1009a538,data,"DAT_1009a534",dword
1009a538,1009a53c,data,"DAT_1009a538",dword
1009a53c,1009a53e,data,"DAT_1009a53c",word
1009a53e,1009a540,data,"DAT_1009a53e",word
1009a540,1009a542,data,"DAT_1009a540",word
1009a542,1009a544,data,"DAT_1009a542",word
1009a544,1009a546,data,"DAT_1009a544",word
1009a546,1009a548,data,"DAT_1009a546",word
1009a548,1009a54a,data,"DAT_1009a548",word
1009a54a,1009a54c,data,"DAT_1009a54a",word
1009a54c,1009a54e,data,"DAT_1009a54c",word
1009a54e,1009a550,data,"DAT_1009a54e",word
1009a550,1009a552,data,"DAT_1009a550",word
1009a552,1009a554,data,"DAT_1009a552",word
1009a554,1009a556,data,"DAT_1009a554",word
1009a556,1009a558,data,"DAT_1009a556",word
1009a558,1009a55a,data,"DAT_1009a558",word
1009a55a,1009a55c,data,"DAT_1009a55a",word
1009a55c,1009a55e,data,"DAT_1009a55c",word
1009a55e,1009a560,data,"DAT_1009a55e",word
1009a560,1009a562,data,"DAT_1009a560",word
1009a562,1009a564,data,"DAT_1009a562",word
1009a564,1009a566,data,"DAT_1009a564",word
1009a566,1009a568,data,"DAT_1009a566",word
1009a568,1009a56a,data,"DAT_1009a568",word
1009a56a,1009a56c,data,"DAT_1009a56a",word
1009a56c,1009a56e,data,"DAT_1009a56c",word
1009a56e,1009a570,data,"DAT_1009a56e",word
1009a570,1009a572,data,"DAT_1009a570",word
1009a572,1009a574,data,"DAT_1009a572",word
1009a574,1009a576,data,"DAT_1009a574",word
1009a576,1009a578,data,"DAT_1009a576",word
1009a578,1009a57a,data,"DAT_1009a578",word
1009a57a,1009a57c,data,"DAT_1009a57a",word
1009a57c,1009a57e,data,"DAT_1009a57c",word
1009a57e,1009a580,data,"DAT_1009a57e",word
1009a580,1009a582,data,"DAT_1009a580",word
1009a582,1009a584,data,"DAT_1009a582",word
1009a584,1009a586,data,"DAT_1009a584",word
1009a586,1009a588,data,"DAT_1009a586",word
1009a588,1009a58a,data,"DAT_1009a588",word
1009a58a,1009a58c,data,"DAT_1009a58a",word
1009a58c,1009a58e,data,"DAT_1009a58c",word
1009a58e,1009a590,data,"DAT_1009a58e",word
1009a590,1009a592,data,"DAT_1009a590",word
1009a592,1009a594,data,"DAT_1009a592",word
1009a594,1009a596,data,"DAT_1009a594",word
1009a596,1009a598,data,"DAT_1009a596",word
1009a598,1009a59a,data,"DAT_1009a598",word
1009a59a,1009a59c,data,"DAT_1009a59a",word
1009a59c,1009a59e,data,"DAT_1009a59c",word
1009a59e,1009a5a0,data,"DAT_1009a59e",word
1009a5a0,1009a5a2,data,"DAT_1009a5a0",word
1009a5a2,1009a5a4,data,"DAT_1009a5a2",word
1009a5a4,1009a5a6,data,"DAT_1009a5a4",word
1009a5a6,1009a5a8,data,"DAT_1009a5a6",word
1009a5a8,1009a5aa,data,"DAT_1009a5a8",word
1009a5aa,1009a5ac,data,"DAT_1009a5aa",word
1009a5ac,1009a5ae,data,"DAT_1009a5ac",word
1009a5ae,1009a5b0,data,"DAT_1009a5ae",word
1009a5b0,1009a5b2,data,"DAT_1009a5b0",word
1009a5b2,1009a5b4,data,"DAT_1009a5b2",word
1009a5b4,1009a5b6,data,"DAT_1009a5b4",word
1009a5b6,1009a5b8,data,"DAT_1009a5b6",word
1009a5b8,1009a5ba,data,"DAT_1009a5b8",word
1009a5ba,1009a5bc,data,"DAT_1009a5ba",word
1009a5bc,1009a5be,data,"DAT_1009a5bc",word
1009a5be,1009a5c0,data,"DAT_1009a5be",word
1009a5c0,1009a5c2,data,"DAT_1009a5c0",word
1009a5c2,1009a5c4,data,"DAT_1009a5c2",word
1009a5c4,1009a5c6,data,"DAT_1009a5c4",word
1009a5c6,1009a5c8,data,"DAT_1009a5c6",word
1009a5c8,1009a5ca,data,"DAT_1009a5c8",word
1009a5ca,1009a5cc,data,"DAT_1009a5ca",word
1009a5cc,1009a5ce,data,"DAT_1009a5cc",word
1009a5ce,1009a5d0,data,"DAT_1009a5ce",word
1009a5d0,1009a5d2,data,"DAT_1009a5d0",word
1009a5d2,1009a5d4,data,"DAT_1009a5d2",word
1009a5d4,1009a5d6,data,"DAT_1009a5d4",word
1009a5d6,1009a5d8,data,"DAT_1009a5d6",word
1009a5d8,1009a5da,data,"DAT_1009a5d8",word
1009a5da,1009a5dc,data,"DAT_1009a5da",word
1009a5dc,1009a5de,data,"DAT_1009a5dc",word
1009a5de,1009a5e0,data,"DAT_1009a5de",word
1009a5e0,1009a5e2,data,"DAT_1009a5e0",word
1009a5e2,1009a5e4,data,"DAT_1009a5e2",word
1009a5e4,1009a5e6,data,"DAT_1009a5e4",word
1009a5e6,1009a5e8,data,"DAT_1009a5e6",word
1009a5e8,1009a5ea,data,"DAT_1009a5e8",word
1009a5ea,1009a5ec,data,"DAT_1009a5ea",word
1009a5ec,1009a5ee,data,"DAT_1009a5ec",word
1009a5ee,1009a5f0,data,"DAT_1009a5ee",word
1009a5f0,1009a5f2,data,"DAT_1009a5f0",word
1009a5f2,1009a5f4,data,"DAT_1009a5f2",word
1009a5f4,1009a5f6,data,"DAT_1009a5f4",word
1009a5f6,1009a5f8,data,"DAT_1009a5f6",word
1009a5f8,1009a5fa,data,"DAT_1009a5f8",word
1009a5fa,1009a5fc,data,"DAT_1009a5fa",word
1009a5fc,1009a5fe,data,"DAT_1009a5fc",word
1009a5fe,1009a600,data,"DAT_1009a5fe",word
1009a600,1009a602,data,"DAT_1009a600",word
1009a602,1009a604,data,"DAT_1009a602",word
1009a604,1009a606,data,"DAT_1009a604",word
1009a606,1009a608,data,"DAT_1009a606",word
1009a608,1009a60a,data,"DAT_1009a608",word
1009a60a,1009a60c,data,"DAT_1009a60a",word
1009a60c,1009a60e,data,"DAT_1009a60c",word
1009a60e,1009a610,data,"DAT_1009a60e",word
1009a610,1009a612,data,"DAT_1009a610",word
1009a612,1009a614,data,"DAT_1009a612",word
1009a614,1009a616,data,"DAT_1009a614",word
1009a616,1009a618,data,"DAT_1009a616",word
1009a618,1009a61a,data,"DAT_1009a618",word
1009a61a,1009a61c,data,"DAT_1009a61a",word
1009a61c,1009a61e,data,"DAT_1009a61c",word
1009a61e,1009a620,data,"DAT_1009a61e",word
1009a620,1009a622,data,"DAT_1009a620",word
1009a622,1009a624,data,"DAT_1009a622",word
1009a624,1009a626,data,"DAT_1009a624",word
1009a626,1009a628,data,"DAT_1009a626",word
1009a628,1009a62a,data,"DAT_1009a628",word
1009a62a,1009a62c,data,"DAT_1009a62a",word
1009a62c,1009a62e,data,"DAT_1009a62c",word
1009a62e,1009a630,data,"DAT_1009a62e",word
1009a630,1009a632,data,"DAT_1009a630",word
1009a632,1009a634,data,"DAT_1009a632",word
1009a634,1009a638,data,"DAT_1009a634",dword
1009a638,1009a63c,data,"DAT_1009a638",dword
1009a63c,1009a63e,data,"DAT_1009a63c",word
1009a63e,1009a640,data,"DAT_1009a63e",word
1009a640,1009a642,data,"DAT_1009a640",word
1009a642,1009a644,data,"DAT_1009a642",word
1009a644,1009a646,data,"DAT_1009a644",word
1009a646,1009a648,data,"DAT_1009a646",word
1009a648,1009a64a,data,"DAT_1009a648",word
1009a64a,1009a64c,data,"DAT_1009a64a",word
1009a64c,1009a64e,data,"DAT_1009a64c",word
1009a64e,1009a650,data,"DAT_1009a64e",word
1009a650,1009a652,data,"DAT_1009a650",word
1009a652,1009a654,data,"DAT_1009a652",word
1009a654,1009a656,data,"DAT_1009a654",word
1009a656,1009a658,data,"DAT_1009a656",word
1009a658,1009a65a,data,"DAT_1009a658",word
1009a65a,1009a65c,data,"DAT_1009a65a",word
1009a65c,1009a65e,data,"DAT_1009a65c",word
1009a65e,1009a660,data,"DAT_1009a65e",word
1009a660,1009a662,data,"DAT_1009a660",word
1009a662,1009a664,data,"DAT_1009a662",word
1009a664,1009a666,data,"DAT_1009a664",word
1009a666,1009a668,data,"DAT_1009a666",word
1009a668,1009a66a,data,"DAT_1009a668",word
1009a66a,1009a66c,data,"DAT_1009a66a",word
1009a66c,1009a66e,data,"DAT_1009a66c",word
1009a66e,1009a670,data,"DAT_1009a66e",word
1009a670,1009a672,data,"DAT_1009a670",word
1009a672,1009a674,data,"DAT_1009a672",word
1009a674,1009a676,data,"DAT_1009a674",word
1009a676,1009a678,data,"DAT_1009a676",word
1009a678,1009a67a,data,"DAT_1009a678",word
1009a67a,1009a67c,data,"DAT_1009a67a",word
1009a67c,1009a67e,data,"DAT_1009a67c",word
1009a67e,1009a680,data,"DAT_1009a67e",word
1009a680,1009a682,data,"DAT_1009a680",word
1009a682,1009a684,data,"DAT_1009a682",word
1009a684,1009a686,data,"DAT_1009a684",word
1009a686,1009a688,data,"DAT_1009a686",word
1009a688,1009a68a,data,"DAT_1009a688",word
1009a68a,1009a68c,data,"DAT_1009a68a",word
1009a68c,1009a68e,data,"DAT_1009a68c",word
1009a68e,1009a690,data,"DAT_1009a68e",word
1009a690,1009a692,data,"DAT_1009a690",word
1009a692,1009a694,data,"DAT_1009a692",word
1009a694,1009a696,data,"DAT_1009a694",word
1009a696,1009a698,data,"DAT_1009a696",word
1009a698,1009a69a,data,"DAT_1009a698",word
1009a69a,1009a69c,data,"DAT_1009a69a",word
1009a69c,1009a69e,data,"DAT_1009a69c",word
1009a69e,1009a6a0,data,"DAT_1009a69e",word
1009a6a0,1009a6a2,data,"DAT_1009a6a0",word
1009a6a2,1009a6a4,data,"DAT_1009a6a2",word
1009a6a4,1009a6a6,data,"DAT_1009a6a4",word
1009a6a6,1009a6a8,data,"DAT_1009a6a6",word
1009a6a8,1009a6aa,data,"DAT_1009a6a8",word
1009a6aa,1009a6ac,data,"DAT_1009a6aa",word
1009a6ac,1009a6ae,data,"DAT_1009a6ac",word
1009a6ae,1009a6b0,data,"DAT_1009a6ae",word
1009a6b0,1009a6b2,data,"DAT_1009a6b0",word
1009a6b2,1009a6b4,data,"DAT_1009a6b2",word
1009a6b4,1009a6b6,data,"DAT_1009a6b4",word
1009a6b6,1009a6b8,data,"DAT_1009a6b6",word
1009a6b8,1009a6ba,data,"DAT_1009a6b8",word
1009a6ba,1009a6bc,data,"DAT_1009a6ba",word
1009a6bc,1009a6be,data,"DAT_1009a6bc",word
1009a6be,1009a6c0,data,"DAT_1009a6be",word
1009a6c0,1009a6c2,data,"DAT_1009a6c0",word
1009a6c2,1009a6c4,data,"DAT_1009a6c2",word
1009a6c4,1009a6c6,data,"DAT_1009a6c4",word
1009a6c6,1009a6c8,data,"DAT_1009a6c6",word
1009a6c8,1009a6ca,data,"DAT_1009a6c8",word
1009a6ca,1009a6cc,data,"DAT_1009a6ca",word
1009a6cc,1009a6ce,data,"DAT_1009a6cc",word
1009a6ce,1009a6d0,data,"DAT_1009a6ce",word
1009a6d0,1009a6d2,data,"DAT_1009a6d0",word
1009a6d2,1009a6d4,data,"DAT_1009a6d2",word
1009a6d4,1009a6d6,data,"DAT_1009a6d4",word
1009a6d6,1009a6d8,data,"DAT_1009a6d6",word
1009a6d8,1009a6da,data,"DAT_1009a6d8",word
1009a6da,1009a6dc,data,"DAT_1009a6da",word
1009a6dc,1009a6de,data,"DAT_1009a6dc",word
1009a6de,1009a6e0,data,"DAT_1009a6de",word
1009a6e0,1009a6e2,data,"DAT_1009a6e0",word
1009a6e2,1009a6e4,data,"DAT_1009a6e2",word
1009a6e4,1009a6e6,data,"DAT_1009a6e4",word
1009a6e6,1009a6e8,data,"DAT_1009a6e6",word
1009a6e8,1009a6ea,data,"DAT_1009a6e8",word
1009a6ea,1009a6ec,data,"DAT_1009a6ea",word
1009a6ec,1009a6ee,data,"DAT_1009a6ec",word
1009a6ee,1009a6f0,data,"DAT_1009a6ee",word
1009a6f0,1009a6f2,data,"DAT_1009a6f0",word
1009a6f2,1009a6f4,data,"DAT_1009a6f2",word
1009a6f4,1009a6f6,data,"DAT_1009a6f4",word
1009a6f6,1009a6f8,data,"DAT_1009a6f6",word
1009a6f8,1009a6fa,data,"DAT_1009a6f8",word
1009a6fa,1009a6fc,data,"DAT_1009a6fa",word
1009a6fc,1009a6fe,data,"DAT_1009a6fc",word
1009a6fe,1009a700,data,"DAT_1009a6fe",word
1009a700,1009a702,data,"DAT_1009a700",word
1009a702,1009a704,data,"DAT_1009a702",word
1009a704,1009a706,data,"DAT_1009a704",word
1009a706,1009a708,data,"DAT_1009a706",word
1009a708,1009a70a,data,"DAT_1009a708",word
1009a70a,1009a70c,data,"DAT_1009a70a",word
1009a70c,1009a70e,data,"DAT_1009a70c",word
1009a70e,1009a710,data,"DAT_1009a70e",word
1009a710,1009a712,data,"DAT_1009a710",word
1009a712,1009a714,data,"DAT_1009a712",word
1009a714,1009a716,data,"DAT_1009a714",word
1009a716,1009a718,data,"DAT_1009a716",word
1009a718,1009a71a,data,"DAT_1009a718",word
1009a71a,1009a71c,data,"DAT_1009a71a",word
1009a71c,1009a71e,data,"DAT_1009a71c",word
1009a71e,1009a720,data,"DAT_1009a71e",word
1009a720,1009a722,data,"DAT_1009a720",word
1009a722,1009a724,data,"DAT_1009a722",word
1009a724,1009a726,data,"DAT_1009a724",word
1009a726,1009a728,data,"DAT_1009a726",word
1009a728,1009a72a,data,"DAT_1009a728",word
1009a72a,1009a72c,data,"DAT_1009a72a",word
1009a72c,1009a72e,data,"DAT_1009a72c",word
1009a72e,1009a730,data,"DAT_1009a72e",word
1009a730,1009a732,data,"DAT_1009a730",word
1009a732,1009a734,data,"DAT_1009a732",word
1009a734,1009a736,data,"DAT_1009a734",word
1009a736,1009a738,data,"DAT_1009a736",word
1009a738,1009a73a,data,"DAT_1009a738",word
1009a73a,1009a73c,data,"DAT_1009a73a",word
1009a73c,1009a73e,data,"DAT_1009a73c",word
1009a73e,1009a740,data,"DAT_1009a73e",word
1009a740,1009a742,data,"DAT_1009a740",word
1009a742,1009a744,data,"DAT_1009a742",word
1009a744,1009a746,data,"DAT_1009a744",word
1009a746,1009a748,data,"DAT_1009a746",word
1009a748,1009a74a,data,"DAT_1009a748",word
1009a74a,1009a74c,data,"DAT_1009a74a",word
1009a74c,1009a74e,data,"DAT_1009a74c",word
1009a74e,1009a750,data,"DAT_1009a74e",word
1009a750,1009a752,data,"DAT_1009a750",word
1009a752,1009a754,data,"DAT_1009a752",word
1009a754,1009a756,data,"DAT_1009a754",word
1009a756,1009a758,data,"DAT_1009a756",word
1009a758,1009a75c,data,"DAT_1009a758",dword
1009a75c,1009a760,data,"DAT_1009a75c",dword
1009a760,1009a762,data,"DAT_1009a760",word
1009a762,1009a764,data,"DAT_1009a762",word
1009a764,1009a766,data,"DAT_1009a764",word
1009a766,1009a768,data,"DAT_1009a766",word
1009a768,1009a76a,data,"DAT_1009a768",word
1009a76a,1009a76c,data,"DAT_1009a76a",word
1009a76c,1009a76e,data,"DAT_1009a76c",word
1009a76e,1009a770,data,"DAT_1009a76e",word
1009a770,1009a772,data,"DAT_1009a770",word
1009a772,1009a774,data,"DAT_1009a772",word
1009a774,1009a776,data,"DAT_1009a774",word
1009a776,1009a778,data,"DAT_1009a776",word
1009a778,1009a77a,data,"DAT_1009a778",word
1009a77a,1009a77c,data,"DAT_1009a77a",word
1009a77c,1009a77e,data,"DAT_1009a77c",word
1009a77e,1009a780,data,"DAT_1009a77e",word
1009a780,1009a782,data,"DAT_1009a780",word
1009a782,1009a784,data,"DAT_1009a782",word
1009a784,1009a786,data,"DAT_1009a784",word
1009a786,1009a788,data,"DAT_1009a786",word
1009a788,1009a78a,data,"DAT_1009a788",word
1009a78a,1009a78c,data,"DAT_1009a78a",word
1009a78c,1009a78e,data,"DAT_1009a78c",word
1009a78e,1009a790,data,"DAT_1009a78e",word
1009a790,1009a792,data,"DAT_1009a790",word
1009a792,1009a794,data,"DAT_1009a792",word
1009a794,1009a796,data,"DAT_1009a794",word
1009a796,1009a798,data,"DAT_1009a796",word
1009a798,1009a79a,data,"DAT_1009a798",word
1009a79a,1009a79c,data,"DAT_1009a79a",word
1009a79c,1009a79e,data,"DAT_1009a79c",word
1009a79e,1009a7a0,data,"DAT_1009a79e",word
1009a7a0,1009a7a2,data,"DAT_1009a7a0",word
1009a7a2,1009a7a4,data,"DAT_1009a7a2",word
1009a7a4,1009a7a6,data,"DAT_1009a7a4",word
1009a7a6,1009a7a8,data,"DAT_1009a7a6",word
1009a7a8,1009a7aa,data,"DAT_1009a7a8",word
1009a7aa,1009a7ac,data,"DAT_1009a7aa",word
1009a7ac,1009a7ae,data,"DAT_1009a7ac",word
1009a7ae,1009a7b0,data,"DAT_1009a7ae",word
1009a7b0,1009a7b2,data,"DAT_1009a7b0",word
1009a7b2,1009a7b4,data,"DAT_1009a7b2",word
1009a7b4,1009a7b6,data,"DAT_1009a7b4",word
1009a7b6,1009a7b8,data,"DAT_1009a7b6",word
1009a7b8,1009a7ba,data,"DAT_1009a7b8",word
1009a7ba,1009a7bc,data,"DAT_1009a7ba",word
1009a7bc,1009a7be,data,"DAT_1009a7bc",word
1009a7be,1009a7c0,data,"DAT_1009a7be",word
1009a7c0,1009a7c2,data,"DAT_1009a7c0",word
1009a7c2,1009a7c4,data,"DAT_1009a7c2",word
1009a7c4,1009a7c6,data,"DAT_1009a7c4",word
1009a7c6,1009a7c8,data,"DAT_1009a7c6",word
1009a7c8,1009a7ca,data,"DAT_1009a7c8",word
1009a7ca,1009a7cc,data,"DAT_1009a7ca",word
1009a7cc,1009a7ce,data,"DAT_1009a7cc",word
1009a7ce,1009a7d0,data,"DAT_1009a7ce",word
1009a7d0,1009a7d2,data,"DAT_1009a7d0",word
1009a7d2,1009a7d4,data,"DAT_1009a7d2",word
1009a7d4,1009a7d6,data,"DAT_1009a7d4",word
1009a7d6,1009a7d8,data,"DAT_1009a7d6",word
1009a7d8,1009a7da,data,"DAT_1009a7d8",word
1009a7da,1009a7dc,data,"DAT_1009a7da",word
1009a7dc,1009a7de,data,"DAT_1009a7dc",word
1009a7de,1009a7e0,data,"DAT_1009a7de",word
1009a7e0,1009a7e2,data,"DAT_1009a7e0",word
1009a7e2,1009a7e4,data,"DAT_1009a7e2",word
1009a7e4,1009a7e6,data,"DAT_1009a7e4",word
1009a7e6,1009a7e8,data,"DAT_1009a7e6",word
1009a7e8,1009a7ea,data,"DAT_1009a7e8",word
1009a7ea,1009a7ec,data,"DAT_1009a7ea",word
1009a7ec,1009a7ee,data,"DAT_1009a7ec",word
1009a7ee,1009a7f0,data,"DAT_1009a7ee",word
1009a7f0,1009a7f2,data,"DAT_1009a7f0",word
1009a7f2,1009a7f4,data,"DAT_1009a7f2",word
1009a7f4,1009a7f6,data,"DAT_1009a7f4",word
1009a7f6,1009a7f8,data,"DAT_1009a7f6",word
1009a7f8,1009a7fa,data,"DAT_1009a7f8",word
1009a7fa,1009a7fc,data,"DAT_1009a7fa",word
1009a7fc,1009a7fe,data,"DAT_1009a7fc",word
1009a7fe,1009a800,data,"DAT_1009a7fe",word
1009a800,1009a802,data,"DAT_1009a800",word
1009a802,1009a804,data,"DAT_1009a802",word
1009a804,1009a806,data,"DAT_1009a804",word
1009a806,1009a808,data,"DAT_1009a806",word
1009a808,1009a80a,data,"DAT_1009a808",word
1009a80a,1009a80c,data,"DAT_1009a80a",word
1009a80c,1009a80e,data,"DAT_1009a80c",word
1009a80e,1009a810,data,"DAT_1009a80e",word
1009a810,1009a812,data,"DAT_1009a810",word
1009a812,1009a814,data,"DAT_1009a812",word
1009a814,1009a816,data,"DAT_1009a814",word
1009a816,1009a818,data,"DAT_1009a816",word
1009a818,1009a81a,data,"DAT_1009a818",word
1009a81a,1009a81c,data,"DAT_1009a81a",word
1009a81c,1009a81e,data,"DAT_1009a81c",word
1009a81e,1009a820,data,"DAT_1009a81e",word
1009a820,1009a822,data,"DAT_1009a820",word
1009a822,1009a824,data,"DAT_1009a822",word
1009a824,1009a826,data,"DAT_1009a824",word
1009a826,1009a828,data,"DAT_1009a826",word
1009a828,1009a82a,data,"DAT_1009a828",word
1009a82a,1009a82c,data,"DAT_1009a82a",word
1009a82c,1009a82e,data,"DAT_1009a82c",word
1009a82e,1009a830,data,"DAT_1009a82e",word
1009a830,1009a832,data,"DAT_1009a830",word
1009a832,1009a834,data,"DAT_1009a832",word
1009a834,1009a836,data,"DAT_1009a834",word
1009a836,1009a838,data,"DAT_1009a836",word
1009a838,1009a83a,data,"DAT_1009a838",word
1009a83a,1009a83c,data,"DAT_1009a83a",word
1009a83c,1009a83e,data,"DAT_1009a83c",word
1009a83e,1009a840,data,"DAT_1009a83e",word
1009a840,1009a844,data,"DAT_1009a840",dword
1009a844,1009a848,data,"DAT_1009a844",dword
1009a848,1009a84a,data,"DAT_1009a848",word
1009a84a,1009a84c,data,"DAT_1009a84a",word
1009a84c,1009a84e,data,"DAT_1009a84c",word
1009a84e,1009a850,data,"DAT_1009a84e",word
1009a850,1009a852,data,"DAT_1009a850",word
1009a852,1009a854,data,"DAT_1009a852",word
1009a854,1009a856,data,"DAT_1009a854",word
1009a856,1009a858,data,"DAT_1009a856",word
1009a858,1009a85a,data,"DAT_1009a858",word
1009a85a,1009a85c,data,"DAT_1009a85a",word
1009a85c,1009a85e,data,"DAT_1009a85c",word
1009a85e,1009a860,data,"DAT_1009a85e",word
1009a860,1009a862,data,"DAT_1009a860",word
1009a862,1009a864,data,"DAT_1009a862",word
1009a864,1009a866,data,"DAT_1009a864",word
1009a866,1009a868,data,"DAT_1009a866",word
1009a868,1009a86a,data,"DAT_1009a868",word
1009a86a,1009a86c,data,"DAT_1009a86a",word
1009a86c,1009a86e,data,"DAT_1009a86c",word
1009a86e,1009a870,data,"DAT_1009a86e",word
1009a870,1009a872,data,"DAT_1009a870",word
1009a872,1009a874,data,"DAT_1009a872",word
1009a874,1009a876,data,"DAT_1009a874",word
1009a876,1009a878,data,"DAT_1009a876",word
1009a878,1009a87a,data,"DAT_1009a878",word
1009a87a,1009a87c,data,"DAT_1009a87a",word
1009a87c,1009a87e,data,"DAT_1009a87c",word
1009a87e,1009a880,data,"DAT_1009a87e",word
1009a880,1009a882,data,"DAT_1009a880",word
1009a882,1009a884,data,"DAT_1009a882",word
1009a884,1009a886,data,"DAT_1009a884",word
1009a886,1009a888,data,"DAT_1009a886",word
1009a888,1009a88a,data,"DAT_1009a888",word
1009a88a,1009a88c,data,"DAT_1009a88a",word
1009a88c,1009a88e,data,"DAT_1009a88c",word
1009a88e,1009a890,data,"DAT_1009a88e",word
1009a890,1009a892,data,"DAT_1009a890",word
1009a892,1009a894,data,"DAT_1009a892",word
1009a894,1009a896,data,"DAT_1009a894",word
1009a896,1009a898,data,"DAT_1009a896",word
1009a898,1009a89a,data,"DAT_1009a898",word
1009a89a,1009a89c,data,"DAT_1009a89a",word
1009a89c,1009a89e,data,"DAT_1009a89c",word
1009a89e,1009a8a0,data,"DAT_1009a89e",word
1009a8a0,1009a8a2,data,"DAT_1009a8a0",word
1009a8a2,1009a8a4,data,"DAT_1009a8a2",word
1009a8a4,1009a8a6,data,"DAT_1009a8a4",word
1009a8a6,1009a8a8,data,"DAT_1009a8a6",word
1009a8a8,1009a8aa,data,"DAT_1009a8a8",word
1009a8aa,1009a8ac,data,"DAT_1009a8aa",word
1009a8ac,1009a8ae,data,"DAT_1009a8ac",word
1009a8ae,1009a8b0,data,"DAT_1009a8ae",word
1009a8b0,1009a8b2,data,"DAT_1009a8b0",word
1009a8b2,1009a8b4,data,"DAT_1009a8b2",word
1009a8b4,1009a8b8,data,"DAT_1009a8b4",dword
1009a8b8,1009a8bc,data,"DAT_1009a8b8",dword
1009a8bc,1009a8be,data,"DAT_1009a8bc",word
1009a8be,1009a8c0,data,"DAT_1009a8be",word
1009a8c0,1009a8c2,data,"DAT_1009a8c0",word
1009a8c2,1009a8c4,data,"DAT_1009a8c2",word
1009a8c4,1009a8c6,data,"DAT_1009a8c4",word
1009a8c6,1009a8c8,data,"DAT_1009a8c6",word
1009a8c8,1009a8ca,data,"DAT_1009a8c8",word
1009a8ca,1009a8cc,data,"DAT_1009a8ca",word
1009a8cc,1009a8ce,data,"DAT_1009a8cc",word
1009a8ce,1009a8d0,data,"DAT_1009a8ce",word
1009a8d0,1009a8d2,data,"DAT_1009a8d0",word
1009a8d2,1009a8d4,data,"DAT_1009a8d2",word
1009a8d4,1009a8d6,data,"DAT_1009a8d4",word
1009a8d6,1009a8d8,data,"DAT_1009a8d6",word
1009a8d8,1009a8da,data,"DAT_1009a8d8",word
1009a8da,1009a8dc,data,"DAT_1009a8da",word
1009a8dc,1009a8de,data,"DAT_1009a8dc",word
1009a8de,1009a8e0,data,"DAT_1009a8de",word
1009a8e0,1009a8e2,data,"DAT_1009a8e0",word
1009a8e2,1009a8e4,data,"DAT_1009a8e2",word
1009a8e4,1009a8e6,data,"DAT_1009a8e4",word
1009a8e6,1009a8e8,data,"DAT_1009a8e6",word
1009a8e8,1009a8ea,data,"DAT_1009a8e8",word
1009a8ea,1009a8ec,data,"DAT_1009a8ea",word
1009a8ec,1009a8ee,data,"DAT_1009a8ec",word
1009a8ee,1009a8f0,data,"DAT_1009a8ee",word
1009a8f0,1009a8f2,data,"DAT_1009a8f0",word
1009a8f2,1009a8f4,data,"DAT_1009a8f2",word
1009a8f4,1009a8f6,data,"DAT_1009a8f4",word
1009a8f6,1009a8f8,data,"DAT_1009a8f6",word
1009a8f8,1009a8fa,data,"DAT_1009a8f8",word
1009a8fa,1009a8fc,data,"DAT_1009a8fa",word
1009a8fc,1009a8fe,data,"DAT_1009a8fc",word
1009a8fe,1009a900,data,"DAT_1009a8fe",word
1009a900,1009a902,data,"DAT_1009a900",word
1009a902,1009a904,data,"DAT_1009a902",word
1009a904,1009a906,data,"DAT_1009a904",word
1009a906,1009a908,data,"DAT_1009a906",word
1009a908,1009a90a,data,"DAT_1009a908",word
1009a90a,1009a90c,data,"DAT_1009a90a",word
1009a90c,1009a90e,data,"DAT_1009a90c",word
1009a90e,1009a910,data,"DAT_1009a90e",word
1009a910,1009a912,data,"DAT_1009a910",word
1009a912,1009a914,data,"DAT_1009a912",word
1009a914,1009a916,data,"DAT_1009a914",word
1009a916,1009a918,data,"DAT_1009a916",word
1009a918,1009a91a,data,"DAT_1009a918",word
1009a91a,1009a91c,data,"DAT_1009a91a",word
1009a91c,1009a91e,data,"DAT_1009a91c",word
1009a91e,1009a920,data,"DAT_1009a91e",word
1009a920,1009a922,data,"DAT_1009a920",word
1009a922,1009a924,data,"DAT_1009a922",word
1009a924,1009a926,data,"DAT_1009a924",word
1009a926,1009a928,data,"DAT_1009a926",word
1009a928,1009a92a,data,"DAT_1009a928",word
1009a92a,1009a92c,data,"DAT_1009a92a",word
1009a92c,1009a92e,data,"DAT_1009a92c",word
1009a92e,1009a930,data,"DAT_1009a92e",word
1009a930,1009a932,data,"DAT_1009a930",word
1009a932,1009a934,data,"DAT_1009a932",word
1009a934,1009a936,data,"DAT_1009a934",word
1009a936,1009a938,data,"DAT_1009a936",word
1009a938,1009a93a,data,"DAT_1009a938",word
1009a93a,1009a93c,data,"DAT_1009a93a",word
1009a93c,1009a93e,data,"DAT_1009a93c",word
1009a93e,1009a940,data,"DAT_1009a93e",word
1009a940,1009a942,data,"DAT_1009a940",word
1009a942,1009a944,data,"DAT_1009a942",word
1009a944,1009a946,data,"DAT_1009a944",word
1009a946,1009a948,data,"DAT_1009a946",word
1009a948,1009a94a,data,"DAT_1009a948",word
1009a94a,1009a94c,data,"DAT_1009a94a",word
1009a94c,1009a94e,data,"DAT_1009a94c",word
1009a94e,1009a950,data,"DAT_1009a94e",word
1009a950,1009a952,data,"DAT_1009a950",word
1009a952,1009a954,data,"DAT_1009a952",word
1009a954,1009a958,data,"DAT_1009a954",dword
1009a958,1009a95c,data,"DAT_1009a958",dword
1009a95c,1009a95e,data,"DAT_1009a95c",word
1009a95e,1009a960,data,"DAT_1009a95e",word
1009a960,1009a962,data,"DAT_1009a960",word
1009a962,1009a964,data,"DAT_1009a962",word
1009a964,1009a966,data,"DAT_1009a964",word
1009a966,1009a968,data,"DAT_1009a966",word
1009a968,1009a96a,data,"DAT_1009a968",word
1009a96a,1009a96c,data,"DAT_1009a96a",word
1009a96c,1009a96e,data,"DAT_1009a96c",word
1009a96e,1009a970,data,"DAT_1009a96e",word
1009a970,1009a972,data,"DAT_1009a970",word
1009a972,1009a974,data,"DAT_1009a972",word
1009a974,1009a976,data,"DAT_1009a974",word
1009a976,1009a978,data,"DAT_1009a976",word
1009a978,1009a97a,data,"DAT_1009a978",word
1009a97a,1009a97c,data,"DAT_1009a97a",word
1009a97c,1009a97e,data,"DAT_1009a97c",word
1009a97e,1009a980,data,"DAT_1009a97e",word
1009a980,1009a982,data,"DAT_1009a980",word
1009a982,1009a984,data,"DAT_1009a982",word
1009a984,1009a986,data,"DAT_1009a984",word
1009a986,1009a988,data,"DAT_1009a986",word
1009a988,1009a98a,data,"DAT_1009a988",word
1009a98a,1009a98c,data,"DAT_1009a98a",word
1009a98c,1009a98e,data,"DAT_1009a98c",word
1009a98e,1009a990,data,"DAT_1009a98e",word
1009a990,1009a992,data,"DAT_1009a990",word
1009a992,1009a994,data,"DAT_1009a992",word
1009a994,1009a996,data,"DAT_1009a994",word
1009a996,1009a998,data,"DAT_1009a996",word
1009a998,1009a99a,data,"DAT_1009a998",word
1009a99a,1009a99c,data,"DAT_1009a99a",word
1009a99c,1009a99e,data,"DAT_1009a99c",word
1009a99e,1009a9a0,data,"DAT_1009a99e",word
1009a9a0,1009a9a2,data,"DAT_1009a9a0",word
1009a9a2,1009a9a4,data,"DAT_1009a9a2",word
1009a9a4,1009a9a6,data,"DAT_1009a9a4",word
1009a9a6,1009a9a8,data,"DAT_1009a9a6",word
1009a9a8,1009a9aa,data,"DAT_1009a9a8",word
1009a9aa,1009a9ac,data,"DAT_1009a9aa",word
1009a9ac,1009a9ae,data,"DAT_1009a9ac",word
1009a9ae,1009a9b0,data,"DAT_1009a9ae",word
1009a9b0,1009a9b2,data,"DAT_1009a9b0",word
1009a9b2,1009a9b4,data,"DAT_1009a9b2",word
1009a9b4,1009a9b6,data,"DAT_1009a9b4",word
1009a9b6,1009a9b8,data,"DAT_1009a9b6",word
1009a9b8,1009a9ba,data,"DAT_1009a9b8",word
1009a9ba,1009a9bc,data,"DAT_1009a9ba",word
1009a9bc,1009a9be,data,"DAT_1009a9bc",word
1009a9be,1009a9c0,data,"DAT_1009a9be",word
1009a9c0,1009a9c2,data,"DAT_1009a9c0",word
1009a9c2,1009a9c4,data,"DAT_1009a9c2",word
1009a9c4,1009a9c6,data,"DAT_1009a9c4",word
1009a9c6,1009a9c8,data,"DAT_1009a9c6",word
1009a9c8,1009a9ca,data,"DAT_1009a9c8",word
1009a9ca,1009a9cc,data,"DAT_1009a9ca",word
1009a9cc,1009a9ce,data,"DAT_1009a9cc",word
1009a9ce,1009a9d0,data,"DAT_1009a9ce",word
1009a9d0,1009a9d2,data,"DAT_1009a9d0",word
1009a9d2,1009a9d4,data,"DAT_1009a9d2",word
1009a9d4,1009a9d6,data,"DAT_1009a9d4",word
1009a9d6,1009a9d8,data,"DAT_1009a9d6",word
1009a9d8,1009a9da,data,"DAT_1009a9d8",word
1009a9da,1009a9dc,data,"DAT_1009a9da",word
1009a9dc,1009a9de,data,"DAT_1009a9dc",word
1009a9de,1009a9e0,data,"DAT_1009a9de",word
1009a9e0,1009a9e2,data,"DAT_1009a9e0",word
1009a9e2,1009a9e4,data,"DAT_1009a9e2",word
1009a9e4,1009a9e6,data,"DAT_1009a9e4",word
1009a9e6,1009a9e8,data,"DAT_1009a9e6",word
1009a9e8,1009a9ea,data,"DAT_1009a9e8",word
1009a9ea,1009a9ec,data,"DAT_1009a9ea",word
1009a9ec,1009a9ee,data,"DAT_1009a9ec",word
1009a9ee,1009a9f0,data,"DAT_1009a9ee",word
1009a9f0,1009a9f2,data,"DAT_1009a9f0",word
1009a9f2,1009a9f4,data,"DAT_1009a9f2",word
1009a9f4,1009a9f6,data,"DAT_1009a9f4",word
1009a9f6,1009a9f8,data,"DAT_1009a9f6",word
1009a9f8,1009a9fa,data,"DAT_1009a9f8",word
1009a9fa,1009a9fc,data,"DAT_1009a9fa",word
1009a9fc,1009a9fe,data,"DAT_1009a9fc",word
1009a9fe,1009aa00,data,"DAT_1009a9fe",word
1009aa00,1009aa02,data,"DAT_1009aa00",word
1009aa02,1009aa04,data,"DAT_1009aa02",word
1009aa04,1009aa06,data,"DAT_1009aa04",word
1009aa06,1009aa08,data,"DAT_1009aa06",word
1009aa08,1009aa0a,data,"DAT_1009aa08",word
1009aa0a,1009aa0c,data,"DAT_1009aa0a",word
1009aa0c,1009aa0e,data,"DAT_1009aa0c",word
1009aa0e,1009aa10,data,"DAT_1009aa0e",word
1009aa10,1009aa12,data,"DAT_1009aa10",word
1009aa12,1009aa14,data,"DAT_1009aa12",word
1009aa14,1009aa16,data,"DAT_1009aa14",word
1009aa16,1009aa18,data,"DAT_1009aa16",word
1009aa18,1009aa1a,data,"DAT_1009aa18",word
1009aa1a,1009aa1c,data,"DAT_1009aa1a",word
1009aa1c,1009aa1e,data,"DAT_1009aa1c",word
1009aa1e,1009aa20,data,"DAT_1009aa1e",word
1009aa20,1009aa22,data,"DAT_1009aa20",word
1009aa22,1009aa24,data,"DAT_1009aa22",word
1009aa24,1009aa26,data,"DAT_1009aa24",word
1009aa26,1009aa28,data,"DAT_1009aa26",word
1009aa28,1009aa2a,data,"DAT_1009aa28",word
1009aa2a,1009aa2c,data,"DAT_1009aa2a",word
1009aa2c,1009aa2e,data,"DAT_1009aa2c",word
1009aa2e,1009aa30,data,"DAT_1009aa2e",word
1009aa30,1009aa32,data,"DAT_1009aa30",word
1009aa32,1009aa34,data,"DAT_1009aa32",word
1009aa34,1009aa36,data,"DAT_1009aa34",word
1009aa36,1009aa38,data,"DAT_1009aa36",word
1009aa38,1009aa3a,data,"DAT_1009aa38",word
1009aa3a,1009aa3c,data,"DAT_1009aa3a",word
1009aa3c,1009aa3e,data,"DAT_1009aa3c",word
1009aa3e,1009aa40,data,"DAT_1009aa3e",word
1009aa40,1009aa42,data,"DAT_1009aa40",word
1009aa42,1009aa44,data,"DAT_1009aa42",word
1009aa44,1009aa46,data,"DAT_1009aa44",word
1009aa46,1009aa48,data,"DAT_1009aa46",word
1009aa48,1009aa4a,data,"DAT_1009aa48",word
1009aa4a,1009aa4c,data,"DAT_1009aa4a",word
1009aa4c,1009aa4e,data,"DAT_1009aa4c",word
1009aa4e,1009aa50,data,"DAT_1009aa4e",word
1009aa50,1009aa52,data,"DAT_1009aa50",word
1009aa52,1009aa54,data,"DAT_1009aa52",word
1009aa54,1009aa56,data,"DAT_1009aa54",word
1009aa56,1009aa58,data,"DAT_1009aa56",word
1009aa58,1009aa5a,data,"DAT_1009aa58",word
1009aa5a,1009aa5c,data,"DAT_1009aa5a",word
1009aa5c,1009aa5e,data,"DAT_1009aa5c",word
1009aa5e,1009aa60,data,"DAT_1009aa5e",word
1009aa60,1009aa62,data,"DAT_1009aa60",word
1009aa62,1009aa64,data,"DAT_1009aa62",word
1009aa64,1009aa66,data,"DAT_1009aa64",word
1009aa66,1009aa68,data,"DAT_1009aa66",word
1009aa68,1009aa6a,data,"DAT_1009aa68",word
1009aa6a,1009aa6c,data,"DAT_1009aa6a",word
1009aa6c,1009aa6e,data,"DAT_1009aa6c",word
1009aa6e,1009aa70,data,"DAT_1009aa6e",word
1009aa70,1009aa72,data,"DAT_1009aa70",word
1009aa72,1009aa74,data,"DAT_1009aa72",word
1009aa74,1009aa76,data,"DAT_1009aa74",word
1009aa76,1009aa78,data,"DAT_1009aa76",word
1009aa78,1009aa7a,data,"DAT_1009aa78",word
1009aa7a,1009aa7c,data,"DAT_1009aa7a",word
1009aa7c,1009aa7e,data,"DAT_1009aa7c",word
1009aa7e,1009aa80,data,"DAT_1009aa7e",word
1009aa80,1009aa82,data,"DAT_1009aa80",word
1009aa82,1009aa84,data,"DAT_1009aa82",word
1009aa84,1009aa86,data,"DAT_1009aa84",word
1009aa86,1009aa88,data,"DAT_1009aa86",word
1009aa88,1009aa8a,data,"DAT_1009aa88",word
1009aa8a,1009aa8c,data,"DAT_1009aa8a",word
1009aa8c,1009aa8e,data,"DAT_1009aa8c",word
1009aa8e,1009aa90,data,"DAT_1009aa8e",word
1009aa90,1009aa92,data,"DAT_1009aa90",word
1009aa92,1009aa94,data,"DAT_1009aa92",word
1009aa94,1009aa96,data,"DAT_1009aa94",word
1009aa96,1009aa98,data,"DAT_1009aa96",word
1009aa98,1009aa9a,data,"DAT_1009aa98",word
1009aa9a,1009aa9c,data,"DAT_1009aa9a",word
1009aa9c,1009aa9e,data,"DAT_1009aa9c",word
1009aa9e,1009aaa0,data,"DAT_1009aa9e",word
1009aaa0,1009aaa2,data,"DAT_1009aaa0",word
1009aaa2,1009aaa4,data,"DAT_1009aaa2",word
1009aaa4,1009aaa6,data,"DAT_1009aaa4",word
1009aaa6,1009aaa8,data,"DAT_1009aaa6",word
1009aaa8,1009aaaa,data,"DAT_1009aaa8",word
1009aaaa,1009aaac,data,"DAT_1009aaaa",word
1009aaac,1009aaae,data,"DAT_1009aaac",word
1009aaae,1009aab0,data,"DAT_1009aaae",word
1009aab0,1009aab2,data,"DAT_1009aab0",word
1009aab2,1009aab4,data,"DAT_1009aab2",word
1009aab4,1009aab8,data,"DAT_1009aab4",dword
1009aab8,1009aabc,data,"DAT_1009aab8",dword
1009aabc,1009aabe,data,"DAT_1009aabc",word
1009aabe,1009aac0,data,"DAT_1009aabe",word
1009aac0,1009aac2,data,"DAT_1009aac0",word
1009aac2,1009aac4,data,"DAT_1009aac2",word
1009aac4,1009aac6,data,"DAT_1009aac4",word
1009aac6,1009aac8,data,"DAT_1009aac6",word
1009aac8,1009aaca,data,"DAT_1009aac8",word
1009aaca,1009aacc,data,"DAT_1009aaca",word
1009aacc,1009aace,data,"DAT_1009aacc",word
1009aace,1009aad0,data,"DAT_1009aace",word
1009aad0,1009aad2,data,"DAT_1009aad0",word
1009aad2,1009aad4,data,"DAT_1009aad2",word
1009aad4,1009aad6,data,"DAT_1009aad4",word
1009aad6,1009aad8,data,"DAT_1009aad6",word
1009aad8,1009aada,data,"DAT_1009aad8",word
1009aada,1009aadc,data,"DAT_1009aada",word
1009aadc,1009aade,data,"DAT_1009aadc",word
1009aade,1009aae0,data,"DAT_1009aade",word
1009aae0,1009aae2,data,"DAT_1009aae0",word
1009aae2,1009aae4,data,"DAT_1009aae2",word
1009aae4,1009aae6,data,"DAT_1009aae4",word
1009aae6,1009aae8,data,"DAT_1009aae6",word
1009aae8,1009aaea,data,"DAT_1009aae8",word
1009aaea,1009aaec,data,"DAT_1009aaea",word
1009aaec,1009aaee,data,"DAT_1009aaec",word
1009aaee,1009aaf0,data,"DAT_1009aaee",word
1009aaf0,1009aaf2,data,"DAT_1009aaf0",word
1009aaf2,1009aaf4,data,"DAT_1009aaf2",word
1009aaf4,1009aaf6,data,"DAT_1009aaf4",word
1009aaf6,1009aaf8,data,"DAT_1009aaf6",word
1009aaf8,1009aafa,data,"DAT_1009aaf8",word
1009aafa,1009aafc,data,"DAT_1009aafa",word
1009aafc,1009aafe,data,"DAT_1009aafc",word
1009aafe,1009ab00,data,"DAT_1009aafe",word
1009ab00,1009ab02,data,"DAT_1009ab00",word
1009ab02,1009ab04,data,"DAT_1009ab02",word
1009ab04,1009ab06,data,"DAT_1009ab04",word
1009ab06,1009ab08,data,"DAT_1009ab06",word
1009ab08,1009ab0a,data,"DAT_1009ab08",word
1009ab0a,1009ab0c,data,"DAT_1009ab0a",word
1009ab0c,1009ab0e,data,"DAT_1009ab0c",word
1009ab0e,1009ab10,data,"DAT_1009ab0e",word
1009ab10,1009ab12,data,"DAT_1009ab10",word
1009ab12,1009ab14,data,"DAT_1009ab12",word
1009ab14,1009ab16,data,"DAT_1009ab14",word
1009ab16,1009ab18,data,"DAT_1009ab16",word
1009ab18,1009ab1a,data,"DAT_1009ab18",word
1009ab1a,1009ab1c,data,"DAT_1009ab1a",word
1009ab1c,1009ab1e,data,"DAT_1009ab1c",word
1009ab1e,1009ab20,data,"DAT_1009ab1e",word
1009ab20,1009ab22,data,"DAT_1009ab20",word
1009ab22,1009ab24,data,"DAT_1009ab22",word
1009ab24,1009ab26,data,"DAT_1009ab24",word
1009ab26,1009ab28,data,"DAT_1009ab26",word
1009ab28,1009ab2a,data,"DAT_1009ab28",word
1009ab2a,1009ab2c,data,"DAT_1009ab2a",word
1009ab2c,1009ab2e,data,"DAT_1009ab2c",word
1009ab2e,1009ab30,data,"DAT_1009ab2e",word
1009ab30,1009ab32,data,"DAT_1009ab30",word
1009ab32,1009ab34,data,"DAT_1009ab32",word
1009ab34,1009ab36,data,"DAT_1009ab34",word
1009ab36,1009ab38,data,"DAT_1009ab36",word
1009ab38,1009ab3a,data,"DAT_1009ab38",word
1009ab3a,1009ab3c,data,"DAT_1009ab3a",word
1009ab3c,1009ab3e,data,"DAT_1009ab3c",word
1009ab3e,1009ab40,data,"DAT_1009ab3e",word
1009ab40,1009ab42,data,"DAT_1009ab40",word
1009ab42,1009ab44,data,"DAT_1009ab42",word
1009ab44,1009ab46,data,"DAT_1009ab44",word
1009ab46,1009ab48,data,"DAT_1009ab46",word
1009ab48,1009ab4a,data,"DAT_1009ab48",word
1009ab4a,1009ab4c,data,"DAT_1009ab4a",word
1009ab4c,1009ab4e,data,"DAT_1009ab4c",word
1009ab4e,1009ab50,data,"DAT_1009ab4e",word
1009ab50,1009ab52,data,"DAT_1009ab50",word
1009ab52,1009ab54,data,"DAT_1009ab52",word
1009ab54,1009ab56,data,"DAT_1009ab54",word
1009ab56,1009ab58,data,"DAT_1009ab56",word
1009ab58,1009ab5a,data,"DAT_1009ab58",word
1009ab5a,1009ab5c,data,"DAT_1009ab5a",word
1009ab5c,1009ab5e,data,"DAT_1009ab5c",word
1009ab5e,1009ab60,data,"DAT_1009ab5e",word
1009ab60,1009ab62,data,"DAT_1009ab60",word
1009ab62,1009ab64,data,"DAT_1009ab62",word
1009ab64,1009ab66,data,"DAT_1009ab64",word
1009ab66,1009ab68,data,"DAT_1009ab66",word
1009ab68,1009ab6a,data,"DAT_1009ab68",word
1009ab6a,1009ab6c,data,"DAT_1009ab6a",word
1009ab6c,1009ab6e,data,"DAT_1009ab6c",word
1009ab6e,1009ab70,data,"DAT_1009ab6e",word
1009ab70,1009ab72,data,"DAT_1009ab70",word
1009ab72,1009ab74,data,"DAT_1009ab72",word
1009ab74,1009ab76,data,"DAT_1009ab74",word
1009ab76,1009ab78,data,"DAT_1009ab76",word
1009ab78,1009ab7a,data,"DAT_1009ab78",word
1009ab7a,1009ab7c,data,"DAT_1009ab7a",word
1009ab7c,1009ab7e,data,"DAT_1009ab7c",word
1009ab7e,1009ab80,data,"DAT_1009ab7e",word
1009ab80,1009ab82,data,"DAT_1009ab80",word
1009ab82,1009ab84,data,"DAT_1009ab82",word
1009ab84,1009ab86,data,"DAT_1009ab84",word
1009ab86,1009ab88,data,"DAT_1009ab86",word
1009ab88,1009ab8a,data,"DAT_1009ab88",word
1009ab8a,1009ab8c,data,"DAT_1009ab8a",word
1009ab8c,1009ab8e,data,"DAT_1009ab8c",word
1009ab8e,1009ab90,data,"DAT_1009ab8e",word
1009ab90,1009ab92,data,"DAT_1009ab90",word
1009ab92,1009ab94,data,"DAT_1009ab92",word
1009ab94,1009ab96,data,"DAT_1009ab94",word
1009ab96,1009ab98,data,"DAT_1009ab96",word
1009ab98,1009ab9a,data,"DAT_1009ab98",word
1009ab9a,1009ab9c,data,"DAT_1009ab9a",word
1009ab9c,1009ab9e,data,"DAT_1009ab9c",word
1009ab9e,1009aba0,data,"DAT_1009ab9e",word
1009aba0,1009aba2,data,"DAT_1009aba0",word
1009aba2,1009aba4,data,"DAT_1009aba2",word
1009aba4,1009aba6,data,"DAT_1009aba4",word
1009aba6,1009aba8,data,"DAT_1009aba6",word
1009aba8,1009abaa,data,"DAT_1009aba8",word
1009abaa,1009abac,data,"DAT_1009abaa",word
1009abac,1009abae,data,"DAT_1009abac",word
1009abae,1009abb0,data,"DAT_1009abae",word
1009abb0,1009abb2,data,"DAT_1009abb0",word
1009abb2,1009abb4,data,"DAT_1009abb2",word
1009abb4,1009abb6,data,"DAT_1009abb4",word
1009abb6,1009abb8,data,"DAT_1009abb6",word
1009abb8,1009abba,data,"DAT_1009abb8",word
1009abba,1009abbc,data,"DAT_1009abba",word
1009abbc,1009abbe,data,"DAT_1009abbc",word
1009abbe,1009abc0,data,"DAT_1009abbe",word
1009abc0,1009abc2,data,"DAT_1009abc0",word
1009abc2,1009abc4,data,"DAT_1009abc2",word
1009abc4,1009abc6,data,"DAT_1009abc4",word
1009abc6,1009abc8,data,"DAT_1009abc6",word
1009abc8,1009abca,data,"DAT_1009abc8",word
1009abca,1009abcc,data,"DAT_1009abca",word
1009abcc,1009abd0,data,"DAT_1009abcc",dword
1009abd0,1009abd4,data,"DAT_1009abd0",dword
1009abd4,1009abd6,data,"DAT_1009abd4",word
1009abd6,1009abd8,data,"DAT_1009abd6",word
1009abd8,1009abda,data,"DAT_1009abd8",word
1009abda,1009abdc,data,"DAT_1009abda",word
1009abdc,1009abde,data,"DAT_1009abdc",word
1009abde,1009abe0,data,"DAT_1009abde",word
1009abe0,1009abe2,data,"DAT_1009abe0",word
1009abe2,1009abe4,data,"DAT_1009abe2",word
1009abe4,1009abe6,data,"DAT_1009abe4",word
1009abe6,1009abe8,data,"DAT_1009abe6",word
1009abe8,1009abea,data,"DAT_1009abe8",word
1009abea,1009abec,data,"DAT_1009abea",word
1009abec,1009abee,data,"DAT_1009abec",word
1009abee,1009abf0,data,"DAT_1009abee",word
1009abf0,1009abf2,data,"DAT_1009abf0",word
1009abf2,1009abf4,data,"DAT_1009abf2",word
1009abf4,1009abf6,data,"DAT_1009abf4",word
1009abf6,1009abf8,data,"DAT_1009abf6",word
1009abf8,1009abfa,data,"DAT_1009abf8",word
1009abfa,1009abfc,data,"DAT_1009abfa",word
1009abfc,1009abfe,data,"DAT_1009abfc",word
1009abfe,1009ac00,data,"DAT_1009abfe",word
1009ac00,1009ac02,data,"DAT_1009ac00",word
1009ac02,1009ac04,data,"DAT_1009ac02",word
1009ac04,1009ac06,data,"DAT_1009ac04",word
1009ac06,1009ac08,data,"DAT_1009ac06",word
1009ac08,1009ac0a,data,"DAT_1009ac08",word
1009ac0a,1009ac0c,data,"DAT_1009ac0a",word
1009ac0c,1009ac0e,data,"DAT_1009ac0c",word
1009ac0e,1009ac10,data,"DAT_1009ac0e",word
1009ac10,1009ac12,data,"DAT_1009ac10",word
1009ac12,1009ac14,data,"DAT_1009ac12",word
1009ac14,1009ac16,data,"DAT_1009ac14",word
1009ac16,1009ac18,data,"DAT_1009ac16",word
1009ac18,1009ac1a,data,"DAT_1009ac18",word
1009ac1a,1009ac1c,data,"DAT_1009ac1a",word
1009ac1c,1009ac1e,data,"DAT_1009ac1c",word
1009ac1e,1009ac20,data,"DAT_1009ac1e",word
1009ac20,1009ac22,data,"DAT_1009ac20",word
1009ac22,1009ac24,data,"DAT_1009ac22",word
1009ac24,1009ac26,data,"DAT_1009ac24",word
1009ac26,1009ac28,data,"DAT_1009ac26",word
1009ac28,1009ac2a,data,"DAT_1009ac28",word
1009ac2a,1009ac2c,data,"DAT_1009ac2a",word
1009ac2c,1009ac2e,data,"DAT_1009ac2c",word
1009ac2e,1009ac30,data,"DAT_1009ac2e",word
1009ac30,1009ac32,data,"DAT_1009ac30",word
1009ac32,1009ac34,data,"DAT_1009ac32",word
1009ac34,1009ac36,data,"DAT_1009ac34",word
1009ac36,1009ac38,data,"DAT_1009ac36",word
1009ac38,1009ac3a,data,"DAT_1009ac38",word
1009ac3a,1009ac3c,data,"DAT_1009ac3a",word
1009ac3c,1009ac3e,data,"DAT_1009ac3c",word
1009ac3e,1009ac40,data,"DAT_1009ac3e",word
1009ac40,1009ac42,data,"DAT_1009ac40",word
1009ac42,1009ac44,data,"DAT_1009ac42",word
1009ac44,1009ac46,data,"DAT_1009ac44",word
1009ac46,1009ac48,data,"DAT_1009ac46",word
1009ac48,1009ac4a,data,"DAT_1009ac48",word
1009ac4a,1009ac4c,data,"DAT_1009ac4a",word
1009ac4c,1009ac4e,data,"DAT_1009ac4c",word
1009ac4e,1009ac50,data,"DAT_1009ac4e",word
1009ac50,1009ac52,data,"DAT_1009ac50",word
1009ac52,1009ac54,data,"DAT_1009ac52",word
1009ac54,1009ac56,data,"DAT_1009ac54",word
1009ac56,1009ac58,data,"DAT_1009ac56",word
1009ac58,1009ac5a,data,"DAT_1009ac58",word
1009ac5a,1009ac5c,data,"DAT_1009ac5a",word
1009ac5c,1009ac5e,data,"DAT_1009ac5c",word
1009ac5e,1009ac60,data,"DAT_1009ac5e",word
1009ac60,1009ac62,data,"DAT_1009ac60",word
1009ac62,1009ac64,data,"DAT_1009ac62",word
1009ac64,1009ac66,data,"DAT_1009ac64",word
1009ac66,1009ac68,data,"DAT_1009ac66",word
1009ac68,1009ac6a,data,"DAT_1009ac68",word
1009ac6a,1009ac6c,data,"DAT_1009ac6a",word
1009ac6c,1009ac6e,data,"DAT_1009ac6c",word
1009ac6e,1009ac70,data,"DAT_1009ac6e",word
1009ac70,1009ac72,data,"DAT_1009ac70",word
1009ac72,1009ac74,data,"DAT_1009ac72",word
1009ac74,1009ac76,data,"DAT_1009ac74",word
1009ac76,1009ac78,data,"DAT_1009ac76",word
1009ac78,1009ac7a,data,"DAT_1009ac78",word
1009ac7a,1009ac7c,data,"DAT_1009ac7a",word
1009ac7c,1009ac7e,data,"DAT_1009ac7c",word
1009ac7e,1009ac80,data,"DAT_1009ac7e",word
1009ac80,1009ac82,data,"DAT_1009ac80",word
1009ac82,1009ac84,data,"DAT_1009ac82",word
1009ac84,1009ac86,data,"DAT_1009ac84",word
1009ac86,1009ac88,data,"DAT_1009ac86",word
1009ac88,1009ac8a,data,"DAT_1009ac88",word
1009ac8a,1009ac8c,data,"DAT_1009ac8a",word
1009ac8c,1009ac8e,data,"DAT_1009ac8c",word
1009ac8e,1009ac90,data,"DAT_1009ac8e",word
1009ac90,1009ac92,data,"DAT_1009ac90",word
1009ac92,1009ac94,data,"DAT_1009ac92",word
1009ac94,1009ac96,data,"DAT_1009ac94",word
1009ac96,1009ac98,data,"DAT_1009ac96",word
1009ac98,1009ac9a,data,"DAT_1009ac98",word
1009ac9a,1009ac9c,data,"DAT_1009ac9a",word
1009ac9c,1009ac9e,data,"DAT_1009ac9c",word
1009ac9e,1009aca0,data,"DAT_1009ac9e",word
1009aca0,1009aca2,data,"DAT_1009aca0",word
1009aca2,1009aca4,data,"DAT_1009aca2",word
1009aca4,1009aca6,data,"DAT_1009aca4",word
1009aca6,1009aca8,data,"DAT_1009aca6",word
1009aca8,1009acaa,data,"DAT_1009aca8",word
1009acaa,1009acac,data,"DAT_1009acaa",word
1009acac,1009acae,data,"DAT_1009acac",word
1009acae,1009acb0,data,"DAT_1009acae",word
1009acb0,1009acb2,data,"DAT_1009acb0",word
1009acb2,1009acb4,data,"DAT_1009acb2",word
1009acb4,1009acb6,data,"DAT_1009acb4",word
1009acb6,1009acb8,data,"DAT_1009acb6",word
1009acb8,1009acba,data,"DAT_1009acb8",word
1009acba,1009acbc,data,"DAT_1009acba",word
1009acbc,1009acbe,data,"DAT_1009acbc",word
1009acbe,1009acc0,data,"DAT_1009acbe",word
1009acc0,1009acc2,data,"DAT_1009acc0",word
1009acc2,1009acc4,data,"DAT_1009acc2",word
1009acc4,1009acc6,data,"DAT_1009acc4",word
1009acc6,1009acc8,data,"DAT_1009acc6",word
1009acc8,1009acca,data,"DAT_1009acc8",word
1009acca,1009accc,data,"DAT_1009acca",word
1009accc,1009acce,data,"DAT_1009accc",word
1009acce,1009acd0,data,"DAT_1009acce",word
1009acd0,1009acd2,data,"DAT_1009acd0",word
1009acd2,1009acd4,data,"DAT_1009acd2",word
1009acd4,1009acd6,data,"DAT_1009acd4",word
1009acd6,1009acd8,data,"DAT_1009acd6",word
1009acd8,1009acda,data,"DAT_1009acd8",word
1009acda,1009acdc,data,"DAT_1009acda",word
1009acdc,1009acde,data,"DAT_1009acdc",word
1009acde,1009ace0,data,"DAT_1009acde",word
1009ace0,1009ace2,data,"DAT_1009ace0",word
1009ace2,1009ace4,data,"DAT_1009ace2",word
1009ace4,1009ace6,data,"DAT_1009ace4",word
1009ace6,1009ace8,data,"DAT_1009ace6",word
1009ace8,1009acea,data,"DAT_1009ace8",word
1009acea,1009acec,data,"DAT_1009acea",word
1009acec,1009acee,data,"DAT_1009acec",word
1009acee,1009acf0,data,"DAT_1009acee",word
1009acf0,1009acf2,data,"DAT_1009acf0",word
1009acf2,1009acf4,data,"DAT_1009acf2",word
1009acf4,1009acf6,data,"DAT_1009acf4",word
1009acf6,1009acf8,data,"DAT_1009acf6",word
1009acf8,1009acfa,data,"DAT_1009acf8",word
1009acfa,1009acfc,data,"DAT_1009acfa",word
1009acfc,1009ad00,data,"DAT_1009acfc",dword
1009ad00,1009ad04,data,"DAT_1009ad00",dword
1009ad04,1009ad06,data,"DAT_1009ad04",word
1009ad06,1009ad08,data,"DAT_1009ad06",word
1009ad08,1009ad0a,data,"DAT_1009ad08",word
1009ad0a,1009ad0c,data,"DAT_1009ad0a",word
1009ad0c,1009ad0e,data,"DAT_1009ad0c",word
1009ad0e,1009ad10,data,"DAT_1009ad0e",word
1009ad10,1009ad12,data,"DAT_1009ad10",word
1009ad12,1009ad14,data,"DAT_1009ad12",word
1009ad14,1009ad16,data,"DAT_1009ad14",word
1009ad16,1009ad18,data,"DAT_1009ad16",word
1009ad18,1009ad1a,data,"DAT_1009ad18",word
1009ad1a,1009ad1c,data,"DAT_1009ad1a",word
1009ad1c,1009ad1e,data,"DAT_1009ad1c",word
1009ad1e,1009ad20,data,"DAT_1009ad1e",word
1009ad20,1009ad22,data,"DAT_1009ad20",word
1009ad22,1009ad24,data,"DAT_1009ad22",word
1009ad24,1009ad26,data,"DAT_1009ad24",word
1009ad26,1009ad28,data,"DAT_1009ad26",word
1009ad28,1009ad2a,data,"DAT_1009ad28",word
1009ad2a,1009ad2c,data,"DAT_1009ad2a",word
1009ad2c,1009ad2e,data,"DAT_1009ad2c",word
1009ad2e,1009ad30,data,"DAT_1009ad2e",word
1009ad30,1009ad32,data,"DAT_1009ad30",word
1009ad32,1009ad34,data,"DAT_1009ad32",word
1009ad34,1009ad36,data,"DAT_1009ad34",word
1009ad36,1009ad38,data,"DAT_1009ad36",word
1009ad38,1009ad3a,data,"DAT_1009ad38",word
1009ad3a,1009ad3c,data,"DAT_1009ad3a",word
1009ad3c,1009ad3e,data,"DAT_1009ad3c",word
1009ad3e,1009ad40,data,"DAT_1009ad3e",word
1009ad40,1009ad42,data,"DAT_1009ad40",word
1009ad42,1009ad44,data,"DAT_1009ad42",word
1009ad44,1009ad46,data,"DAT_1009ad44",word
1009ad46,1009ad48,data,"DAT_1009ad46",word
1009ad48,1009ad4a,data,"DAT_1009ad48",word
1009ad4a,1009ad4c,data,"DAT_1009ad4a",word
1009ad4c,1009ad4e,data,"DAT_1009ad4c",word
1009ad4e,1009ad50,data,"DAT_1009ad4e",word
1009ad50,1009ad52,data,"DAT_1009ad50",word
1009ad52,1009ad54,data,"DAT_1009ad52",word
1009ad54,1009ad56,data,"DAT_1009ad54",word
1009ad56,1009ad58,data,"DAT_1009ad56",word
1009ad58,1009ad5c,data,"DAT_1009ad58",dword
1009ad5c,1009ad60,data,"DAT_1009ad5c",dword
1009ad60,1009ad62,data,"DAT_1009ad60",word
1009ad62,1009ad64,data,"DAT_1009ad62",word
1009ad64,1009ad66,data,"DAT_1009ad64",word
1009ad66,1009ad68,data,"DAT_1009ad66",word
1009ad68,1009ad6a,data,"DAT_1009ad68",word
1009ad6a,1009ad6c,data,"DAT_1009ad6a",word
1009ad6c,1009ad6e,data,"DAT_1009ad6c",word
1009ad6e,1009ad70,data,"DAT_1009ad6e",word
1009ad70,1009ad72,data,"DAT_1009ad70",word
1009ad72,1009ad74,data,"DAT_1009ad72",word
1009ad74,1009ad76,data,"DAT_1009ad74",word
1009ad76,1009ad78,data,"DAT_1009ad76",word
1009ad78,1009ad7a,data,"DAT_1009ad78",word
1009ad7a,1009ad7c,data,"DAT_1009ad7a",word
1009ad7c,1009ad7e,data,"DAT_1009ad7c",word
1009ad7e,1009ad80,data,"DAT_1009ad7e",word
1009ad80,1009ad82,data,"DAT_1009ad80",word
1009ad82,1009ad84,data,"DAT_1009ad82",word
1009ad84,1009ad86,data,"DAT_1009ad84",word
1009ad86,1009ad88,data,"DAT_1009ad86",word
1009ad88,1009ad8a,data,"DAT_1009ad88",word
1009ad8a,1009ad8c,data,"DAT_1009ad8a",word
1009ad8c,1009ad8e,data,"DAT_1009ad8c",word
1009ad8e,1009ad90,data,"DAT_1009ad8e",word
1009ad90,1009ad92,data,"DAT_1009ad90",word
1009ad92,1009ad94,data,"DAT_1009ad92",word
1009ad94,1009ad96,data,"DAT_1009ad94",word
1009ad96,1009ad98,data,"DAT_1009ad96",word
1009ad98,1009ad9a,data,"DAT_1009ad98",word
1009ad9a,1009ad9c,data,"DAT_1009ad9a",word
1009ad9c,1009ad9e,data,"DAT_1009ad9c",word
1009ad9e,1009ada0,data,"DAT_1009ad9e",word
1009ada0,1009ada2,data,"DAT_1009ada0",word
1009ada2,1009ada4,data,"DAT_1009ada2",word
1009ada4,1009ada6,data,"DAT_1009ada4",word
1009ada6,1009ada8,data,"DAT_1009ada6",word
1009ada8,1009adaa,data,"DAT_1009ada8",word
1009adaa,1009adac,data,"DAT_1009adaa",word
1009adac,1009adae,data,"DAT_1009adac",word
1009adae,1009adb0,data,"DAT_1009adae",word
1009adb0,1009adb2,data,"DAT_1009adb0",word
1009adb2,1009adb4,data,"DAT_1009adb2",word
1009adb4,1009adb6,data,"DAT_1009adb4",word
1009adb6,1009adb8,data,"DAT_1009adb6",word
1009adb8,1009adba,data,"DAT_1009adb8",word
1009adba,1009adbc,data,"DAT_1009adba",word
1009adbc,1009adbe,data,"DAT_1009adbc",word
1009adbe,1009adc0,data,"DAT_1009adbe",word
1009adc0,1009adc2,data,"DAT_1009adc0",word
1009adc2,1009adc4,data,"DAT_1009adc2",word
1009adc4,1009adc6,data,"DAT_1009adc4",word
1009adc6,1009adc8,data,"DAT_1009adc6",word
1009adc8,1009adca,data,"DAT_1009adc8",word
1009adca,1009adcc,data,"DAT_1009adca",word
1009adcc,1009add0,data,"DAT_1009adcc",dword
1009add0,1009add4,data,"DAT_1009add0",dword
1009add4,1009add6,data,"DAT_1009add4",word
1009add6,1009add8,data,"DAT_1009add6",word
1009add8,1009adda,data,"DAT_1009add8",word
1009adda,1009addc,data,"DAT_1009adda",word
1009addc,1009adde,data,"DAT_1009addc",word
1009adde,1009ade0,data,"DAT_1009adde",word
1009ade0,1009ade2,data,"DAT_1009ade0",word
1009ade2,1009ade4,data,"DAT_1009ade2",word
1009ade4,1009ade6,data,"DAT_1009ade4",word
1009ade6,1009ade8,data,"DAT_1009ade6",word
1009ade8,1009adea,data,"DAT_1009ade8",word
1009adea,1009adec,data,"DAT_1009adea",word
1009adec,1009adee,data,"DAT_1009adec",word
1009adee,1009adf0,data,"DAT_1009adee",word
1009adf0,1009adf2,data,"DAT_1009adf0",word
1009adf2,1009adf4,data,"DAT_1009adf2",word
1009adf4,1009adf6,data,"DAT_1009adf4",word
1009adf6,1009adf8,data,"DAT_1009adf6",word
1009adf8,1009adfa,data,"DAT_1009adf8",word
1009adfa,1009adfc,data,"DAT_1009adfa",word
1009adfc,1009adfe,data,"DAT_1009adfc",word
1009adfe,1009ae00,data,"DAT_1009adfe",word
1009ae00,1009ae02,data,"DAT_1009ae00",word
1009ae02,1009ae04,data,"DAT_1009ae02",word
1009ae04,1009ae06,data,"DAT_1009ae04",word
1009ae06,1009ae08,data,"DAT_1009ae06",word
1009ae08,1009ae0a,data,"DAT_1009ae08",word
1009ae0a,1009ae0c,data,"DAT_1009ae0a",word
1009ae0c,1009ae0e,data,"DAT_1009ae0c",word
1009ae0e,1009ae10,data,"DAT_1009ae0e",word
1009ae10,1009ae12,data,"DAT_1009ae10",word
1009ae12,1009ae14,data,"DAT_1009ae12",word
1009ae14,1009ae16,data,"DAT_1009ae14",word
1009ae16,1009ae18,data,"DAT_1009ae16",word
1009ae18,1009ae1a,data,"DAT_1009ae18",word
1009ae1a,1009ae1c,data,"DAT_1009ae1a",word
1009ae1c,1009ae1e,data,"DAT_1009ae1c",word
1009ae1e,1009ae20,data,"DAT_1009ae1e",word
1009ae20,1009ae24,data,"DAT_1009ae20",dword
1009ae24,1009ae28,data,"DAT_1009ae24",dword
1009ae28,1009ae2a,data,"DAT_1009ae28",word
1009ae2a,1009ae2c,data,"DAT_1009ae2a",word
1009ae2c,1009ae2e,data,"DAT_1009ae2c",word
1009ae2e,1009ae30,data,"DAT_1009ae2e",word
1009ae30,1009ae32,data,"DAT_1009ae30",word
1009ae32,1009ae34,data,"DAT_1009ae32",word
1009ae34,1009ae36,data,"DAT_1009ae34",word
1009ae36,1009ae38,data,"DAT_1009ae36",word
1009ae38,1009ae3a,data,"DAT_1009ae38",word
1009ae3a,1009ae3c,data,"DAT_1009ae3a",word
1009ae3c,1009ae3e,data,"DAT_1009ae3c",word
1009ae3e,1009ae40,data,"DAT_1009ae3e",word
1009ae40,1009ae42,data,"DAT_1009ae40",word
1009ae42,1009ae44,data,"DAT_1009ae42",word
1009ae44,1009ae46,data,"DAT_1009ae44",word
1009ae46,1009ae48,data,"DAT_1009ae46",word
1009ae48,1009ae4a,data,"DAT_1009ae48",word
1009ae4a,1009ae4c,data,"DAT_1009ae4a",word
1009ae4c,1009ae4e,data,"DAT_1009ae4c",word
1009ae4e,1009ae50,data,"DAT_1009ae4e",word
1009ae50,1009ae52,data,"DAT_1009ae50",word
1009ae52,1009ae54,data,"DAT_1009ae52",word
1009ae54,1009ae56,data,"DAT_1009ae54",word
1009ae56,1009ae58,data,"DAT_1009ae56",word
1009ae58,1009ae5a,data,"DAT_1009ae58",word
1009ae5a,1009ae5c,data,"DAT_1009ae5a",word
1009ae5c,1009ae5e,data,"DAT_1009ae5c",word
1009ae5e,1009ae60,data,"DAT_1009ae5e",word
1009ae60,1009ae62,data,"DAT_1009ae60",word
1009ae62,1009ae64,data,"DAT_1009ae62",word
1009ae64,1009ae66,data,"DAT_1009ae64",word
1009ae66,1009ae68,data,"DAT_1009ae66",word
1009ae68,1009ae6a,data,"DAT_1009ae68",word
1009ae6a,1009ae6c,data,"DAT_1009ae6a",word
1009ae6c,1009ae6e,data,"DAT_1009ae6c",word
1009ae6e,1009ae70,data,"DAT_1009ae6e",word
1009ae70,1009ae72,data,"DAT_1009ae70",word
1009ae72,1009ae74,data,"DAT_1009ae72",word
1009ae74,1009ae76,data,"DAT_1009ae74",word
1009ae76,1009ae78,data,"DAT_1009ae76",word
1009ae78,1009ae7a,data,"DAT_1009ae78",word
1009ae7a,1009ae7c,data,"DAT_1009ae7a",word
1009ae7c,1009ae7e,data,"DAT_1009ae7c",word
1009ae7e,1009ae80,data,"DAT_1009ae7e",word
1009ae80,1009ae82,data,"DAT_1009ae80",word
1009ae82,1009ae84,data,"DAT_1009ae82",word
1009ae84,1009ae86,data,"DAT_1009ae84",word
1009ae86,1009ae88,data,"DAT_1009ae86",word
1009ae88,1009ae8a,data,"DAT_1009ae88",word
1009ae8a,1009ae8c,data,"DAT_1009ae8a",word
1009ae8c,1009ae8e,data,"DAT_1009ae8c",word
1009ae8e,1009ae90,data,"DAT_1009ae8e",word
1009ae90,1009ae92,data,"DAT_1009ae90",word
1009ae92,1009ae94,data,"DAT_1009ae92",word
1009ae94,1009ae96,data,"DAT_1009ae94",word
1009ae96,1009ae98,data,"DAT_1009ae96",word
1009ae98,1009ae9a,data,"DAT_1009ae98",word
1009ae9a,1009ae9c,data,"DAT_1009ae9a",word
1009ae9c,1009ae9e,data,"DAT_1009ae9c",word
1009ae9e,1009aea0,data,"DAT_1009ae9e",word
1009aea0,1009aea2,data,"DAT_1009aea0",word
1009aea2,1009aea4,data,"DAT_1009aea2",word
1009aea4,1009aea6,data,"DAT_1009aea4",word
1009aea6,1009aea8,data,"DAT_1009aea6",word
1009aea8,1009aeaa,data,"DAT_1009aea8",word
1009aeaa,1009aeac,data,"DAT_1009aeaa",word
1009aeac,1009aeae,data,"DAT_1009aeac",word
1009aeae,1009aeb0,data,"DAT_1009aeae",word
1009aeb0,1009aeb2,data,"DAT_1009aeb0",word
1009aeb2,1009aeb4,data,"DAT_1009aeb2",word
1009aeb4,1009aeb6,data,"DAT_1009aeb4",word
1009aeb6,1009aeb8,data,"DAT_1009aeb6",word
1009aeb8,1009aeba,data,"DAT_1009aeb8",word
1009aeba,1009aebc,data,"DAT_1009aeba",word
1009aebc,1009aebe,data,"DAT_1009aebc",word
1009aebe,1009aec0,data,"DAT_1009aebe",word
1009aec0,1009aec2,data,"DAT_1009aec0",word
1009aec2,1009aec4,data,"DAT_1009aec2",word
1009aec4,1009aec6,data,"DAT_1009aec4",word
1009aec6,1009aec8,data,"DAT_1009aec6",word
1009aec8,1009aeca,data,"DAT_1009aec8",word
1009aeca,1009aecc,data,"DAT_1009aeca",word
1009aecc,1009aece,data,"DAT_1009aecc",word
1009aece,1009aed0,data,"DAT_1009aece",word
1009aed0,1009aed2,data,"DAT_1009aed0",word
1009aed2,1009aed4,data,"DAT_1009aed2",word
1009aed4,1009aed6,data,"DAT_1009aed4",word
1009aed6,1009aed8,data,"DAT_1009aed6",word
1009aed8,1009aeda,data,"DAT_1009aed8",word
1009aeda,1009aedc,data,"DAT_1009aeda",word
1009aedc,1009aede,data,"DAT_1009aedc",word
1009aede,1009aee0,data,"DAT_1009aede",word
1009aee0,1009aee2,data,"DAT_1009aee0",word
1009aee2,1009aee4,data,"DAT_1009aee2",word
1009aee4,1009aee8,data,"DAT_1009aee4",dword
1009aee8,1009aeec,data,"DAT_1009aee8",dword
1009aeec,1009aeee,data,"DAT_1009aeec",word
1009aeee,1009aef0,data,"DAT_1009aeee",word
1009aef0,1009aef2,data,"DAT_1009aef0",word
1009aef2,1009aef4,data,"DAT_1009aef2",word
1009aef4,1009aef6,data,"DAT_1009aef4",word
1009aef6,1009aef8,data,"DAT_1009aef6",word
1009aef8,1009aefa,data,"DAT_1009aef8",word
1009aefa,1009aefc,data,"DAT_1009aefa",word
1009aefc,1009aefe,data,"DAT_1009aefc",word
1009aefe,1009af00,data,"DAT_1009aefe",word
1009af00,1009af02,data,"DAT_1009af00",word
1009af02,1009af04,data,"DAT_1009af02",word
1009af04,1009af06,data,"DAT_1009af04",word
1009af06,1009af08,data,"DAT_1009af06",word
1009af08,1009af0a,data,"DAT_1009af08",word
1009af0a,1009af0c,data,"DAT_1009af0a",word
1009af0c,1009af0e,data,"DAT_1009af0c",word
1009af0e,1009af10,data,"DAT_1009af0e",word
1009af10,1009af12,data,"DAT_1009af10",word
1009af12,1009af14,data,"DAT_1009af12",word
1009af14,1009af16,data,"DAT_1009af14",word
1009af16,1009af18,data,"DAT_1009af16",word
1009af18,1009af1a,data,"DAT_1009af18",word
1009af1a,1009af1c,data,"DAT_1009af1a",word
1009af1c,1009af1e,data,"DAT_1009af1c",word
1009af1e,1009af20,data,"DAT_1009af1e",word
1009af20,1009af22,data,"DAT_1009af20",word
1009af22,1009af24,data,"DAT_1009af22",word
1009af24,1009af26,data,"DAT_1009af24",word
1009af26,1009af28,data,"DAT_1009af26",word
1009af28,1009af2a,data,"DAT_1009af28",word
1009af2a,1009af2c,data,"DAT_1009af2a",word
1009af2c,1009af2e,data,"DAT_1009af2c",word
1009af2e,1009af30,data,"DAT_1009af2e",word
1009af30,1009af32,data,"DAT_1009af30",word
1009af32,1009af34,data,"DAT_1009af32",word
1009af34,1009af36,data,"DAT_1009af34",word
1009af36,1009af38,data,"DAT_1009af36",word
1009af38,1009af3a,data,"DAT_1009af38",word
1009af3a,1009af3c,data,"DAT_1009af3a",word
1009af3c,1009af3e,data,"DAT_1009af3c",word
1009af3e,1009af40,data,"DAT_1009af3e",word
1009af40,1009af42,data,"DAT_1009af40",word
1009af42,1009af44,data,"DAT_1009af42",word
1009af44,1009af46,data,"DAT_1009af44",word
1009af46,1009af48,data,"DAT_1009af46",word
1009af48,1009af4a,data,"DAT_1009af48",word
1009af4a,1009af4c,data,"DAT_1009af4a",word
1009af4c,1009af4e,data,"DAT_1009af4c",word
1009af4e,1009af50,data,"DAT_1009af4e",word
1009af50,1009af52,data,"DAT_1009af50",word
1009af52,1009af54,data,"DAT_1009af52",word
1009af54,1009af56,data,"DAT_1009af54",word
1009af56,1009af58,data,"DAT_1009af56",word
1009af58,1009af5a,data,"DAT_1009af58",word
1009af5a,1009af5c,data,"DAT_1009af5a",word
1009af5c,1009af5e,data,"DAT_1009af5c",word
1009af5e,1009af60,data,"DAT_1009af5e",word
1009af60,1009af62,data,"DAT_1009af60",word
1009af62,1009af64,data,"DAT_1009af62",word
1009af64,1009af66,data,"DAT_1009af64",word
1009af66,1009af68,data,"DAT_1009af66",word
1009af68,1009af6a,data,"DAT_1009af68",word
1009af6a,1009af6c,data,"DAT_1009af6a",word
1009af6c,1009af6e,data,"DAT_1009af6c",word
1009af6e,1009af70,data,"DAT_1009af6e",word
1009af70,1009af72,data,"DAT_1009af70",word
1009af72,1009af74,data,"DAT_1009af72",word
1009af74,1009af76,data,"DAT_1009af74",word
1009af76,1009af78,data,"DAT_1009af76",word
1009af78,1009af7c,data,"DAT_1009af78",dword
1009af7c,1009af80,data,"DAT_1009af7c",dword
1009af80,1009af82,data,"DAT_1009af80",word
1009af82,1009af84,data,"DAT_1009af82",word
1009af84,1009af86,data,"DAT_1009af84",word
1009af86,1009af88,data,"DAT_1009af86",word
1009af88,1009af8a,data,"DAT_1009af88",word
1009af8a,1009af8c,data,"DAT_1009af8a",word
1009af8c,1009af8e,data,"DAT_1009af8c",word
1009af8e,1009af90,data,"DAT_1009af8e",word
1009af90,1009af92,data,"DAT_1009af90",word
1009af92,1009af94,data,"DAT_1009af92",word
1009af94,1009af96,data,"DAT_1009af94",word
1009af96,1009af98,data,"DAT_1009af96",word
1009af98,1009af9a,data,"DAT_1009af98",word
1009af9a,1009af9c,data,"DAT_1009af9a",word
1009af9c,1009af9e,data,"DAT_1009af9c",word
1009af9e,1009afa0,data,"DAT_1009af9e",word
1009afa0,1009afa2,data,"DAT_1009afa0",word
1009afa2,1009afa4,data,"DAT_1009afa2",word
1009afa4,1009afa6,data,"DAT_1009afa4",word
1009afa6,1009afa8,data,"DAT_1009afa6",word
1009afa8,1009afaa,data,"DAT_1009afa8",word
1009afaa,1009afac,data,"DAT_1009afaa",word
1009afac,1009afae,data,"DAT_1009afac",word
1009afae,1009afb0,data,"DAT_1009afae",word
1009afb0,1009afb2,data,"DAT_1009afb0",word
1009afb2,1009afb4,data,"DAT_1009afb2",word
1009afb4,1009afb6,data,"DAT_1009afb4",word
1009afb6,1009afb8,data,"DAT_1009afb6",word
1009afb8,1009afba,data,"DAT_1009afb8",word
1009afba,1009afbc,data,"DAT_1009afba",word
1009afbc,1009afbe,data,"DAT_1009afbc",word
1009afbe,1009afc0,data,"DAT_1009afbe",word
1009afc0,1009afc2,data,"DAT_1009afc0",word
1009afc2,1009afc4,data,"DAT_1009afc2",word
1009afc4,1009afc6,data,"DAT_1009afc4",word
1009afc6,1009afc8,data,"DAT_1009afc6",word
1009afc8,1009afca,data,"DAT_1009afc8",word
1009afca,1009afcc,data,"DAT_1009afca",word
1009afcc,1009afce,data,"DAT_1009afcc",word
1009afce,1009afd0,data,"DAT_1009afce",word
1009afd0,1009afd2,data,"DAT_1009afd0",word
1009afd2,1009afd4,data,"DAT_1009afd2",word
1009afd4,1009afd6,data,"DAT_1009afd4",word
1009afd6,1009afd8,data,"DAT_1009afd6",word
1009afd8,1009afda,data,"DAT_1009afd8",word
1009afda,1009afdc,data,"DAT_1009afda",word
1009afdc,1009afde,data,"DAT_1009afdc",word
1009afde,1009afe0,data,"DAT_1009afde",word
1009afe0,1009afe2,data,"DAT_1009afe0",word
1009afe2,1009afe4,data,"DAT_1009afe2",word
1009afe4,1009afe6,data,"DAT_1009afe4",word
1009afe6,1009afe8,data,"DAT_1009afe6",word
1009afe8,1009afea,data,"DAT_1009afe8",word
1009afea,1009afec,data,"DAT_1009afea",word
1009afec,1009afee,data,"DAT_1009afec",word
1009afee,1009aff0,data,"DAT_1009afee",word
1009aff0,1009aff2,data,"DAT_1009aff0",word
1009aff2,1009aff4,data,"DAT_1009aff2",word
1009aff4,1009aff6,data,"DAT_1009aff4",word
1009aff6,1009aff8,data,"DAT_1009aff6",word
1009aff8,1009affa,data,"DAT_1009aff8",word
1009affa,1009affc,data,"DAT_1009affa",word
1009affc,1009b000,data,"DAT_1009affc",dword
1009b000,1009b004,data,"DAT_1009b000",dword
1009b004,1009b006,data,"DAT_1009b004",word
1009b006,1009b008,data,"DAT_1009b006",word
1009b008,1009b00a,data,"DAT_1009b008",word
1009b00a,1009b00c,data,"DAT_1009b00a",word
1009b00c,1009b00e,data,"DAT_1009b00c",word
1009b00e,1009b010,data,"DAT_1009b00e",word
1009b010,1009b012,data,"DAT_1009b010",word
1009b012,1009b014,data,"DAT_1009b012",word
1009b014,1009b016,data,"DAT_1009b014",word
1009b016,1009b018,data,"DAT_1009b016",word
1009b018,1009b01a,data,"DAT_1009b018",word
1009b01a,1009b01c,data,"DAT_1009b01a",word
1009b01c,1009b01e,data,"DAT_1009b01c",word
1009b01e,1009b020,data,"DAT_1009b01e",word
1009b020,1009b022,data,"DAT_1009b020",word
1009b022,1009b024,data,"DAT_1009b022",word
1009b024,1009b026,data,"DAT_1009b024",word
1009b026,1009b028,data,"DAT_1009b026",word
1009b028,1009b02a,data,"DAT_1009b028",word
1009b02a,1009b02c,data,"DAT_1009b02a",word
1009b02c,1009b02e,data,"DAT_1009b02c",word
1009b02e,1009b030,data,"DAT_1009b02e",word
1009b030,1009b032,data,"DAT_1009b030",word
1009b032,1009b034,data,"DAT_1009b032",word
1009b034,1009b036,data,"DAT_1009b034",word
1009b036,1009b038,data,"DAT_1009b036",word
1009b038,1009b03a,data,"DAT_1009b038",word
1009b03a,1009b03c,data,"DAT_1009b03a",word
1009b03c,1009b03e,data,"DAT_1009b03c",word
1009b03e,1009b040,data,"DAT_1009b03e",word
1009b040,1009b042,data,"DAT_1009b040",word
1009b042,1009b044,data,"DAT_1009b042",word
1009b044,1009b046,data,"DAT_1009b044",word
1009b046,1009b048,data,"DAT_1009b046",word
1009b048,1009b04a,data,"DAT_1009b048",word
1009b04a,1009b04c,data,"DAT_1009b04a",word
1009b04c,1009b04e,data,"DAT_1009b04c",word
1009b04e,1009b050,data,"DAT_1009b04e",word
1009b050,1009b052,data,"DAT_1009b050",word
1009b052,1009b054,data,"DAT_1009b052",word
1009b054,1009b056,data,"DAT_1009b054",word
1009b056,1009b058,data,"DAT_1009b056",word
1009b058,1009b05a,data,"DAT_1009b058",word
1009b05a,1009b05c,data,"DAT_1009b05a",word
1009b05c,1009b05e,data,"DAT_1009b05c",word
1009b05e,1009b060,data,"DAT_1009b05e",word
1009b060,1009b062,data,"DAT_1009b060",word
1009b062,1009b064,data,"DAT_1009b062",word
1009b064,1009b066,data,"DAT_1009b064",word
1009b066,1009b068,data,"DAT_1009b066",word
1009b068,1009b06a,data,"DAT_1009b068",word
1009b06a,1009b06c,data,"DAT_1009b06a",word
1009b06c,1009b06e,data,"DAT_1009b06c",word
1009b06e,1009b070,data,"DAT_1009b06e",word
1009b070,1009b072,data,"DAT_1009b070",word
1009b072,1009b074,data,"DAT_1009b072",word
1009b074,1009b076,data,"DAT_1009b074",word
1009b076,1009b078,data,"DAT_1009b076",word
1009b078,1009b07a,data,"DAT_1009b078",word
1009b07a,1009b07c,data,"DAT_1009b07a",word
1009b07c,1009b07e,data,"DAT_1009b07c",word
1009b07e,1009b080,data,"DAT_1009b07e",word
1009b080,1009b082,data,"DAT_1009b080",word
1009b082,1009b084,data,"DAT_1009b082",word
1009b084,1009b086,data,"DAT_1009b084",word
1009b086,1009b088,data,"DAT_1009b086",word
1009b088,1009b08a,data,"DAT_1009b088",word
1009b08a,1009b08c,data,"DAT_1009b08a",word
1009b08c,1009b08e,data,"DAT_1009b08c",word
1009b08e,1009b090,data,"DAT_1009b08e",word
1009b090,1009b092,data,"DAT_1009b090",word
1009b092,1009b094,data,"DAT_1009b092",word
1009b094,1009b096,data,"DAT_1009b094",word
1009b096,1009b098,data,"DAT_1009b096",word
1009b098,1009b09a,data,"DAT_1009b098",word
1009b09a,1009b09c,data,"DAT_1009b09a",word
1009b09c,1009b09e,data,"DAT_1009b09c",word
1009b09e,1009b0a0,data,"DAT_1009b09e",word
1009b0a0,1009b0a2,data,"DAT_1009b0a0",word
1009b0a2,1009b0a4,data,"DAT_1009b0a2",word
1009b0a4,1009b0a6,data,"DAT_1009b0a4",word
1009b0a6,1009b0a8,data,"DAT_1009b0a6",word
1009b0a8,1009b0aa,data,"DAT_1009b0a8",word
1009b0aa,1009b0ac,data,"DAT_1009b0aa",word
1009b0ac,1009b0b0,data,"DAT_1009b0ac",dword
1009b0b0,1009b0b4,data,"DAT_1009b0b0",dword
1009b0b4,1009b0b6,data,"DAT_1009b0b4",word
1009b0b6,1009b0b8,data,"DAT_1009b0b6",word
1009b0b8,1009b0ba,data,"DAT_1009b0b8",word
1009b0ba,1009b0bc,data,"DAT_1009b0ba",word
1009b0bc,1009b0be,data,"DAT_1009b0bc",word
1009b0be,1009b0c0,data,"DAT_1009b0be",word
1009b0c0,1009b0c2,data,"DAT_1009b0c0",word
1009b0c2,1009b0c4,data,"DAT_1009b0c2",word
1009b0c4,1009b0c6,data,"DAT_1009b0c4",word
1009b0c6,1009b0c8,data,"DAT_1009b0c6",word
1009b0c8,1009b0ca,data,"DAT_1009b0c8",word
1009b0ca,1009b0cc,data,"DAT_1009b0ca",word
1009b0cc,1009b0ce,data,"DAT_1009b0cc",word
1009b0ce,1009b0d0,data,"DAT_1009b0ce",word
1009b0d0,1009b0d2,data,"DAT_1009b0d0",word
1009b0d2,1009b0d4,data,"DAT_1009b0d2",word
1009b0d4,1009b0d6,data,"DAT_1009b0d4",word
1009b0d6,1009b0d8,data,"DAT_1009b0d6",word
1009b0d8,1009b0da,data,"DAT_1009b0d8",word
1009b0da,1009b0dc,data,"DAT_1009b0da",word
1009b0dc,1009b0de,data,"DAT_1009b0dc",word
1009b0de,1009b0e0,data,"DAT_1009b0de",word
1009b0e0,1009b0e2,data,"DAT_1009b0e0",word
1009b0e2,1009b0e4,data,"DAT_1009b0e2",word
1009b0e4,1009b0e6,data,"DAT_1009b0e4",word
1009b0e6,1009b0e8,data,"DAT_1009b0e6",word
1009b0e8,1009b0ea,data,"DAT_1009b0e8",word
1009b0ea,1009b0ec,data,"DAT_1009b0ea",word
1009b0ec,1009b0ee,data,"DAT_1009b0ec",word
1009b0ee,1009b0f0,data,"DAT_1009b0ee",word
1009b0f0,1009b0f2,data,"DAT_1009b0f0",word
1009b0f2,1009b0f4,data,"DAT_1009b0f2",word
1009b0f4,1009b0f6,data,"DAT_1009b0f4",word
1009b0f6,1009b0f8,data,"DAT_1009b0f6",word
1009b0f8,1009b0fa,data,"DAT_1009b0f8",word
1009b0fa,1009b0fc,data,"DAT_1009b0fa",word
1009b0fc,1009b0fe,data,"DAT_1009b0fc",word
1009b0fe,1009b100,data,"DAT_1009b0fe",word
1009b100,1009b102,data,"DAT_1009b100",word
1009b102,1009b104,data,"DAT_1009b102",word
1009b104,1009b106,data,"DAT_1009b104",word
1009b106,1009b108,data,"DAT_1009b106",word
1009b108,1009b10a,data,"DAT_1009b108",word
1009b10a,1009b10c,data,"DAT_1009b10a",word
1009b10c,1009b10e,data,"DAT_1009b10c",word
1009b10e,1009b110,data,"DAT_1009b10e",word
1009b110,1009b112,data,"DAT_1009b110",word
1009b112,1009b114,data,"DAT_1009b112",word
1009b114,1009b116,data,"DAT_1009b114",word
1009b116,1009b118,data,"DAT_1009b116",word
1009b118,1009b11a,data,"DAT_1009b118",word
1009b11a,1009b11c,data,"DAT_1009b11a",word
1009b11c,1009b11e,data,"DAT_1009b11c",word
1009b11e,1009b120,data,"DAT_1009b11e",word
1009b120,1009b122,data,"DAT_1009b120",word
1009b122,1009b124,data,"DAT_1009b122",word
1009b124,1009b126,data,"DAT_1009b124",word
1009b126,1009b128,data,"DAT_1009b126",word
1009b128,1009b12a,data,"DAT_1009b128",word
1009b12a,1009b12c,data,"DAT_1009b12a",word
1009b12c,1009b12e,data,"DAT_1009b12c",word
1009b12e,1009b130,data,"DAT_1009b12e",word
1009b130,1009b132,data,"DAT_1009b130",word
1009b132,1009b134,data,"DAT_1009b132",word
1009b134,1009b136,data,"DAT_1009b134",word
1009b136,1009b138,data,"DAT_1009b136",word
1009b138,1009b13a,data,"DAT_1009b138",word
1009b13a,1009b13c,data,"DAT_1009b13a",word
1009b13c,1009b13e,data,"DAT_1009b13c",word
1009b13e,1009b140,data,"DAT_1009b13e",word
1009b140,1009b142,data,"DAT_1009b140",word
1009b142,1009b144,data,"DAT_1009b142",word
1009b144,1009b146,data,"DAT_1009b144",word
1009b146,1009b148,data,"DAT_1009b146",word
1009b148,1009b14a,data,"DAT_1009b148",word
1009b14a,1009b14c,data,"DAT_1009b14a",word
1009b14c,1009b14e,data,"DAT_1009b14c",word
1009b14e,1009b150,data,"DAT_1009b14e",word
1009b150,1009b154,data,"DAT_1009b150",dword
1009b154,1009b158,data,"DAT_1009b154",dword
1009b158,1009b15a,data,"DAT_1009b158",word
1009b15a,1009b15c,data,"DAT_1009b15a",word
1009b15c,1009b15e,data,"DAT_1009b15c",word
1009b15e,1009b160,data,"DAT_1009b15e",word
1009b160,1009b162,data,"DAT_1009b160",word
1009b162,1009b164,data,"DAT_1009b162",word
1009b164,1009b166,data,"DAT_1009b164",word
1009b166,1009b168,data,"DAT_1009b166",word
1009b168,1009b16a,data,"DAT_1009b168",word
1009b16a,1009b16c,data,"DAT_1009b16a",word
1009b16c,1009b16e,data,"DAT_1009b16c",word
1009b16e,1009b170,data,"DAT_1009b16e",word
1009b170,1009b172,data,"DAT_1009b170",word
1009b172,1009b174,data,"DAT_1009b172",word
1009b174,1009b176,data,"DAT_1009b174",word
1009b176,1009b178,data,"DAT_1009b176",word
1009b178,1009b17a,data,"DAT_1009b178",word
1009b17a,1009b17c,data,"DAT_1009b17a",word
1009b17c,1009b17e,data,"DAT_1009b17c",word
1009b17e,1009b180,data,"DAT_1009b17e",word
1009b180,1009b182,data,"DAT_1009b180",word
1009b182,1009b184,data,"DAT_1009b182",word
1009b184,1009b186,data,"DAT_1009b184",word
1009b186,1009b188,data,"DAT_1009b186",word
1009b188,1009b18a,data,"DAT_1009b188",word
1009b18a,1009b18c,data,"DAT_1009b18a",word
1009b18c,1009b18e,data,"DAT_1009b18c",word
1009b18e,1009b190,data,"DAT_1009b18e",word
1009b190,1009b192,data,"DAT_1009b190",word
1009b192,1009b194,data,"DAT_1009b192",word
1009b194,1009b196,data,"DAT_1009b194",word
1009b196,1009b198,data,"DAT_1009b196",word
1009b198,1009b19a,data,"DAT_1009b198",word
1009b19a,1009b19c,data,"DAT_1009b19a",word
1009b19c,1009b19e,data,"DAT_1009b19c",word
1009b19e,1009b1a0,data,"DAT_1009b19e",word
1009b1a0,1009b1a2,data,"DAT_1009b1a0",word
1009b1a2,1009b1a4,data,"DAT_1009b1a2",word
1009b1a4,1009b1a6,data,"DAT_1009b1a4",word
1009b1a6,1009b1a8,data,"DAT_1009b1a6",word
1009b1a8,1009b1aa,data,"DAT_1009b1a8",word
1009b1aa,1009b1ac,data,"DAT_1009b1aa",word
1009b1ac,1009b1ae,data,"DAT_1009b1ac",word
1009b1ae,1009b1b0,data,"DAT_1009b1ae",word
1009b1b0,1009b1b2,data,"DAT_1009b1b0",word
1009b1b2,1009b1b4,data,"DAT_1009b1b2",word
1009b1b4,1009b1b6,data,"DAT_1009b1b4",word
1009b1b6,1009b1b8,data,"DAT_1009b1b6",word
1009b1b8,1009b1ba,data,"DAT_1009b1b8",word
1009b1ba,1009b1bc,data,"DAT_1009b1ba",word
1009b1bc,1009b1be,data,"DAT_1009b1bc",word
1009b1be,1009b1c0,data,"DAT_1009b1be",word
1009b1c0,1009b1c2,data,"DAT_1009b1c0",word
1009b1c2,1009b1c4,data,"DAT_1009b1c2",word
1009b1c4,1009b1c6,data,"DAT_1009b1c4",word
1009b1c6,1009b1c8,data,"DAT_1009b1c6",word
1009b1c8,1009b1ca,data,"DAT_1009b1c8",word
1009b1ca,1009b1cc,data,"DAT_1009b1ca",word
1009b1cc,1009b1ce,data,"DAT_1009b1cc",word
1009b1ce,1009b1d0,data,"DAT_1009b1ce",word
1009b1d0,1009b1d2,data,"DAT_1009b1d0",word
1009b1d2,1009b1d4,data,"DAT_1009b1d2",word
1009b1d4,1009b1d6,data,"DAT_1009b1d4",word
1009b1d6,1009b1d8,data,"DAT_1009b1d6",word
1009b1d8,1009b1da,data,"DAT_1009b1d8",word
1009b1da,1009b1dc,data,"DAT_1009b1da",word
1009b1dc,1009b1de,data,"DAT_1009b1dc",word
1009b1de,1009b1e0,data,"DAT_1009b1de",word
1009b1e0,1009b1e2,data,"DAT_1009b1e0",word
1009b1e2,1009b1e4,data,"DAT_1009b1e2",word
1009b1e4,1009b1e6,data,"DAT_1009b1e4",word
1009b1e6,1009b1e8,data,"DAT_1009b1e6",word
1009b1e8,1009b1ea,data,"DAT_1009b1e8",word
1009b1ea,1009b1ec,data,"DAT_1009b1ea",word
1009b1ec,1009b1ee,data,"DAT_1009b1ec",word
1009b1ee,1009b1f0,data,"DAT_1009b1ee",word
1009b1f0,1009b1f2,data,"DAT_1009b1f0",word
1009b1f2,1009b1f4,data,"DAT_1009b1f2",word
1009b1f4,1009b1f6,data,"DAT_1009b1f4",word
1009b1f6,1009b1f8,data,"DAT_1009b1f6",word
1009b1f8,1009b1fa,data,"DAT_1009b1f8",word
1009b1fa,1009b1fc,data,"DAT_1009b1fa",word
1009b1fc,1009b1fe,data,"DAT_1009b1fc",word
1009b1fe,1009b200,data,"DAT_1009b1fe",word
1009b200,1009b202,data,"DAT_1009b200",word
1009b202,1009b204,data,"DAT_1009b202",word
1009b204,1009b206,data,"DAT_1009b204",word
1009b206,1009b208,data,"DAT_1009b206",word
1009b208,1009b20a,data,"DAT_1009b208",word
1009b20a,1009b20c,data,"DAT_1009b20a",word
1009b20c,1009b20e,data,"DAT_1009b20c",word
1009b20e,1009b210,data,"DAT_1009b20e",word
1009b210,1009b212,data,"DAT_1009b210",word
1009b212,1009b214,data,"DAT_1009b212",word
1009b214,1009b216,data,"DAT_1009b214",word
1009b216,1009b218,data,"DAT_1009b216",word
1009b218,1009b21a,data,"DAT_1009b218",word
1009b21a,1009b21c,data,"DAT_1009b21a",word
1009b21c,1009b21e,data,"DAT_1009b21c",word
1009b21e,1009b220,data,"DAT_1009b21e",word
1009b220,1009b222,data,"DAT_1009b220",word
1009b222,1009b224,data,"DAT_1009b222",word
1009b224,1009b226,data,"DAT_1009b224",word
1009b226,1009b228,data,"DAT_1009b226",word
1009b228,1009b22a,data,"DAT_1009b228",word
1009b22a,1009b22c,data,"DAT_1009b22a",word
1009b22c,1009b22e,data,"DAT_1009b22c",word
1009b22e,1009b230,data,"DAT_1009b22e",word
1009b230,1009b232,data,"DAT_1009b230",word
1009b232,1009b234,data,"DAT_1009b232",word
1009b234,1009b236,data,"DAT_1009b234",word
1009b236,1009b238,data,"DAT_1009b236",word
1009b238,1009b23a,data,"DAT_1009b238",word
1009b23a,1009b23c,data,"DAT_1009b23a",word
1009b23c,1009b23e,data,"DAT_1009b23c",word
1009b23e,1009b240,data,"DAT_1009b23e",word
1009b240,1009b242,data,"DAT_1009b240",word
1009b242,1009b244,data,"DAT_1009b242",word
1009b244,1009b246,data,"DAT_1009b244",word
1009b246,1009b248,data,"DAT_1009b246",word
1009b248,1009b24a,data,"DAT_1009b248",word
1009b24a,1009b24c,data,"DAT_1009b24a",word
1009b24c,1009b24e,data,"DAT_1009b24c",word
1009b24e,1009b250,data,"DAT_1009b24e",word
1009b250,1009b252,data,"DAT_1009b250",word
1009b252,1009b254,data,"DAT_1009b252",word
1009b254,1009b256,data,"DAT_1009b254",word
1009b256,1009b258,data,"DAT_1009b256",word
1009b258,1009b25a,data,"DAT_1009b258",word
1009b25a,1009b25c,data,"DAT_1009b25a",word
1009b25c,1009b25e,data,"DAT_1009b25c",word
1009b25e,1009b260,data,"DAT_1009b25e",word
1009b260,1009b262,data,"DAT_1009b260",word
1009b262,1009b264,data,"DAT_1009b262",word
1009b264,1009b266,data,"DAT_1009b264",word
1009b266,1009b268,data,"DAT_1009b266",word
1009b268,1009b26a,data,"DAT_1009b268",word
1009b26a,1009b26c,data,"DAT_1009b26a",word
1009b26c,1009b26e,data,"DAT_1009b26c",word
1009b26e,1009b270,data,"DAT_1009b26e",word
1009b270,1009b272,data,"DAT_1009b270",word
1009b272,1009b274,data,"DAT_1009b272",word
1009b274,1009b276,data,"DAT_1009b274",word
1009b276,1009b278,data,"DAT_1009b276",word
1009b278,1009b27a,data,"DAT_1009b278",word
1009b27a,1009b27c,data,"DAT_1009b27a",word
1009b27c,1009b27e,data,"DAT_1009b27c",word
1009b27e,1009b280,data,"DAT_1009b27e",word
1009b280,1009b282,data,"DAT_1009b280",word
1009b282,1009b284,data,"DAT_1009b282",word
1009b284,1009b286,data,"DAT_1009b284",word
1009b286,1009b288,data,"DAT_1009b286",word
1009b288,1009b28a,data,"DAT_1009b288",word
1009b28a,1009b28c,data,"DAT_1009b28a",word
1009b28c,1009b28e,data,"DAT_1009b28c",word
1009b28e,1009b290,data,"DAT_1009b28e",word
1009b290,1009b294,data,"DAT_1009b290",dword
1009b294,1009b298,data,"DAT_1009b294",dword
1009b298,1009b29a,data,"DAT_1009b298",word
1009b29a,1009b29c,data,"DAT_1009b29a",word
1009b29c,1009b29e,data,"DAT_1009b29c",word
1009b29e,1009b2a0,data,"DAT_1009b29e",word
1009b2a0,1009b2a2,data,"DAT_1009b2a0",word
1009b2a2,1009b2a4,data,"DAT_1009b2a2",word
1009b2a4,1009b2a6,data,"DAT_1009b2a4",word
1009b2a6,1009b2a8,data,"DAT_1009b2a6",word
1009b2a8,1009b2aa,data,"DAT_1009b2a8",word
1009b2aa,1009b2ac,data,"DAT_1009b2aa",word
1009b2ac,1009b2ae,data,"DAT_1009b2ac",word
1009b2ae,1009b2b0,data,"DAT_1009b2ae",word
1009b2b0,1009b2b2,data,"DAT_1009b2b0",word
1009b2b2,1009b2b4,data,"DAT_1009b2b2",word
1009b2b4,1009b2b6,data,"DAT_1009b2b4",word
1009b2b6,1009b2b8,data,"DAT_1009b2b6",word
1009b2b8,1009b2ba,data,"DAT_1009b2b8",word
1009b2ba,1009b2bc,data,"DAT_1009b2ba",word
1009b2bc,1009b2be,data,"DAT_1009b2bc",word
1009b2be,1009b2c0,data,"DAT_1009b2be",word
1009b2c0,1009b2c2,data,"DAT_1009b2c0",word
1009b2c2,1009b2c4,data,"DAT_1009b2c2",word
1009b2c4,1009b2c6,data,"DAT_1009b2c4",word
1009b2c6,1009b2c8,data,"DAT_1009b2c6",word
1009b2c8,1009b2ca,data,"DAT_1009b2c8",word
1009b2ca,1009b2cc,data,"DAT_1009b2ca",word
1009b2cc,1009b2ce,data,"DAT_1009b2cc",word
1009b2ce,1009b2d0,data,"DAT_1009b2ce",word
1009b2d0,1009b2d2,data,"DAT_1009b2d0",word
1009b2d2,1009b2d4,data,"DAT_1009b2d2",word
1009b2d4,1009b2d6,data,"DAT_1009b2d4",word
1009b2d6,1009b2d8,data,"DAT_1009b2d6",word
1009b2d8,1009b2da,data,"DAT_1009b2d8",word
1009b2da,1009b2dc,data,"DAT_1009b2da",word
1009b2dc,1009b2de,data,"DAT_1009b2dc",word
1009b2de,1009b2e0,data,"DAT_1009b2de",word
1009b2e0,1009b2e2,data,"DAT_1009b2e0",word
1009b2e2,1009b2e4,data,"DAT_1009b2e2",word
1009b2e4,1009b2e6,data,"DAT_1009b2e4",word
1009b2e6,1009b2e8,data,"DAT_1009b2e6",word
1009b2e8,1009b2ea,data,"DAT_1009b2e8",word
1009b2ea,1009b2ec,data,"DAT_1009b2ea",word
1009b2ec,1009b2ee,data,"DAT_1009b2ec",word
1009b2ee,1009b2f0,data,"DAT_1009b2ee",word
1009b2f0,1009b2f2,data,"DAT_1009b2f0",word
1009b2f2,1009b2f4,data,"DAT_1009b2f2",word
1009b2f4,1009b2f6,data,"DAT_1009b2f4",word
1009b2f6,1009b2f8,data,"DAT_1009b2f6",word
1009b2f8,1009b2fa,data,"DAT_1009b2f8",word
1009b2fa,1009b2fc,data,"DAT_1009b2fa",word
1009b2fc,1009b2fe,data,"DAT_1009b2fc",word
1009b2fe,1009b300,data,"DAT_1009b2fe",word
1009b300,1009b302,data,"DAT_1009b300",word
1009b302,1009b304,data,"DAT_1009b302",word
1009b304,1009b306,data,"DAT_1009b304",word
1009b306,1009b308,data,"DAT_1009b306",word
1009b308,1009b30a,data,"DAT_1009b308",word
1009b30a,1009b30c,data,"DAT_1009b30a",word
1009b30c,1009b30e,data,"DAT_1009b30c",word
1009b30e,1009b310,data,"DAT_1009b30e",word
1009b310,1009b312,data,"DAT_1009b310",word
1009b312,1009b314,data,"DAT_1009b312",word
1009b314,1009b316,data,"DAT_1009b314",word
1009b316,1009b318,data,"DAT_1009b316",word
1009b318,1009b31a,data,"DAT_1009b318",word
1009b31a,1009b31c,data,"DAT_1009b31a",word
1009b31c,1009b31e,data,"DAT_1009b31c",word
1009b31e,1009b320,data,"DAT_1009b31e",word
1009b320,1009b322,data,"DAT_1009b320",word
1009b322,1009b324,data,"DAT_1009b322",word
1009b324,1009b326,data,"DAT_1009b324",word
1009b326,1009b328,data,"DAT_1009b326",word
1009b328,1009b32a,data,"DAT_1009b328",word
1009b32a,1009b32c,data,"DAT_1009b32a",word
1009b32c,1009b32e,data,"DAT_1009b32c",word
1009b32e,1009b330,data,"DAT_1009b32e",word
1009b330,1009b332,data,"DAT_1009b330",word
1009b332,1009b334,data,"DAT_1009b332",word
1009b334,1009b336,data,"DAT_1009b334",word
1009b336,1009b338,data,"DAT_1009b336",word
1009b338,1009b33a,data,"DAT_1009b338",word
1009b33a,1009b33c,data,"DAT_1009b33a",word
1009b33c,1009b33e,data,"DAT_1009b33c",word
1009b33e,1009b340,data,"DAT_1009b33e",word
1009b340,1009b342,data,"DAT_1009b340",word
1009b342,1009b344,data,"DAT_1009b342",word
1009b344,1009b346,data,"DAT_1009b344",word
1009b346,1009b348,data,"DAT_1009b346",word
1009b348,1009b34a,data,"DAT_1009b348",word
1009b34a,1009b34c,data,"DAT_1009b34a",word
1009b34c,1009b34e,data,"DAT_1009b34c",word
1009b34e,1009b350,data,"DAT_1009b34e",word
1009b350,1009b352,data,"DAT_1009b350",word
1009b352,1009b354,data,"DAT_1009b352",word
1009b354,1009b356,data,"DAT_1009b354",word
1009b356,1009b358,data,"DAT_1009b356",word
1009b358,1009b35a,data,"DAT_1009b358",word
1009b35a,1009b35c,data,"DAT_1009b35a",word
1009b35c,1009b35e,data,"DAT_1009b35c",word
1009b35e,1009b360,data,"DAT_1009b35e",word
1009b360,1009b362,data,"DAT_1009b360",word
1009b362,1009b364,data,"DAT_1009b362",word
1009b364,1009b366,data,"DAT_1009b364",word
1009b366,1009b368,data,"DAT_1009b366",word
1009b368,1009b36a,data,"DAT_1009b368",word
1009b36a,1009b36c,data,"DAT_1009b36a",word
1009b36c,1009b36e,data,"DAT_1009b36c",word
1009b36e,1009b370,data,"DAT_1009b36e",word
1009b370,1009b372,data,"DAT_1009b370",word
1009b372,1009b374,data,"DAT_1009b372",word
1009b374,1009b376,data,"DAT_1009b374",word
1009b376,1009b378,data,"DAT_1009b376",word
1009b378,1009b37a,data,"DAT_1009b378",word
1009b37a,1009b37c,data,"DAT_1009b37a",word
1009b37c,1009b37e,data,"DAT_1009b37c",word
1009b37e,1009b380,data,"DAT_1009b37e",word
1009b380,1009b382,data,"DAT_1009b380",word
1009b382,1009b384,data,"DAT_1009b382",word
1009b384,1009b386,data,"DAT_1009b384",word
1009b386,1009b388,data,"DAT_1009b386",word
1009b388,1009b38a,data,"DAT_1009b388",word
1009b38a,1009b38c,data,"DAT_1009b38a",word
1009b38c,1009b390,data,"DAT_1009b38c",dword
1009b390,1009b394,data,"DAT_1009b390",dword
1009b394,1009b396,data,"DAT_1009b394",word
1009b396,1009b398,data,"DAT_1009b396",word
1009b398,1009b39a,data,"DAT_1009b398",word
1009b39a,1009b39c,data,"DAT_1009b39a",word
1009b39c,1009b39e,data,"DAT_1009b39c",word
1009b39e,1009b3a0,data,"DAT_1009b39e",word
1009b3a0,1009b3a2,data,"DAT_1009b3a0",word
1009b3a2,1009b3a4,data,"DAT_1009b3a2",word
1009b3a4,1009b3a6,data,"DAT_1009b3a4",word
1009b3a6,1009b3a8,data,"DAT_1009b3a6",word
1009b3a8,1009b3aa,data,"DAT_1009b3a8",word
1009b3aa,1009b3ac,data,"DAT_1009b3aa",word
1009b3ac,1009b3ae,data,"DAT_1009b3ac",word
1009b3ae,1009b3b0,data,"DAT_1009b3ae",word
1009b3b0,1009b3b2,data,"DAT_1009b3b0",word
1009b3b2,1009b3b4,data,"DAT_1009b3b2",word
1009b3b4,1009b3b6,data,"DAT_1009b3b4",word
1009b3b6,1009b3b8,data,"DAT_1009b3b6",word
1009b3b8,1009b3ba,data,"DAT_1009b3b8",word
1009b3ba,1009b3bc,data,"DAT_1009b3ba",word
1009b3bc,1009b3be,data,"DAT_1009b3bc",word
1009b3be,1009b3c0,data,"DAT_1009b3be",word
1009b3c0,1009b3c2,data,"DAT_1009b3c0",word
1009b3c2,1009b3c4,data,"DAT_1009b3c2",word
1009b3c4,1009b3c6,data,"DAT_1009b3c4",word
1009b3c6,1009b3c8,data,"DAT_1009b3c6",word
1009b3c8,1009b3ca,data,"DAT_1009b3c8",word
1009b3ca,1009b3cc,data,"DAT_1009b3ca",word
1009b3cc,1009b3ce,data,"DAT_1009b3cc",word
1009b3ce,1009b3d0,data,"DAT_1009b3ce",word
1009b3d0,1009b3d2,data,"DAT_1009b3d0",word
1009b3d2,1009b3d4,data,"DAT_1009b3d2",word
1009b3d4,1009b3d6,data,"DAT_1009b3d4",word
1009b3d6,1009b3d8,data,"DAT_1009b3d6",word
1009b3d8,1009b3da,data,"DAT_1009b3d8",word
1009b3da,1009b3dc,data,"DAT_1009b3da",word
1009b3dc,1009b3de,data,"DAT_1009b3dc",word
1009b3de,1009b3e0,data,"DAT_1009b3de",word
1009b3e0,1009b3e2,data,"DAT_1009b3e0",word
1009b3e2,1009b3e4,data,"DAT_1009b3e2",word
1009b3e4,1009b3e6,data,"DAT_1009b3e4",word
1009b3e6,1009b3e8,data,"DAT_1009b3e6",word
1009b3e8,1009b3ea,data,"DAT_1009b3e8",word
1009b3ea,1009b3ec,data,"DAT_1009b3ea",word
1009b3ec,1009b3ee,data,"DAT_1009b3ec",word
1009b3ee,1009b3f0,data,"DAT_1009b3ee",word
1009b3f0,1009b3f2,data,"DAT_1009b3f0",word
1009b3f2,1009b3f4,data,"DAT_1009b3f2",word
1009b3f4,1009b3f6,data,"DAT_1009b3f4",word
1009b3f6,1009b3f8,data,"DAT_1009b3f6",word
1009b3f8,1009b3fa,data,"DAT_1009b3f8",word
1009b3fa,1009b3fc,data,"DAT_1009b3fa",word
1009b3fc,1009b3fe,data,"DAT_1009b3fc",word
1009b3fe,1009b400,data,"DAT_1009b3fe",word
1009b400,1009b402,data,"DAT_1009b400",word
1009b402,1009b404,data,"DAT_1009b402",word
1009b404,1009b406,data,"DAT_1009b404",word
1009b406,1009b408,data,"DAT_1009b406",word
1009b408,1009b40a,data,"DAT_1009b408",word
1009b40a,1009b40c,data,"DAT_1009b40a",word
1009b40c,1009b40e,data,"DAT_1009b40c",word
1009b40e,1009b410,data,"DAT_1009b40e",word
1009b410,1009b412,data,"DAT_1009b410",word
1009b412,1009b414,data,"DAT_1009b412",word
1009b414,1009b416,data,"DAT_1009b414",word
1009b416,1009b418,data,"DAT_1009b416",word
1009b418,1009b41a,data,"DAT_1009b418",word
1009b41a,1009b41c,data,"DAT_1009b41a",word
1009b41c,1009b41e,data,"DAT_1009b41c",word
1009b41e,1009b420,data,"DAT_1009b41e",word
1009b420,1009b422,data,"DAT_1009b420",word
1009b422,1009b424,data,"DAT_1009b422",word
1009b424,1009b426,data,"DAT_1009b424",word
1009b426,1009b428,data,"DAT_1009b426",word
1009b428,1009b42a,data,"DAT_1009b428",word
1009b42a,1009b42c,data,"DAT_1009b42a",word
1009b42c,1009b42e,data,"DAT_1009b42c",word
1009b42e,1009b430,data,"DAT_1009b42e",word
1009b430,1009b432,data,"DAT_1009b430",word
1009b432,1009b434,data,"DAT_1009b432",word
1009b434,1009b436,data,"DAT_1009b434",word
1009b436,1009b438,data,"DAT_1009b436",word
1009b438,1009b43a,data,"DAT_1009b438",word
1009b43a,1009b43c,data,"DAT_1009b43a",word
1009b43c,1009b43e,data,"DAT_1009b43c",word
1009b43e,1009b440,data,"DAT_1009b43e",word
1009b440,1009b442,data,"DAT_1009b440",word
1009b442,1009b444,data,"DAT_1009b442",word
1009b444,1009b446,data,"DAT_1009b444",word
1009b446,1009b448,data,"DAT_1009b446",word
1009b448,1009b44a,data,"DAT_1009b448",word
1009b44a,1009b44c,data,"DAT_1009b44a",word
1009b44c,1009b44e,data,"DAT_1009b44c",word
1009b44e,1009b450,data,"DAT_1009b44e",word
1009b450,1009b454,data,"DAT_1009b450",dword
1009b454,1009b458,data,"DAT_1009b454",dword
1009b458,1009b45a,data,"DAT_1009b458",word
1009b45a,1009b45c,data,"DAT_1009b45a",word
1009b45c,1009b45e,data,"DAT_1009b45c",word
1009b45e,1009b460,data,"DAT_1009b45e",word
1009b460,1009b462,data,"DAT_1009b460",word
1009b462,1009b464,data,"DAT_1009b462",word
1009b464,1009b466,data,"DAT_1009b464",word
1009b466,1009b468,data,"DAT_1009b466",word
1009b468,1009b46a,data,"DAT_1009b468",word
1009b46a,1009b46c,data,"DAT_1009b46a",word
1009b46c,1009b46e,data,"DAT_1009b46c",word
1009b46e,1009b470,data,"DAT_1009b46e",word
1009b470,1009b472,data,"DAT_1009b470",word
1009b472,1009b474,data,"DAT_1009b472",word
1009b474,1009b476,data,"DAT_1009b474",word
1009b476,1009b478,data,"DAT_1009b476",word
1009b478,1009b47a,data,"DAT_1009b478",word
1009b47a,1009b47c,data,"DAT_1009b47a",word
1009b47c,1009b47e,data,"DAT_1009b47c",word
1009b47e,1009b480,data,"DAT_1009b47e",word
1009b480,1009b482,data,"DAT_1009b480",word
1009b482,1009b484,data,"DAT_1009b482",word
1009b484,1009b486,data,"DAT_1009b484",word
1009b486,1009b488,data,"DAT_1009b486",word
1009b488,1009b48a,data,"DAT_1009b488",word
1009b48a,1009b48c,data,"DAT_1009b48a",word
1009b48c,1009b48e,data,"DAT_1009b48c",word
1009b48e,1009b490,data,"DAT_1009b48e",word
1009b490,1009b492,data,"DAT_1009b490",word
1009b492,1009b494,data,"DAT_1009b492",word
1009b494,1009b496,data,"DAT_1009b494",word
1009b496,1009b498,data,"DAT_1009b496",word
1009b498,1009b49a,data,"DAT_1009b498",word
1009b49a,1009b49c,data,"DAT_1009b49a",word
1009b49c,1009b49e,data,"DAT_1009b49c",word
1009b49e,1009b4a0,data,"DAT_1009b49e",word
1009b4a0,1009b4a2,data,"DAT_1009b4a0",word
1009b4a2,1009b4a4,data,"DAT_1009b4a2",word
1009b4a4,1009b4a6,data,"DAT_1009b4a4",word
1009b4a6,1009b4a8,data,"DAT_1009b4a6",word
1009b4a8,1009b4aa,data,"DAT_1009b4a8",word
1009b4aa,1009b4ac,data,"DAT_1009b4aa",word
1009b4ac,1009b4ae,data,"DAT_1009b4ac",word
1009b4ae,1009b4b0,data,"DAT_1009b4ae",word
1009b4b0,1009b4b2,data,"DAT_1009b4b0",word
1009b4b2,1009b4b4,data,"DAT_1009b4b2",word
1009b4b4,1009b4b6,data,"DAT_1009b4b4",word
1009b4b6,1009b4b8,data,"DAT_1009b4b6",word
1009b4b8,1009b4ba,data,"DAT_1009b4b8",word
1009b4ba,1009b4bc,data,"DAT_1009b4ba",word
1009b4bc,1009b4be,data,"DAT_1009b4bc",word
1009b4be,1009b4c0,data,"DAT_1009b4be",word
1009b4c0,1009b4c2,data,"DAT_1009b4c0",word
1009b4c2,1009b4c4,data,"DAT_1009b4c2",word
1009b4c4,1009b4c6,data,"DAT_1009b4c4",word
1009b4c6,1009b4c8,data,"DAT_1009b4c6",word
1009b4c8,1009b4ca,data,"DAT_1009b4c8",word
1009b4ca,1009b4cc,data,"DAT_1009b4ca",word
1009b4cc,1009b4ce,data,"DAT_1009b4cc",word
1009b4ce,1009b4d0,data,"DAT_1009b4ce",word
1009b4d0,1009b4d2,data,"DAT_1009b4d0",word
1009b4d2,1009b4d4,data,"DAT_1009b4d2",word
1009b4d4,1009b4d6,data,"DAT_1009b4d4",word
1009b4d6,1009b4d8,data,"DAT_1009b4d6",word
1009b4d8,1009b4da,data,"DAT_1009b4d8",word
1009b4da,1009b4dc,data,"DAT_1009b4da",word
1009b4dc,1009b4de,data,"DAT_1009b4dc",word
1009b4de,1009b4e0,data,"DAT_1009b4de",word
1009b4e0,1009b4e2,data,"DAT_1009b4e0",word
1009b4e2,1009b4e4,data,"DAT_1009b4e2",word
1009b4e4,1009b4e6,data,"DAT_1009b4e4",word
1009b4e6,1009b4e8,data,"DAT_1009b4e6",word
1009b4e8,1009b4ea,data,"DAT_1009b4e8",word
1009b4ea,1009b4ec,data,"DAT_1009b4ea",word
1009b4ec,1009b4ee,data,"DAT_1009b4ec",word
1009b4ee,1009b4f0,data,"DAT_1009b4ee",word
1009b4f0,1009b4f2,data,"DAT_1009b4f0",word
1009b4f2,1009b4f4,data,"DAT_1009b4f2",word
1009b4f4,1009b4f6,data,"DAT_1009b4f4",word
1009b4f6,1009b4f8,data,"DAT_1009b4f6",word
1009b4f8,1009b4fa,data,"DAT_1009b4f8",word
1009b4fa,1009b4fc,data,"DAT_1009b4fa",word
1009b4fc,1009b4fe,data,"DAT_1009b4fc",word
1009b4fe,1009b500,data,"DAT_1009b4fe",word
1009b500,1009b502,data,"DAT_1009b500",word
1009b502,1009b504,data,"DAT_1009b502",word
1009b504,1009b506,data,"DAT_1009b504",word
1009b506,1009b508,data,"DAT_1009b506",word
1009b508,1009b50a,data,"DAT_1009b508",word
1009b50a,1009b50c,data,"DAT_1009b50a",word
1009b50c,1009b50e,data,"DAT_1009b50c",word
1009b50e,1009b510,data,"DAT_1009b50e",word
1009b510,1009b512,data,"DAT_1009b510",word
1009b512,1009b514,data,"DAT_1009b512",word
1009b514,1009b516,data,"DAT_1009b514",word
1009b516,1009b518,data,"DAT_1009b516",word
1009b518,1009b51a,data,"DAT_1009b518",word
1009b51a,1009b51c,data,"DAT_1009b51a",word
1009b51c,1009b51e,data,"DAT_1009b51c",word
1009b51e,1009b520,data,"DAT_1009b51e",word
1009b520,1009b522,data,"DAT_1009b520",word
1009b522,1009b524,data,"DAT_1009b522",word
1009b524,1009b526,data,"DAT_1009b524",word
1009b526,1009b528,data,"DAT_1009b526",word
1009b528,1009b52a,data,"DAT_1009b528",word
1009b52a,1009b52c,data,"DAT_1009b52a",word
1009b52c,1009b52e,data,"DAT_1009b52c",word
1009b52e,1009b530,data,"DAT_1009b52e",word
1009b530,1009b532,data,"DAT_1009b530",word
1009b532,1009b534,data,"DAT_1009b532",word
1009b534,1009b536,data,"DAT_1009b534",word
1009b536,1009b538,data,"DAT_1009b536",word
1009b538,1009b53a,data,"DAT_1009b538",word
1009b53a,1009b53c,data,"DAT_1009b53a",word
1009b53c,1009b53e,data,"DAT_1009b53c",word
1009b53e,1009b540,data,"DAT_1009b53e",word
1009b540,1009b542,data,"DAT_1009b540",word
1009b542,1009b544,data,"DAT_1009b542",word
1009b544,1009b546,data,"DAT_1009b544",word
1009b546,1009b548,data,"DAT_1009b546",word
1009b548,1009b54a,data,"DAT_1009b548",word
1009b54a,1009b54c,data,"DAT_1009b54a",word
1009b54c,1009b54e,data,"DAT_1009b54c",word
1009b54e,1009b550,data,"DAT_1009b54e",word
1009b550,1009b552,data,"DAT_1009b550",word
1009b552,1009b554,data,"DAT_1009b552",word
1009b554,1009b556,data,"DAT_1009b554",word
1009b556,1009b558,data,"DAT_1009b556",word
1009b558,1009b55a,data,"DAT_1009b558",word
1009b55a,1009b55c,data,"DAT_1009b55a",word
1009b55c,1009b55e,data,"DAT_1009b55c",word
1009b55e,1009b560,data,"DAT_1009b55e",word
1009b560,1009b564,data,"DAT_1009b560",dword
1009b564,1009b568,data,"DAT_1009b564",dword
1009b568,1009b56a,data,"DAT_1009b568",word
1009b56a,1009b56c,data,"DAT_1009b56a",word
1009b56c,1009b56e,data,"DAT_1009b56c",word
1009b56e,1009b570,data,"DAT_1009b56e",word
1009b570,1009b572,data,"DAT_1009b570",word
1009b572,1009b574,data,"DAT_1009b572",word
1009b574,1009b576,data,"DAT_1009b574",word
1009b576,1009b578,data,"DAT_1009b576",word
1009b578,1009b57a,data,"DAT_1009b578",word
1009b57a,1009b57c,data,"DAT_1009b57a",word
1009b57c,1009b57e,data,"DAT_1009b57c",word
1009b57e,1009b580,data,"DAT_1009b57e",word
1009b580,1009b582,data,"DAT_1009b580",word
1009b582,1009b584,data,"DAT_1009b582",word
1009b584,1009b586,data,"DAT_1009b584",word
1009b586,1009b588,data,"DAT_1009b586",word
1009b588,1009b58a,data,"DAT_1009b588",word
1009b58a,1009b58c,data,"DAT_1009b58a",word
1009b58c,1009b58e,data,"DAT_1009b58c",word
1009b58e,1009b590,data,"DAT_1009b58e",word
1009b590,1009b592,data,"DAT_1009b590",word
1009b592,1009b594,data,"DAT_1009b592",word
1009b594,1009b596,data,"DAT_1009b594",word
1009b596,1009b598,data,"DAT_1009b596",word
1009b598,1009b59a,data,"DAT_1009b598",word
1009b59a,1009b59c,data,"DAT_1009b59a",word
1009b59c,1009b59e,data,"DAT_1009b59c",word
1009b59e,1009b5a0,data,"DAT_1009b59e",word
1009b5a0,1009b5a2,data,"DAT_1009b5a0",word
1009b5a2,1009b5a4,data,"DAT_1009b5a2",word
1009b5a4,1009b5a6,data,"DAT_1009b5a4",word
1009b5a6,1009b5a8,data,"DAT_1009b5a6",word
1009b5a8,1009b5aa,data,"DAT_1009b5a8",word
1009b5aa,1009b5ac,data,"DAT_1009b5aa",word
1009b5ac,1009b5ae,data,"DAT_1009b5ac",word
1009b5ae,1009b5b0,data,"DAT_1009b5ae",word
1009b5b0,1009b5b2,data,"DAT_1009b5b0",word
1009b5b2,1009b5b4,data,"DAT_1009b5b2",word
1009b5b4,1009b5b6,data,"DAT_1009b5b4",word
1009b5b6,1009b5b8,data,"DAT_1009b5b6",word
1009b5b8,1009b5ba,data,"DAT_1009b5b8",word
1009b5ba,1009b5bc,data,"DAT_1009b5ba",word
1009b5bc,1009b5be,data,"DAT_1009b5bc",word
1009b5be,1009b5c0,data,"DAT_1009b5be",word
1009b5c0,1009b5c2,data,"DAT_1009b5c0",word
1009b5c2,1009b5c4,data,"DAT_1009b5c2",word
1009b5c4,1009b5c6,data,"DAT_1009b5c4",word
1009b5c6,1009b5c8,data,"DAT_1009b5c6",word
1009b5c8,1009b5ca,data,"DAT_1009b5c8",word
1009b5ca,1009b5cc,data,"DAT_1009b5ca",word
1009b5cc,1009b5ce,data,"DAT_1009b5cc",word
1009b5ce,1009b5d0,data,"DAT_1009b5ce",word
1009b5d0,1009b5d2,data,"DAT_1009b5d0",word
1009b5d2,1009b5d4,data,"DAT_1009b5d2",word
1009b5d4,1009b5d6,data,"DAT_1009b5d4",word
1009b5d6,1009b5d8,data,"DAT_1009b5d6",word
1009b5d8,1009b5da,data,"DAT_1009b5d8",word
1009b5da,1009b5dc,data,"DAT_1009b5da",word
1009b5dc,1009b5de,data,"DAT_1009b5dc",word
1009b5de,1009b5e0,data,"DAT_1009b5de",word
1009b5e0,1009b5e2,data,"DAT_1009b5e0",word
1009b5e2,1009b5e4,data,"DAT_1009b5e2",word
1009b5e4,1009b5e6,data,"DAT_1009b5e4",word
1009b5e6,1009b5e8,data,"DAT_1009b5e6",word
1009b5e8,1009b5ea,data,"DAT_1009b5e8",word
1009b5ea,1009b5ec,data,"DAT_1009b5ea",word
1009b5ec,1009b5ee,data,"DAT_1009b5ec",word
1009b5ee,1009b5f0,data,"DAT_1009b5ee",word
1009b5f0,1009b5f2,data,"DAT_1009b5f0",word
1009b5f2,1009b5f4,data,"DAT_1009b5f2",word
1009b5f4,1009b5f8,data,"DAT_1009b5f4",dword
1009b5f8,1009b5fc,data,"DAT_1009b5f8",dword
1009b5fc,1009b5fe,data,"DAT_1009b5fc",word
1009b5fe,1009b600,data,"DAT_1009b5fe",word
1009b600,1009b602,data,"DAT_1009b600",word
1009b602,1009b604,data,"DAT_1009b602",word
1009b604,1009b606,data,"DAT_1009b604",word
1009b606,1009b608,data,"DAT_1009b606",word
1009b608,1009b60a,data,"DAT_1009b608",word
1009b60a,1009b60c,data,"DAT_1009b60a",word
1009b60c,1009b60e,data,"DAT_1009b60c",word
1009b60e,1009b610,data,"DAT_1009b60e",word
1009b610,1009b612,data,"DAT_1009b610",word
1009b612,1009b614,data,"DAT_1009b612",word
1009b614,1009b616,data,"DAT_1009b614",word
1009b616,1009b618,data,"DAT_1009b616",word
1009b618,1009b61a,data,"DAT_1009b618",word
1009b61a,1009b61c,data,"DAT_1009b61a",word
1009b61c,1009b61e,data,"DAT_1009b61c",word
1009b61e,1009b620,data,"DAT_1009b61e",word
1009b620,1009b622,data,"DAT_1009b620",word
1009b622,1009b624,data,"DAT_1009b622",word
1009b624,1009b626,data,"DAT_1009b624",word
1009b626,1009b628,data,"DAT_1009b626",word
1009b628,1009b62a,data,"DAT_1009b628",word
1009b62a,1009b62c,data,"DAT_1009b62a",word
1009b62c,1009b62e,data,"DAT_1009b62c",word
1009b62e,1009b630,data,"DAT_1009b62e",word
1009b630,1009b632,data,"DAT_1009b630",word
1009b632,1009b634,data,"DAT_1009b632",word
1009b634,1009b636,data,"DAT_1009b634",word
1009b636,1009b638,data,"DAT_1009b636",word
1009b638,1009b63a,data,"DAT_1009b638",word
1009b63a,1009b63c,data,"DAT_1009b63a",word
1009b63c,1009b63e,data,"DAT_1009b63c",word
1009b63e,1009b640,data,"DAT_1009b63e",word
1009b640,1009b642,data,"DAT_1009b640",word
1009b642,1009b644,data,"DAT_1009b642",word
1009b644,1009b646,data,"DAT_1009b644",word
1009b646,1009b648,data,"DAT_1009b646",word
1009b648,1009b64a,data,"DAT_1009b648",word
1009b64a,1009b64c,data,"DAT_1009b64a",word
1009b64c,1009b64e,data,"DAT_1009b64c",word
1009b64e,1009b650,data,"DAT_1009b64e",word
1009b650,1009b652,data,"DAT_1009b650",word
1009b652,1009b654,data,"DAT_1009b652",word
1009b654,1009b656,data,"DAT_1009b654",word
1009b656,1009b658,data,"DAT_1009b656",word
1009b658,1009b65a,data,"DAT_1009b658",word
1009b65a,1009b65c,data,"DAT_1009b65a",word
1009b65c,1009b65e,data,"DAT_1009b65c",word
1009b65e,1009b660,data,"DAT_1009b65e",word
1009b660,1009b662,data,"DAT_1009b660",word
1009b662,1009b664,data,"DAT_1009b662",word
1009b664,1009b666,data,"DAT_1009b664",word
1009b666,1009b668,data,"DAT_1009b666",word
1009b668,1009b66a,data,"DAT_1009b668",word
1009b66a,1009b66c,data,"DAT_1009b66a",word
1009b66c,1009b66e,data,"DAT_1009b66c",word
1009b66e,1009b670,data,"DAT_1009b66e",word
1009b670,1009b672,data,"DAT_1009b670",word
1009b672,1009b674,data,"DAT_1009b672",word
1009b674,1009b676,data,"DAT_1009b674",word
1009b676,1009b678,data,"DAT_1009b676",word
1009b678,1009b67a,data,"DAT_1009b678",word
1009b67a,1009b67c,data,"DAT_1009b67a",word
1009b67c,1009b67e,data,"DAT_1009b67c",word
1009b67e,1009b680,data,"DAT_1009b67e",word
1009b680,1009b684,data,"DAT_1009b680",dword
1009b684,1009b688,data,"DAT_1009b684",dword
1009b688,1009b68a,data,"DAT_1009b688",word
1009b68a,1009b68c,data,"DAT_1009b68a",word
1009b68c,1009b68e,data,"DAT_1009b68c",word
1009b68e,1009b690,data,"DAT_1009b68e",word
1009b690,1009b692,data,"DAT_1009b690",word
1009b692,1009b694,data,"DAT_1009b692",word
1009b694,1009b696,data,"DAT_1009b694",word
1009b696,1009b698,data,"DAT_1009b696",word
1009b698,1009b69a,data,"DAT_1009b698",word
1009b69a,1009b69c,data,"DAT_1009b69a",word
1009b69c,1009b69e,data,"DAT_1009b69c",word
1009b69e,1009b6a0,data,"DAT_1009b69e",word
1009b6a0,1009b6a2,data,"DAT_1009b6a0",word
1009b6a2,1009b6a4,data,"DAT_1009b6a2",word
1009b6a4,1009b6a6,data,"DAT_1009b6a4",word
1009b6a6,1009b6a8,data,"DAT_1009b6a6",word
1009b6a8,1009b6aa,data,"DAT_1009b6a8",word
1009b6aa,1009b6ac,data,"DAT_1009b6aa",word
1009b6ac,1009b6ae,data,"DAT_1009b6ac",word
1009b6ae,1009b6b0,data,"DAT_1009b6ae",word
1009b6b0,1009b6b2,data,"DAT_1009b6b0",word
1009b6b2,1009b6b4,data,"DAT_1009b6b2",word
1009b6b4,1009b6b6,data,"DAT_1009b6b4",word
1009b6b6,1009b6b8,data,"DAT_1009b6b6",word
1009b6b8,1009b6ba,data,"DAT_1009b6b8",word
1009b6ba,1009b6bc,data,"DAT_1009b6ba",word
1009b6bc,1009b6be,data,"DAT_1009b6bc",word
1009b6be,1009b6c0,data,"DAT_1009b6be",word
1009b6c0,1009b6c2,data,"DAT_1009b6c0",word
1009b6c2,1009b6c4,data,"DAT_1009b6c2",word
1009b6c4,1009b6c6,data,"DAT_1009b6c4",word
1009b6c6,1009b6c8,data,"DAT_1009b6c6",word
1009b6c8,1009b6ca,data,"DAT_1009b6c8",word
1009b6ca,1009b6cc,data,"DAT_1009b6ca",word
1009b6cc,1009b6ce,data,"DAT_1009b6cc",word
1009b6ce,1009b6d0,data,"DAT_1009b6ce",word
1009b6d0,1009b6d4,data,"DAT_1009b6d0",dword
1009b6d4,1009b6d8,data,"DAT_1009b6d4",dword
1009b6d8,1009b6da,data,"DAT_1009b6d8",word
1009b6da,1009b6dc,data,"DAT_1009b6da",word
1009b6dc,1009b6de,data,"DAT_1009b6dc",word
1009b6de,1009b6e0,data,"DAT_1009b6de",word
1009b6e0,1009b6e2,data,"DAT_1009b6e0",word
1009b6e2,1009b6e4,data,"DAT_1009b6e2",word
1009b6e4,1009b6e6,data,"DAT_1009b6e4",word
1009b6e6,1009b6e8,data,"DAT_1009b6e6",word
1009b6e8,1009b6ea,data,"DAT_1009b6e8",word
1009b6ea,1009b6ec,data,"DAT_1009b6ea",word
1009b6ec,1009b6ee,data,"DAT_1009b6ec",word
1009b6ee,1009b6f0,data,"DAT_1009b6ee",word
1009b6f0,1009b6f2,data,"DAT_1009b6f0",word
1009b6f2,1009b6f4,data,"DAT_1009b6f2",word
1009b6f4,1009b6f6,data,"DAT_1009b6f4",word
1009b6f6,1009b6f8,data,"DAT_1009b6f6",word
1009b6f8,1009b6fa,data,"DAT_1009b6f8",word
1009b6fa,1009b6fc,data,"DAT_1009b6fa",word
1009b6fc,1009b6fe,data,"DAT_1009b6fc",word
1009b6fe,1009b700,data,"DAT_1009b6fe",word
1009b700,1009b702,data,"DAT_1009b700",word
1009b702,1009b704,data,"DAT_1009b702",word
1009b704,1009b706,data,"DAT_1009b704",word
1009b706,1009b708,data,"DAT_1009b706",word
1009b708,1009b70a,data,"DAT_1009b708",word
1009b70a,1009b70c,data,"DAT_1009b70a",word
1009b70c,1009b70e,data,"DAT_1009b70c",word
1009b70e,1009b710,data,"DAT_1009b70e",word
1009b710,1009b712,data,"DAT_1009b710",word
1009b712,1009b714,data,"DAT_1009b712",word
1009b714,1009b716,data,"DAT_1009b714",word
1009b716,1009b718,data,"DAT_1009b716",word
1009b718,1009b71a,data,"DAT_1009b718",word
1009b71a,1009b71c,data,"DAT_1009b71a",word
1009b71c,1009b71e,data,"DAT_1009b71c",word
1009b71e,1009b720,data,"DAT_1009b71e",word
1009b720,1009b722,data,"DAT_1009b720",word
1009b722,1009b724,data,"DAT_1009b722",word
1009b724,1009b726,data,"DAT_1009b724",word
1009b726,1009b728,data,"DAT_1009b726",word
1009b728,1009b72a,data,"DAT_1009b728",word
1009b72a,1009b72c,data,"DAT_1009b72a",word
1009b72c,1009b72e,data,"DAT_1009b72c",word
1009b72e,1009b730,data,"DAT_1009b72e",word
1009b730,1009b732,data,"DAT_1009b730",word
1009b732,1009b734,data,"DAT_1009b732",word
1009b734,1009b736,data,"DAT_1009b734",word
1009b736,1009b738,data,"DAT_1009b736",word
1009b738,1009b73a,data,"DAT_1009b738",word
1009b73a,1009b73c,data,"DAT_1009b73a",word
1009b73c,1009b73e,data,"DAT_1009b73c",word
1009b73e,1009b740,data,"DAT_1009b73e",word
1009b740,1009b742,data,"DAT_1009b740",word
1009b742,1009b744,data,"DAT_1009b742",word
1009b744,1009b746,data,"DAT_1009b744",word
1009b746,1009b748,data,"DAT_1009b746",word
1009b748,1009b74a,data,"DAT_1009b748",word
1009b74a,1009b74c,data,"DAT_1009b74a",word
1009b74c,1009b74e,data,"DAT_1009b74c",word
1009b74e,1009b750,data,"DAT_1009b74e",word
1009b750,1009b752,data,"DAT_1009b750",word
1009b752,1009b754,data,"DAT_1009b752",word
1009b754,1009b756,data,"DAT_1009b754",word
1009b756,1009b758,data,"DAT_1009b756",word
1009b758,1009b75a,data,"DAT_1009b758",word
1009b75a,1009b75c,data,"DAT_1009b75a",word
1009b75c,1009b75e,data,"DAT_1009b75c",word
1009b75e,1009b760,data,"DAT_1009b75e",word
1009b760,1009b762,data,"DAT_1009b760",word
1009b762,1009b764,data,"DAT_1009b762",word
1009b764,1009b766,data,"DAT_1009b764",word
1009b766,1009b768,data,"DAT_1009b766",word
1009b768,1009b76a,data,"DAT_1009b768",word
1009b76a,1009b76c,data,"DAT_1009b76a",word
1009b76c,1009b76e,data,"DAT_1009b76c",word
1009b76e,1009b770,data,"DAT_1009b76e",word
1009b770,1009b772,data,"DAT_1009b770",word
1009b772,1009b774,data,"DAT_1009b772",word
1009b774,1009b776,data,"DAT_1009b774",word
1009b776,1009b778,data,"DAT_1009b776",word
1009b778,1009b77a,data,"DAT_1009b778",word
1009b77a,1009b77c,data,"DAT_1009b77a",word
1009b77c,1009b77e,data,"DAT_1009b77c",word
1009b77e,1009b780,data,"DAT_1009b77e",word
1009b780,1009b782,data,"DAT_1009b780",word
1009b782,1009b784,data,"DAT_1009b782",word
1009b784,1009b788,data,"DAT_1009b784",dword
1009b788,1009b78c,data,"DAT_1009b788",dword
1009b78c,1009b78e,data,"DAT_1009b78c",word
1009b78e,1009b790,data,"DAT_1009b78e",word
1009b790,1009b792,data,"DAT_1009b790",word
1009b792,1009b794,data,"DAT_1009b792",word
1009b794,1009b796,data,"DAT_1009b794",word
1009b796,1009b798,data,"DAT_1009b796",word
1009b798,1009b79a,data,"DAT_1009b798",word
1009b79a,1009b79c,data,"DAT_1009b79a",word
1009b79c,1009b79e,data,"DAT_1009b79c",word
1009b79e,1009b7a0,data,"DAT_1009b79e",word
1009b7a0,1009b7a2,data,"DAT_1009b7a0",word
1009b7a2,1009b7a4,data,"DAT_1009b7a2",word
1009b7a4,1009b7a6,data,"DAT_1009b7a4",word
1009b7a6,1009b7a8,data,"DAT_1009b7a6",word
1009b7a8,1009b7aa,data,"DAT_1009b7a8",word
1009b7aa,1009b7ac,data,"DAT_1009b7aa",word
1009b7ac,1009b7ae,data,"DAT_1009b7ac",word
1009b7ae,1009b7b0,data,"DAT_1009b7ae",word
1009b7b0,1009b7b2,data,"DAT_1009b7b0",word
1009b7b2,1009b7b4,data,"DAT_1009b7b2",word
1009b7b4,1009b7b6,data,"DAT_1009b7b4",word
1009b7b6,1009b7b8,data,"DAT_1009b7b6",word
1009b7b8,1009b7ba,data,"DAT_1009b7b8",word
1009b7ba,1009b7bc,data,"DAT_1009b7ba",word
1009b7bc,1009b7be,data,"DAT_1009b7bc",word
1009b7be,1009b7c0,data,"DAT_1009b7be",word
1009b7c0,1009b7c2,data,"DAT_1009b7c0",word
1009b7c2,1009b7c4,data,"DAT_1009b7c2",word
1009b7c4,1009b7c6,data,"DAT_1009b7c4",word
1009b7c6,1009b7c8,data,"DAT_1009b7c6",word
1009b7c8,1009b7ca,data,"DAT_1009b7c8",word
1009b7ca,1009b7cc,data,"DAT_1009b7ca",word
1009b7cc,1009b7ce,data,"DAT_1009b7cc",word
1009b7ce,1009b7d0,data,"DAT_1009b7ce",word
1009b7d0,1009b7d2,data,"DAT_1009b7d0",word
1009b7d2,1009b7d4,data,"DAT_1009b7d2",word
1009b7d4,1009b7d6,data,"DAT_1009b7d4",word
1009b7d6,1009b7d8,data,"DAT_1009b7d6",word
1009b7d8,1009b7da,data,"DAT_1009b7d8",word
1009b7da,1009b7dc,data,"DAT_1009b7da",word
1009b7dc,1009b7de,data,"DAT_1009b7dc",word
1009b7de,1009b7e0,data,"DAT_1009b7de",word
1009b7e0,1009b7e2,data,"DAT_1009b7e0",word
1009b7e2,1009b7e4,data,"DAT_1009b7e2",word
1009b7e4,1009b7e6,data,"DAT_1009b7e4",word
1009b7e6,1009b7e8,data,"DAT_1009b7e6",word
1009b7e8,1009b7ea,data,"DAT_1009b7e8",word
1009b7ea,1009b7ec,data,"DAT_1009b7ea",word
1009b7ec,1009b7ee,data,"DAT_1009b7ec",word
1009b7ee,1009b7f0,data,"DAT_1009b7ee",word
1009b7f0,1009b7f2,data,"DAT_1009b7f0",word
1009b7f2,1009b7f4,data,"DAT_1009b7f2",word
1009b7f4,1009b7f6,data,"DAT_1009b7f4",word
1009b7f6,1009b7f8,data,"DAT_1009b7f6",word
1009b7f8,1009b7fa,data,"DAT_1009b7f8",word
1009b7fa,1009b7fc,data,"DAT_1009b7fa",word
1009b7fc,1009b7fe,data,"DAT_1009b7fc",word
1009b7fe,1009b800,data,"DAT_1009b7fe",word
1009b800,1009b802,data,"DAT_1009b800",word
1009b802,1009b804,data,"DAT_1009b802",word
1009b804,1009b806,data,"DAT_1009b804",word
1009b806,1009b808,data,"DAT_1009b806",word
1009b808,1009b80a,data,"DAT_1009b808",word
1009b80a,1009b80c,data,"DAT_1009b80a",word
1009b80c,1009b80e,data,"DAT_1009b80c",word
1009b80e,1009b810,data,"DAT_1009b80e",word
1009b810,1009b812,data,"DAT_1009b810",word
1009b812,1009b814,data,"DAT_1009b812",word
1009b814,1009b816,data,"DAT_1009b814",word
1009b816,1009b818,data,"DAT_1009b816",word
1009b818,1009b81a,data,"DAT_1009b818",word
1009b81a,1009b81c,data,"DAT_1009b81a",word
1009b81c,1009b81e,data,"DAT_1009b81c",word
1009b81e,1009b820,data,"DAT_1009b81e",word
1009b820,1009b822,data,"DAT_1009b820",word
1009b822,1009b824,data,"DAT_1009b822",word
1009b824,1009b826,data,"DAT_1009b824",word
1009b826,1009b828,data,"DAT_1009b826",word
1009b828,1009b82a,data,"DAT_1009b828",word
1009b82a,1009b82c,data,"DAT_1009b82a",word
1009b82c,1009b82e,data,"DAT_1009b82c",word
1009b82e,1009b830,data,"DAT_1009b82e",word
1009b830,1009b832,data,"DAT_1009b830",word
1009b832,1009b834,data,"DAT_1009b832",word
1009b834,1009b836,data,"DAT_1009b834",word
1009b836,1009b838,data,"DAT_1009b836",word
1009b838,1009b83a,data,"DAT_1009b838",word
1009b83a,1009b83c,data,"DAT_1009b83a",word
1009b83c,1009b83e,data,"DAT_1009b83c",word
1009b83e,1009b840,data,"DAT_1009b83e",word
1009b840,1009b842,data,"DAT_1009b840",word
1009b842,1009b844,data,"DAT_1009b842",word
1009b844,1009b846,data,"DAT_1009b844",word
1009b846,1009b848,data,"DAT_1009b846",word
1009b848,1009b84a,data,"DAT_1009b848",word
1009b84a,1009b84c,data,"DAT_1009b84a",word
1009b84c,1009b84e,data,"DAT_1009b84c",word
1009b84e,1009b850,data,"DAT_1009b84e",word
1009b850,1009b852,data,"DAT_1009b850",word
1009b852,1009b854,data,"DAT_1009b852",word
1009b854,1009b856,data,"DAT_1009b854",word
1009b856,1009b858,data,"DAT_1009b856",word
1009b858,1009b85a,data,"DAT_1009b858",word
1009b85a,1009b85c,data,"DAT_1009b85a",word
1009b85c,1009b85e,data,"DAT_1009b85c",word
1009b85e,1009b860,data,"DAT_1009b85e",word
1009b860,1009b862,data,"DAT_1009b860",word
1009b862,1009b864,data,"DAT_1009b862",word
1009b864,1009b866,data,"DAT_1009b864",word
1009b866,1009b868,data,"DAT_1009b866",word
1009b868,1009b86a,data,"DAT_1009b868",word
1009b86a,1009b86c,data,"DAT_1009b86a",word
1009b86c,1009b86e,data,"DAT_1009b86c",word
1009b86e,1009b870,data,"DAT_1009b86e",word
1009b870,1009b872,data,"DAT_1009b870",word
1009b872,1009b874,data,"DAT_1009b872",word
1009b874,1009b876,data,"DAT_1009b874",word
1009b876,1009b878,data,"DAT_1009b876",word
1009b878,1009b87a,data,"DAT_1009b878",word
1009b87a,1009b87c,data,"DAT_1009b87a",word
1009b87c,1009b87e,data,"DAT_1009b87c",word
1009b87e,1009b880,data,"DAT_1009b87e",word
1009b880,1009b882,data,"DAT_1009b880",word
1009b882,1009b884,data,"DAT_1009b882",word
1009b884,1009b886,data,"DAT_1009b884",word
1009b886,1009b888,data,"DAT_1009b886",word
1009b888,1009b88a,data,"DAT_1009b888",word
1009b88a,1009b88c,data,"DAT_1009b88a",word
1009b88c,1009b88e,data,"DAT_1009b88c",word
1009b88e,1009b890,data,"DAT_1009b88e",word
1009b890,1009b892,data,"DAT_1009b890",word
1009b892,1009b894,data,"DAT_1009b892",word
1009b894,1009b896,data,"DAT_1009b894",word
1009b896,1009b898,data,"DAT_1009b896",word
1009b898,1009b89a,data,"DAT_1009b898",word
1009b89a,1009b89c,data,"DAT_1009b89a",word
1009b89c,1009b89e,data,"DAT_1009b89c",word
1009b89e,1009b8a0,data,"DAT_1009b89e",word
1009b8a0,1009b8a2,data,"DAT_1009b8a0",word
1009b8a2,1009b8a4,data,"DAT_1009b8a2",word
1009b8a4,1009b8a6,data,"DAT_1009b8a4",word
1009b8a6,1009b8a8,data,"DAT_1009b8a6",word
1009b8a8,1009b8aa,data,"DAT_1009b8a8",word
1009b8aa,1009b8ac,data,"DAT_1009b8aa",word
1009b8ac,1009b8b0,data,"DAT_1009b8ac",dword
1009b8b0,1009b8b4,data,"DAT_1009b8b0",dword
1009b8b4,1009b8b6,data,"DAT_1009b8b4",word
1009b8b6,1009b8b8,data,"DAT_1009b8b6",word
1009b8b8,1009b8ba,data,"DAT_1009b8b8",word
1009b8ba,1009b8bc,data,"DAT_1009b8ba",word
1009b8bc,1009b8be,data,"DAT_1009b8bc",word
1009b8be,1009b8c0,data,"DAT_1009b8be",word
1009b8c0,1009b8c2,data,"DAT_1009b8c0",word
1009b8c2,1009b8c4,data,"DAT_1009b8c2",word
1009b8c4,1009b8c8,data,"DAT_1009b8c4",dword
1009b8c8,1009b8cc,data,"DAT_1009b8c8",dword
1009b8cc,1009b8ce,data,"DAT_1009b8cc",word
1009b8ce,1009b8d0,data,"DAT_1009b8ce",word
1009b8d0,1009b8d4,data,"DAT_1009b8d0",dword
1009b8d4,1009b8d8,data,"DAT_1009b8d4",dword
1009b8d8,1009b8da,data,"DAT_1009b8d8",word
1009b8da,1009b8dc,data,"DAT_1009b8da",word
1009b8dc,1009b8de,data,"DAT_1009b8dc",word
1009b8de,1009b8e0,data,"DAT_1009b8de",word
1009b8e0,1009b8e2,data,"DAT_1009b8e0",word
1009b8e2,1009b8e4,data,"DAT_1009b8e2",word
1009b8e4,1009b8e6,data,"DAT_1009b8e4",word
1009b8e6,1009b8e8,data,"DAT_1009b8e6",word
1009b8e8,1009b8ea,data,"DAT_1009b8e8",word
1009b8ea,1009b8ec,data,"DAT_1009b8ea",word
1009b8ec,1009b8ee,data,"DAT_1009b8ec",word
1009b8ee,1009b8f0,data,"DAT_1009b8ee",word
1009b8f0,1009b8f2,data,"DAT_1009b8f0",word
1009b8f2,1009b8f4,data,"DAT_1009b8f2",word
1009b8f4,1009b8f6,data,"DAT_1009b8f4",word
1009b8f6,1009b8f8,data,"DAT_1009b8f6",word
1009b8f8,1009b8fa,data,"DAT_1009b8f8",word
1009b8fa,1009b8fc,data,"DAT_1009b8fa",word
1009b8fc,1009b8fe,data,"DAT_1009b8fc",word
1009b8fe,1009b900,data,"DAT_1009b8fe",word
1009b900,1009b902,data,"DAT_1009b900",word
1009b902,1009b904,data,"DAT_1009b902",word
1009b904,1009b906,data,"DAT_1009b904",word
1009b906,1009b908,data,"DAT_1009b906",word
1009b908,1009b90a,data,"DAT_1009b908",word
1009b90a,1009b90c,data,"DAT_1009b90a",word
1009b90c,1009b90e,data,"DAT_1009b90c",word
1009b90e,1009b910,data,"DAT_1009b90e",word
1009b910,1009b912,data,"DAT_1009b910",word
1009b912,1009b914,data,"DAT_1009b912",word
1009b914,1009b916,data,"DAT_1009b914",word
1009b916,1009b918,data,"DAT_1009b916",word
1009b918,1009b91a,data,"DAT_1009b918",word
1009b91a,1009b91c,data,"DAT_1009b91a",word
1009b91c,1009b91e,data,"DAT_1009b91c",word
1009b91e,1009b920,data,"DAT_1009b91e",word
1009b920,1009b922,data,"DAT_1009b920",word
1009b922,1009b924,data,"DAT_1009b922",word
1009b924,1009b926,data,"DAT_1009b924",word
1009b926,1009b928,data,"DAT_1009b926",word
1009b928,1009b92a,data,"DAT_1009b928",word
1009b92a,1009b92c,data,"DAT_1009b92a",word
1009b92c,1009b92e,data,"DAT_1009b92c",word
1009b92e,1009b930,data,"DAT_1009b92e",word
1009b930,1009b932,data,"DAT_1009b930",word
1009b932,1009b934,data,"DAT_1009b932",word
1009b934,1009b936,data,"DAT_1009b934",word
1009b936,1009b938,data,"DAT_1009b936",word
1009b938,1009b93a,data,"DAT_1009b938",word
1009b93a,1009b93c,data,"DAT_1009b93a",word
1009b93c,1009b93e,data,"DAT_1009b93c",word
1009b93e,1009b940,data,"DAT_1009b93e",word
1009b940,1009b942,data,"DAT_1009b940",word
1009b942,1009b944,data,"DAT_1009b942",word
1009b944,1009b946,data,"DAT_1009b944",word
1009b946,1009b948,data,"DAT_1009b946",word
1009b948,1009b94a,data,"DAT_1009b948",word
1009b94a,1009b94c,data,"DAT_1009b94a",word
1009b94c,1009b94e,data,"DAT_1009b94c",word
1009b94e,1009b950,data,"DAT_1009b94e",word
1009b950,1009b952,data,"DAT_1009b950",word
1009b952,1009b954,data,"DAT_1009b952",word
1009b954,1009b956,data,"DAT_1009b954",word
1009b956,1009b958,data,"DAT_1009b956",word
1009b958,1009b95a,data,"DAT_1009b958",word
1009b95a,1009b95c,data,"DAT_1009b95a",word
1009b95c,1009b95e,data,"DAT_1009b95c",word
1009b95e,1009b960,data,"DAT_1009b95e",word
1009b960,1009b962,data,"DAT_1009b960",word
1009b962,1009b964,data,"DAT_1009b962",word
1009b964,1009b966,data,"DAT_1009b964",word
1009b966,1009b968,data,"DAT_1009b966",word
1009b968,1009b96a,data,"DAT_1009b968",word
1009b96a,1009b96c,data,"DAT_1009b96a",word
1009b96c,1009b96e,data,"DAT_1009b96c",word
1009b96e,1009b970,data,"DAT_1009b96e",word
1009b970,1009b972,data,"DAT_1009b970",word
1009b972,1009b974,data,"DAT_1009b972",word
1009b974,1009b976,data,"DAT_1009b974",word
1009b976,1009b978,data,"DAT_1009b976",word
1009b978,1009b97a,data,"DAT_1009b978",word
1009b97a,1009b97c,data,"DAT_1009b97a",word
1009b97c,1009b97e,data,"DAT_1009b97c",word
1009b97e,1009b980,data,"DAT_1009b97e",word
1009b980,1009b984,data,"DAT_1009b980",dword
1009b984,1009b988,data,"DAT_1009b984",dword
1009b988,1009b98a,data,"DAT_1009b988",word
1009b98a,1009b98c,data,"DAT_1009b98a",word
1009b98c,1009b98e,data,"DAT_1009b98c",word
1009b98e,1009b990,data,"DAT_1009b98e",word
1009b990,1009b992,data,"DAT_1009b990",word
1009b992,1009b994,data,"DAT_1009b992",word
1009b994,1009b996,data,"DAT_1009b994",word
1009b996,1009b998,data,"DAT_1009b996",word
1009b998,1009b99a,data,"DAT_1009b998",word
1009b99a,1009b99c,data,"DAT_1009b99a",word
1009b99c,1009b99e,data,"DAT_1009b99c",word
1009b99e,1009b9a0,data,"DAT_1009b99e",word
1009b9a0,1009b9a2,data,"DAT_1009b9a0",word
1009b9a2,1009b9a4,data,"DAT_1009b9a2",word
1009b9a4,1009b9a6,data,"DAT_1009b9a4",word
1009b9a6,1009b9a8,data,"DAT_1009b9a6",word
1009b9a8,1009b9aa,data,"DAT_1009b9a8",word
1009b9aa,1009b9ac,data,"DAT_1009b9aa",word
1009b9ac,1009b9ae,data,"DAT_1009b9ac",word
1009b9ae,1009b9b0,data,"DAT_1009b9ae",word
1009b9b0,1009b9b2,data,"DAT_1009b9b0",word
1009b9b2,1009b9b4,data,"DAT_1009b9b2",word
1009b9b4,1009b9b6,data,"DAT_1009b9b4",word
1009b9b6,1009b9b8,data,"DAT_1009b9b6",word
1009b9b8,1009b9ba,data,"DAT_1009b9b8",word
1009b9ba,1009b9bc,data,"DAT_1009b9ba",word
1009b9bc,1009b9be,data,"DAT_1009b9bc",word
1009b9be,1009b9c0,data,"DAT_1009b9be",word
1009b9c0,1009b9c2,data,"DAT_1009b9c0",word
1009b9c2,1009b9c4,data,"DAT_1009b9c2",word
1009b9c4,1009b9c6,data,"DAT_1009b9c4",word
1009b9c6,1009b9c8,data,"DAT_1009b9c6",word
1009b9c8,1009b9ca,data,"DAT_1009b9c8",word
1009b9ca,1009b9cc,data,"DAT_1009b9ca",word
1009b9cc,1009b9ce,data,"DAT_1009b9cc",word
1009b9ce,1009b9d0,data,"DAT_1009b9ce",word
1009b9d0,1009b9d2,data,"DAT_1009b9d0",word
1009b9d2,1009b9d4,data,"DAT_1009b9d2",word
1009b9d4,1009b9d6,data,"DAT_1009b9d4",word
1009b9d6,1009b9d8,data,"DAT_1009b9d6",word
1009b9d8,1009b9da,data,"DAT_1009b9d8",word
1009b9da,1009b9dc,data,"DAT_1009b9da",word
1009b9dc,1009b9de,data,"DAT_1009b9dc",word
1009b9de,1009b9e0,data,"DAT_1009b9de",word
1009b9e0,1009b9e2,data,"DAT_1009b9e0",word
1009b9e2,1009b9e4,data,"DAT_1009b9e2",word
1009b9e4,1009b9e6,data,"DAT_1009b9e4",word
1009b9e6,1009b9e8,data,"DAT_1009b9e6",word
1009b9e8,1009b9ea,data,"DAT_1009b9e8",word
1009b9ea,1009b9ec,data,"DAT_1009b9ea",word
1009b9ec,1009b9ee,data,"DAT_1009b9ec",word
1009b9ee,1009b9f0,data,"DAT_1009b9ee",word
1009b9f0,1009b9f2,data,"DAT_1009b9f0",word
1009b9f2,1009b9f4,data,"DAT_1009b9f2",word
1009b9f4,1009b9f6,data,"DAT_1009b9f4",word
1009b9f6,1009b9f8,data,"DAT_1009b9f6",word
1009b9f8,1009b9fa,data,"DAT_1009b9f8",word
1009b9fa,1009b9fc,data,"DAT_1009b9fa",word
1009b9fc,1009b9fe,data,"DAT_1009b9fc",word
1009b9fe,1009ba00,data,"DAT_1009b9fe",word
1009ba00,1009ba02,data,"DAT_1009ba00",word
1009ba02,1009ba04,data,"DAT_1009ba02",word
1009ba04,1009ba06,data,"DAT_1009ba04",word
1009ba06,1009ba08,data,"DAT_1009ba06",word
1009ba08,1009ba0a,data,"DAT_1009ba08",word
1009ba0a,1009ba0c,data,"DAT_1009ba0a",word
1009ba0c,1009ba0e,data,"DAT_1009ba0c",word
1009ba0e,1009ba10,data,"DAT_1009ba0e",word
1009ba10,1009ba12,data,"DAT_1009ba10",word
1009ba12,1009ba14,data,"DAT_1009ba12",word
1009ba14,1009ba16,data,"DAT_1009ba14",word
1009ba16,1009ba18,data,"DAT_1009ba16",word
1009ba18,1009ba1a,data,"DAT_1009ba18",word
1009ba1a,1009ba1c,data,"DAT_1009ba1a",word
1009ba1c,1009ba1e,data,"DAT_1009ba1c",word
1009ba1e,1009ba20,data,"DAT_1009ba1e",word
1009ba20,1009ba22,data,"DAT_1009ba20",word
1009ba22,1009ba24,data,"DAT_1009ba22",word
1009ba24,1009ba26,data,"DAT_1009ba24",word
1009ba26,1009ba28,data,"DAT_1009ba26",word
1009ba28,1009ba2a,data,"DAT_1009ba28",word
1009ba2a,1009ba2c,data,"DAT_1009ba2a",word
1009ba2c,1009ba2e,data,"DAT_1009ba2c",word
1009ba2e,1009ba30,data,"DAT_1009ba2e",word
1009ba30,1009ba32,data,"DAT_1009ba30",word
1009ba32,1009ba34,data,"DAT_1009ba32",word
1009ba34,1009ba36,data,"DAT_1009ba34",word
1009ba36,1009ba38,data,"DAT_1009ba36",word
1009ba38,1009ba3a,data,"DAT_1009ba38",word
1009ba3a,1009ba3c,data,"DAT_1009ba3a",word
1009ba3c,1009ba3e,data,"DAT_1009ba3c",word
1009ba3e,1009ba40,data,"DAT_1009ba3e",word
1009ba40,1009ba42,data,"DAT_1009ba40",word
1009ba42,1009ba44,data,"DAT_1009ba42",word
1009ba44,1009ba46,data,"DAT_1009ba44",word
1009ba46,1009ba48,data,"DAT_1009ba46",word
1009ba48,1009ba4a,data,"DAT_1009ba48",word
1009ba4a,1009ba4c,data,"DAT_1009ba4a",word
1009ba4c,1009ba4e,data,"DAT_1009ba4c",word
1009ba4e,1009ba50,data,"DAT_1009ba4e",word
1009ba50,1009ba52,data,"DAT_1009ba50",word
1009ba52,1009ba54,data,"DAT_1009ba52",word
1009ba54,1009ba56,data,"DAT_1009ba54",word
1009ba56,1009ba58,data,"DAT_1009ba56",word
1009ba58,1009ba5a,data,"DAT_1009ba58",word
1009ba5a,1009ba5c,data,"DAT_1009ba5a",word
1009ba5c,1009ba5e,data,"DAT_1009ba5c",word
1009ba5e,1009ba60,data,"DAT_1009ba5e",word
1009ba60,1009ba62,data,"DAT_1009ba60",word
1009ba62,1009ba64,data,"DAT_1009ba62",word
1009ba64,1009ba66,data,"DAT_1009ba64",word
1009ba66,1009ba68,data,"DAT_1009ba66",word
1009ba68,1009ba6a,data,"DAT_1009ba68",word
1009ba6a,1009ba6c,data,"DAT_1009ba6a",word
1009ba6c,1009ba6e,data,"DAT_1009ba6c",word
1009ba6e,1009ba70,data,"DAT_1009ba6e",word
1009ba70,1009ba72,data,"DAT_1009ba70",word
1009ba72,1009ba74,data,"DAT_1009ba72",word
1009ba74,1009ba76,data,"DAT_1009ba74",word
1009ba76,1009ba78,data,"DAT_1009ba76",word
1009ba78,1009ba7a,data,"DAT_1009ba78",word
1009ba7a,1009ba7c,data,"DAT_1009ba7a",word
1009ba7c,1009ba7e,data,"DAT_1009ba7c",word
1009ba7e,1009ba80,data,"DAT_1009ba7e",word
1009ba80,1009ba82,data,"DAT_1009ba80",word
1009ba82,1009ba84,data,"DAT_1009ba82",word
1009ba84,1009ba86,data,"DAT_1009ba84",word
1009ba86,1009ba88,data,"DAT_1009ba86",word
1009ba88,1009ba8a,data,"DAT_1009ba88",word
1009ba8a,1009ba8c,data,"DAT_1009ba8a",word
1009ba8c,1009ba8e,data,"DAT_1009ba8c",word
1009ba8e,1009ba90,data,"DAT_1009ba8e",word
1009ba90,1009ba92,data,"DAT_1009ba90",word
1009ba92,1009ba94,data,"DAT_1009ba92",word
1009ba94,1009ba96,data,"DAT_1009ba94",word
1009ba96,1009ba98,data,"DAT_1009ba96",word
1009ba98,1009ba9a,data,"DAT_1009ba98",word
1009ba9a,1009ba9c,data,"DAT_1009ba9a",word
1009ba9c,1009ba9e,data,"DAT_1009ba9c",word
1009ba9e,1009baa0,data,"DAT_1009ba9e",word
1009baa0,1009baa2,data,"DAT_1009baa0",word
1009baa2,1009baa4,data,"DAT_1009baa2",word
1009baa4,1009baa6,data,"DAT_1009baa4",word
1009baa6,1009baa8,data,"DAT_1009baa6",word
1009baa8,1009baaa,data,"DAT_1009baa8",word
1009baaa,1009baac,data,"DAT_1009baaa",word
1009baac,1009baae,data,"DAT_1009baac",word
1009baae,1009bab0,data,"DAT_1009baae",word
1009bab0,1009bab2,data,"DAT_1009bab0",word
1009bab2,1009bab4,data,"DAT_1009bab2",word
1009bab4,1009bab8,data,"DAT_1009bab4",dword
1009bab8,1009babc,data,"DAT_1009bab8",dword
1009babc,1009babe,data,"DAT_1009babc",word
1009babe,1009bac0,data,"DAT_1009babe",word
1009bac0,1009bac2,data,"DAT_1009bac0",word
1009bac2,1009bac4,data,"DAT_1009bac2",word
1009bac4,1009bac6,data,"DAT_1009bac4",word
1009bac6,1009bac8,data,"DAT_1009bac6",word
1009bac8,1009baca,data,"DAT_1009bac8",word
1009baca,1009bacc,data,"DAT_1009baca",word
1009bacc,1009bace,data,"DAT_1009bacc",word
1009bace,1009bad0,data,"DAT_1009bace",word
1009bad0,1009bad2,data,"DAT_1009bad0",word
1009bad2,1009bad4,data,"DAT_1009bad2",word
1009bad4,1009bad6,data,"DAT_1009bad4",word
1009bad6,1009bad8,data,"DAT_1009bad6",word
1009bad8,1009bada,data,"DAT_1009bad8",word
1009bada,1009badc,data,"DAT_1009bada",word
1009badc,1009bade,data,"DAT_1009badc",word
1009bade,1009bae0,data,"DAT_1009bade",word
1009bae0,1009bae2,data,"DAT_1009bae0",word
1009bae2,1009bae4,data,"DAT_1009bae2",word
1009bae4,1009bae6,data,"DAT_1009bae4",word
1009bae6,1009bae8,data,"DAT_1009bae6",word
1009bae8,1009baea,data,"DAT_1009bae8",word
1009baea,1009baec,data,"DAT_1009baea",word
1009baec,1009baee,data,"DAT_1009baec",word
1009baee,1009baf0,data,"DAT_1009baee",word
1009baf0,1009baf2,data,"DAT_1009baf0",word
1009baf2,1009baf4,data,"DAT_1009baf2",word
1009baf4,1009baf6,data,"DAT_1009baf4",word
1009baf6,1009baf8,data,"DAT_1009baf6",word
1009baf8,1009bafa,data,"DAT_1009baf8",word
1009bafa,1009bafc,data,"DAT_1009bafa",word
1009bafc,1009bafe,data,"DAT_1009bafc",word
1009bafe,1009bb00,data,"DAT_1009bafe",word
1009bb00,1009bb02,data,"DAT_1009bb00",word
1009bb02,1009bb04,data,"DAT_1009bb02",word
1009bb04,1009bb06,data,"DAT_1009bb04",word
1009bb06,1009bb08,data,"DAT_1009bb06",word
1009bb08,1009bb0a,data,"DAT_1009bb08",word
1009bb0a,1009bb0c,data,"DAT_1009bb0a",word
1009bb0c,1009bb0e,data,"DAT_1009bb0c",word
1009bb0e,1009bb10,data,"DAT_1009bb0e",word
1009bb10,1009bb12,data,"DAT_1009bb10",word
1009bb12,1009bb14,data,"DAT_1009bb12",word
1009bb14,1009bb18,data,"DAT_1009bb14",dword
1009bb18,1009bb1c,data,"DAT_1009bb18",dword
1009bb1c,1009bb1e,data,"DAT_1009bb1c",word
1009bb1e,1009bb20,data,"DAT_1009bb1e",word
1009bb20,1009bb22,data,"DAT_1009bb20",word
1009bb22,1009bb24,data,"DAT_1009bb22",word
1009bb24,1009bb26,data,"DAT_1009bb24",word
1009bb26,1009bb28,data,"DAT_1009bb26",word
1009bb28,1009bb2a,data,"DAT_1009bb28",word
1009bb2a,1009bb2c,data,"DAT_1009bb2a",word
1009bb2c,1009bb2e,data,"DAT_1009bb2c",word
1009bb2e,1009bb30,data,"DAT_1009bb2e",word
1009bb30,1009bb32,data,"DAT_1009bb30",word
1009bb32,1009bb34,data,"DAT_1009bb32",word
1009bb34,1009bb36,data,"DAT_1009bb34",word
1009bb36,1009bb38,data,"DAT_1009bb36",word
1009bb38,1009bb3a,data,"DAT_1009bb38",word
1009bb3a,1009bb3c,data,"DAT_1009bb3a",word
1009bb3c,1009bb3e,data,"DAT_1009bb3c",word
1009bb3e,1009bb40,data,"DAT_1009bb3e",word
1009bb40,1009bb42,data,"DAT_1009bb40",word
1009bb42,1009bb44,data,"DAT_1009bb42",word
1009bb44,1009bb46,data,"DAT_1009bb44",word
1009bb46,1009bb48,data,"DAT_1009bb46",word
1009bb48,1009bb4a,data,"DAT_1009bb48",word
1009bb4a,1009bb4c,data,"DAT_1009bb4a",word
1009bb4c,1009bb4e,data,"DAT_1009bb4c",word
1009bb4e,1009bb50,data,"DAT_1009bb4e",word
1009bb50,1009bb52,data,"DAT_1009bb50",word
1009bb52,1009bb54,data,"DAT_1009bb52",word
1009bb54,1009bb56,data,"DAT_1009bb54",word
1009bb56,1009bb58,data,"DAT_1009bb56",word
1009bb58,1009bb5a,data,"DAT_1009bb58",word
1009bb5a,1009bb5c,data,"DAT_1009bb5a",word
1009bb5c,1009bb5e,data,"DAT_1009bb5c",word
1009bb5e,1009bb60,data,"DAT_1009bb5e",word
1009bb60,1009bb62,data,"DAT_1009bb60",word
1009bb62,1009bb64,data,"DAT_1009bb62",word
1009bb64,1009bb66,data,"DAT_1009bb64",word
1009bb66,1009bb68,data,"DAT_1009bb66",word
1009bb68,1009bb6a,data,"DAT_1009bb68",word
1009bb6a,1009bb6c,data,"DAT_1009bb6a",word
1009bb6c,1009bb6e,data,"DAT_1009bb6c",word
1009bb6e,1009bb70,data,"DAT_1009bb6e",word
1009bb70,1009bb72,data,"DAT_1009bb70",word
1009bb72,1009bb74,data,"DAT_1009bb72",word
1009bb74,1009bb76,data,"DAT_1009bb74",word
1009bb76,1009bb78,data,"DAT_1009bb76",word
1009bb78,1009bb7a,data,"DAT_1009bb78",word
1009bb7a,1009bb7c,data,"DAT_1009bb7a",word
1009bb7c,1009bb7e,data,"DAT_1009bb7c",word
1009bb7e,1009bb80,data,"DAT_1009bb7e",word
1009bb80,1009bb82,data,"DAT_1009bb80",word
1009bb82,1009bb84,data,"DAT_1009bb82",word
1009bb84,1009bb86,data,"DAT_1009bb84",word
1009bb86,1009bb88,data,"DAT_1009bb86",word
1009bb88,1009bb8a,data,"DAT_1009bb88",word
1009bb8a,1009bb8c,data,"DAT_1009bb8a",word
1009bb8c,1009bb8e,data,"DAT_1009bb8c",word
1009bb8e,1009bb90,data,"DAT_1009bb8e",word
1009bb90,1009bb92,data,"DAT_1009bb90",word
1009bb92,1009bb94,data,"DAT_1009bb92",word
1009bb94,1009bb96,data,"DAT_1009bb94",word
1009bb96,1009bb98,data,"DAT_1009bb96",word
1009bb98,1009bb9a,data,"DAT_1009bb98",word
1009bb9a,1009bb9c,data,"DAT_1009bb9a",word
1009bb9c,1009bb9e,data,"DAT_1009bb9c",word
1009bb9e,1009bba0,data,"DAT_1009bb9e",word
1009bba0,1009bba2,data,"DAT_1009bba0",word
1009bba2,1009bba4,data,"DAT_1009bba2",word
1009bba4,1009bba6,data,"DAT_1009bba4",word
1009bba6,1009bba8,data,"DAT_1009bba6",word
1009bba8,1009bbaa,data,"DAT_1009bba8",word
1009bbaa,1009bbac,data,"DAT_1009bbaa",word
1009bbac,1009bbae,data,"DAT_1009bbac",word
1009bbae,1009bbb0,data,"DAT_1009bbae",word
1009bbb0,1009bbb2,data,"DAT_1009bbb0",word
1009bbb2,1009bbb4,data,"DAT_1009bbb2",word
1009bbb4,1009bbb6,data,"DAT_1009bbb4",word
1009bbb6,1009bbb8,data,"DAT_1009bbb6",word
1009bbb8,1009bbba,data,"DAT_1009bbb8",word
1009bbba,1009bbbc,data,"DAT_1009bbba",word
1009bbbc,1009bbbe,data,"DAT_1009bbbc",word
1009bbbe,1009bbc0,data,"DAT_1009bbbe",word
1009bbc0,1009bbc2,data,"DAT_1009bbc0",word
1009bbc2,1009bbc4,data,"DAT_1009bbc2",word
1009bbc4,1009bbc6,data,"DAT_1009bbc4",word
1009bbc6,1009bbc8,data,"DAT_1009bbc6",word
1009bbc8,1009bbca,data,"DAT_1009bbc8",word
1009bbca,1009bbcc,data,"DAT_1009bbca",word
1009bbcc,1009bbce,data,"DAT_1009bbcc",word
1009bbce,1009bbd0,data,"DAT_1009bbce",word
1009bbd0,1009bbd2,data,"DAT_1009bbd0",word
1009bbd2,1009bbd4,data,"DAT_1009bbd2",word
1009bbd4,1009bbd6,data,"DAT_1009bbd4",word
1009bbd6,1009bbd8,data,"DAT_1009bbd6",word
1009bbd8,1009bbda,data,"DAT_1009bbd8",word
1009bbda,1009bbdc,data,"DAT_1009bbda",word
1009bbdc,1009bbde,data,"DAT_1009bbdc",word
1009bbde,1009bbe0,data,"DAT_1009bbde",word
1009bbe0,1009bbe2,data,"DAT_1009bbe0",word
1009bbe2,1009bbe4,data,"DAT_1009bbe2",word
1009bbe4,1009bbe6,data,"DAT_1009bbe4",word
1009bbe6,1009bbe8,data,"DAT_1009bbe6",word
1009bbe8,1009bbea,data,"DAT_1009bbe8",word
1009bbea,1009bbec,data,"DAT_1009bbea",word
1009bbec,1009bbee,data,"DAT_1009bbec",word
1009bbee,1009bbf0,data,"DAT_1009bbee",word
1009bbf0,1009bbf2,data,"DAT_1009bbf0",word
1009bbf2,1009bbf4,data,"DAT_1009bbf2",word
1009bbf4,1009bbf6,data,"DAT_1009bbf4",word
1009bbf6,1009bbf8,data,"DAT_1009bbf6",word
1009bbf8,1009bbfc,data,"DAT_1009bbf8",dword
1009bbfc,1009bc00,data,"DAT_1009bbfc",dword
1009bc00,1009bc02,data,"DAT_1009bc00",word
1009bc02,1009bc04,data,"DAT_1009bc02",word
1009bc04,1009bc06,data,"DAT_1009bc04",word
1009bc06,1009bc08,data,"DAT_1009bc06",word
1009bc08,1009bc0a,data,"DAT_1009bc08",word
1009bc0a,1009bc0c,data,"DAT_1009bc0a",word
1009bc0c,1009bc0e,data,"DAT_1009bc0c",word
1009bc0e,1009bc10,data,"DAT_1009bc0e",word
1009bc10,1009bc12,data,"DAT_1009bc10",word
1009bc12,1009bc14,data,"DAT_1009bc12",word
1009bc14,1009bc16,data,"DAT_1009bc14",word
1009bc16,1009bc18,data,"DAT_1009bc16",word
1009bc18,1009bc1a,data,"DAT_1009bc18",word
1009bc1a,1009bc1c,data,"DAT_1009bc1a",word
1009bc1c,1009bc1e,data,"DAT_1009bc1c",word
1009bc1e,1009bc20,data,"DAT_1009bc1e",word
1009bc20,1009bc22,data,"DAT_1009bc20",word
1009bc22,1009bc24,data,"DAT_1009bc22",word
1009bc24,1009bc26,data,"DAT_1009bc24",word
1009bc26,1009bc28,data,"DAT_1009bc26",word
1009bc28,1009bc2a,data,"DAT_1009bc28",word
1009bc2a,1009bc2c,data,"DAT_1009bc2a",word
1009bc2c,1009bc2e,data,"DAT_1009bc2c",word
1009bc2e,1009bc30,data,"DAT_1009bc2e",word
1009bc30,1009bc32,data,"DAT_1009bc30",word
1009bc32,1009bc34,data,"DAT_1009bc32",word
1009bc34,1009bc36,data,"DAT_1009bc34",word
1009bc36,1009bc38,data,"DAT_1009bc36",word
1009bc38,1009bc3a,data,"DAT_1009bc38",word
1009bc3a,1009bc3c,data,"DAT_1009bc3a",word
1009bc3c,1009bc3e,data,"DAT_1009bc3c",word
1009bc3e,1009bc40,data,"DAT_1009bc3e",word
1009bc40,1009bc42,data,"DAT_1009bc40",word
1009bc42,1009bc44,data,"DAT_1009bc42",word
1009bc44,1009bc46,data,"DAT_1009bc44",word
1009bc46,1009bc48,data,"DAT_1009bc46",word
1009bc48,1009bc4a,data,"DAT_1009bc48",word
1009bc4a,1009bc4c,data,"DAT_1009bc4a",word
1009bc4c,1009bc4e,data,"DAT_1009bc4c",word
1009bc4e,1009bc50,data,"DAT_1009bc4e",word
1009bc50,1009bc52,data,"DAT_1009bc50",word
1009bc52,1009bc54,data,"DAT_1009bc52",word
1009bc54,1009bc56,data,"DAT_1009bc54",word
1009bc56,1009bc58,data,"DAT_1009bc56",word
1009bc58,1009bc5a,data,"DAT_1009bc58",word
1009bc5a,1009bc5c,data,"DAT_1009bc5a",word
1009bc5c,1009bc5e,data,"DAT_1009bc5c",word
1009bc5e,1009bc60,data,"DAT_1009bc5e",word
1009bc60,1009bc62,data,"DAT_1009bc60",word
1009bc62,1009bc64,data,"DAT_1009bc62",word
1009bc64,1009bc66,data,"DAT_1009bc64",word
1009bc66,1009bc68,data,"DAT_1009bc66",word
1009bc68,1009bc6a,data,"DAT_1009bc68",word
1009bc6a,1009bc6c,data,"DAT_1009bc6a",word
1009bc6c,1009bc6e,data,"DAT_1009bc6c",word
1009bc6e,1009bc70,data,"DAT_1009bc6e",word
1009bc70,1009bc72,data,"DAT_1009bc70",word
1009bc72,1009bc74,data,"DAT_1009bc72",word
1009bc74,1009bc76,data,"DAT_1009bc74",word
1009bc76,1009bc78,data,"DAT_1009bc76",word
1009bc78,1009bc7c,data,"DAT_1009bc78",dword
1009bc7c,1009bc80,data,"DAT_1009bc7c",dword
1009bc80,1009bc82,data,"DAT_1009bc80",word
1009bc82,1009bc84,data,"DAT_1009bc82",word
1009bc84,1009bc86,data,"DAT_1009bc84",word
1009bc86,1009bc88,data,"DAT_1009bc86",word
1009bc88,1009bc8a,data,"DAT_1009bc88",word
1009bc8a,1009bc8c,data,"DAT_1009bc8a",word
1009bc8c,1009bc8e,data,"DAT_1009bc8c",word
1009bc8e,1009bc90,data,"DAT_1009bc8e",word
1009bc90,1009bc92,data,"DAT_1009bc90",word
1009bc92,1009bc94,data,"DAT_1009bc92",word
1009bc94,1009bc96,data,"DAT_1009bc94",word
1009bc96,1009bc98,data,"DAT_1009bc96",word
1009bc98,1009bc9a,data,"DAT_1009bc98",word
1009bc9a,1009bc9c,data,"DAT_1009bc9a",word
1009bc9c,1009bc9e,data,"DAT_1009bc9c",word
1009bc9e,1009bca0,data,"DAT_1009bc9e",word
1009bca0,1009bca2,data,"DAT_1009bca0",word
1009bca2,1009bca4,data,"DAT_1009bca2",word
1009bca4,1009bca6,data,"DAT_1009bca4",word
1009bca6,1009bca8,data,"DAT_1009bca6",word
1009bca8,1009bcaa,data,"DAT_1009bca8",word
1009bcaa,1009bcac,data,"DAT_1009bcaa",word
1009bcac,1009bcae,data,"DAT_1009bcac",word
1009bcae,1009bcb0,data,"DAT_1009bcae",word
1009bcb0,1009bcb2,data,"DAT_1009bcb0",word
1009bcb2,1009bcb4,data,"DAT_1009bcb2",word
1009bcb4,1009bcb6,data,"DAT_1009bcb4",word
1009bcb6,1009bcb8,data,"DAT_1009bcb6",word
1009bcb8,1009bcba,data,"DAT_1009bcb8",word
1009bcba,1009bcbc,data,"DAT_1009bcba",word
1009bcbc,1009bcbe,data,"DAT_1009bcbc",word
1009bcbe,1009bcc0,data,"DAT_1009bcbe",word
1009bcc0,1009bcc2,data,"DAT_1009bcc0",word
1009bcc2,1009bcc4,data,"DAT_1009bcc2",word
1009bcc4,1009bcc6,data,"DAT_1009bcc4",word
1009bcc6,1009bcc8,data,"DAT_1009bcc6",word
1009bcc8,1009bcca,data,"DAT_1009bcc8",word
1009bcca,1009bccc,data,"DAT_1009bcca",word
1009bccc,1009bcce,data,"DAT_1009bccc",word
1009bcce,1009bcd0,data,"DAT_1009bcce",word
1009bcd0,1009bcd2,data,"DAT_1009bcd0",word
1009bcd2,1009bcd4,data,"DAT_1009bcd2",word
1009bcd4,1009bcd6,data,"DAT_1009bcd4",word
1009bcd6,1009bcd8,data,"DAT_1009bcd6",word
1009bcd8,1009bcda,data,"DAT_1009bcd8",word
1009bcda,1009bcdc,data,"DAT_1009bcda",word
1009bcdc,1009bcde,data,"DAT_1009bcdc",word
1009bcde,1009bce0,data,"DAT_1009bcde",word
1009bce0,1009bce2,data,"DAT_1009bce0",word
1009bce2,1009bce4,data,"DAT_1009bce2",word
1009bce4,1009bce6,data,"DAT_1009bce4",word
1009bce6,1009bce8,data,"DAT_1009bce6",word
1009bce8,1009bcea,data,"DAT_1009bce8",word
1009bcea,1009bcec,data,"DAT_1009bcea",word
1009bcec,1009bcee,data,"DAT_1009bcec",word
1009bcee,1009bcf0,data,"DAT_1009bcee",word
1009bcf0,1009bcf2,data,"DAT_1009bcf0",word
1009bcf2,1009bcf4,data,"DAT_1009bcf2",word
1009bcf4,1009bcf6,data,"DAT_1009bcf4",word
1009bcf6,1009bcf8,data,"DAT_1009bcf6",word
1009bcf8,1009bcfa,data,"DAT_1009bcf8",word
1009bcfa,1009bcfc,data,"DAT_1009bcfa",word
1009bcfc,1009bcfe,data,"DAT_1009bcfc",word
1009bcfe,1009bd00,data,"DAT_1009bcfe",word
1009bd00,1009bd02,data,"DAT_1009bd00",word
1009bd02,1009bd04,data,"DAT_1009bd02",word
1009bd04,1009bd06,data,"DAT_1009bd04",word
1009bd06,1009bd08,data,"DAT_1009bd06",word
1009bd08,1009bd0a,data,"DAT_1009bd08",word
1009bd0a,1009bd0c,data,"DAT_1009bd0a",word
1009bd0c,1009bd0e,data,"DAT_1009bd0c",word
1009bd0e,1009bd10,data,"DAT_1009bd0e",word
1009bd10,1009bd14,data,"DAT_1009bd10",dword
1009bd14,1009bd18,data,"DAT_1009bd14",dword
1009bd18,1009bd1a,data,"DAT_1009bd18",word
1009bd1a,1009bd1c,data,"DAT_1009bd1a",word
1009bd1c,1009bd1e,data,"DAT_1009bd1c",word
1009bd1e,1009bd20,data,"DAT_1009bd1e",word
1009bd20,1009bd22,data,"DAT_1009bd20",word
1009bd22,1009bd24,data,"DAT_1009bd22",word
1009bd24,1009bd26,data,"DAT_1009bd24",word
1009bd26,1009bd28,data,"DAT_1009bd26",word
1009bd28,1009bd2a,data,"DAT_1009bd28",word
1009bd2a,1009bd2c,data,"DAT_1009bd2a",word
1009bd2c,1009bd2e,data,"DAT_1009bd2c",word
1009bd2e,1009bd30,data,"DAT_1009bd2e",word
1009bd30,1009bd32,data,"DAT_1009bd30",word
1009bd32,1009bd34,data,"DAT_1009bd32",word
1009bd34,1009bd36,data,"DAT_1009bd34",word
1009bd36,1009bd38,data,"DAT_1009bd36",word
1009bd38,1009bd3a,data,"DAT_1009bd38",word
1009bd3a,1009bd3c,data,"DAT_1009bd3a",word
1009bd3c,1009bd3e,data,"DAT_1009bd3c",word
1009bd3e,1009bd40,data,"DAT_1009bd3e",word
1009bd40,1009bd42,data,"DAT_1009bd40",word
1009bd42,1009bd44,data,"DAT_1009bd42",word
1009bd44,1009bd46,data,"DAT_1009bd44",word
1009bd46,1009bd48,data,"DAT_1009bd46",word
1009bd48,1009bd4a,data,"DAT_1009bd48",word
1009bd4a,1009bd4c,data,"DAT_1009bd4a",word
1009bd4c,1009bd4e,data,"DAT_1009bd4c",word
1009bd4e,1009bd50,data,"DAT_1009bd4e",word
1009bd50,1009bd52,data,"DAT_1009bd50",word
1009bd52,1009bd54,data,"DAT_1009bd52",word
1009bd54,1009bd56,data,"DAT_1009bd54",word
1009bd56,1009bd58,data,"DAT_1009bd56",word
1009bd58,1009bd5a,data,"DAT_1009bd58",word
1009bd5a,1009bd5c,data,"DAT_1009bd5a",word
1009bd5c,1009bd5e,data,"DAT_1009bd5c",word
1009bd5e,1009bd60,data,"DAT_1009bd5e",word
1009bd60,1009bd62,data,"DAT_1009bd60",word
1009bd62,1009bd64,data,"DAT_1009bd62",word
1009bd64,1009bd66,data,"DAT_1009bd64",word
1009bd66,1009bd68,data,"DAT_1009bd66",word
1009bd68,1009bd6a,data,"DAT_1009bd68",word
1009bd6a,1009bd6c,data,"DAT_1009bd6a",word
1009bd6c,1009bd6e,data,"DAT_1009bd6c",word
1009bd6e,1009bd70,data,"DAT_1009bd6e",word
1009bd70,1009bd72,data,"DAT_1009bd70",word
1009bd72,1009bd74,data,"DAT_1009bd72",word
1009bd74,1009bd76,data,"DAT_1009bd74",word
1009bd76,1009bd78,data,"DAT_1009bd76",word
1009bd78,1009bd7a,data,"DAT_1009bd78",word
1009bd7a,1009bd7c,data,"DAT_1009bd7a",word
1009bd7c,1009bd7e,data,"DAT_1009bd7c",word
1009bd7e,1009bd80,data,"DAT_1009bd7e",word
1009bd80,1009bd82,data,"DAT_1009bd80",word
1009bd82,1009bd84,data,"DAT_1009bd82",word
1009bd84,1009bd86,data,"DAT_1009bd84",word
1009bd86,1009bd88,data,"DAT_1009bd86",word
1009bd88,1009bd8a,data,"DAT_1009bd88",word
1009bd8a,1009bd8c,data,"DAT_1009bd8a",word
1009bd8c,1009bd8e,data,"DAT_1009bd8c",word
1009bd8e,1009bd90,data,"DAT_1009bd8e",word
1009bd90,1009bd92,data,"DAT_1009bd90",word
1009bd92,1009bd94,data,"DAT_1009bd92",word
1009bd94,1009bd96,data,"DAT_1009bd94",word
1009bd96,1009bd98,data,"DAT_1009bd96",word
1009bd98,1009bd9a,data,"DAT_1009bd98",word
1009bd9a,1009bd9c,data,"DAT_1009bd9a",word
1009bd9c,1009bd9e,data,"DAT_1009bd9c",word
1009bd9e,1009bda0,data,"DAT_1009bd9e",word
1009bda0,1009bda2,data,"DAT_1009bda0",word
1009bda2,1009bda4,data,"DAT_1009bda2",word
1009bda4,1009bda6,data,"DAT_1009bda4",word
1009bda6,1009bda8,data,"DAT_1009bda6",word
1009bda8,1009bdaa,data,"DAT_1009bda8",word
1009bdaa,1009bdac,data,"DAT_1009bdaa",word
1009bdac,1009bdae,data,"DAT_1009bdac",word
1009bdae,1009bdb0,data,"DAT_1009bdae",word
1009bdb0,1009bdb2,data,"DAT_1009bdb0",word
1009bdb2,1009bdb4,data,"DAT_1009bdb2",word
1009bdb4,1009bdb6,data,"DAT_1009bdb4",word
1009bdb6,1009bdb8,data,"DAT_1009bdb6",word
1009bdb8,1009bdba,data,"DAT_1009bdb8",word
1009bdba,1009bdbc,data,"DAT_1009bdba",word
1009bdbc,1009bdbe,data,"DAT_1009bdbc",word
1009bdbe,1009bdc0,data,"DAT_1009bdbe",word
1009bdc0,1009bdc2,data,"DAT_1009bdc0",word
1009bdc2,1009bdc4,data,"DAT_1009bdc2",word
1009bdc4,1009bdc6,data,"DAT_1009bdc4",word
1009bdc6,1009bdc8,data,"DAT_1009bdc6",word
1009bdc8,1009bdca,data,"DAT_1009bdc8",word
1009bdca,1009bdcc,data,"DAT_1009bdca",word
1009bdcc,1009bdce,data,"DAT_1009bdcc",word
1009bdce,1009bdd0,data,"DAT_1009bdce",word
1009bdd0,1009bdd2,data,"DAT_1009bdd0",word
1009bdd2,1009bdd4,data,"DAT_1009bdd2",word
1009bdd4,1009bdd6,data,"DAT_1009bdd4",word
1009bdd6,1009bdd8,data,"DAT_1009bdd6",word
1009bdd8,1009bdda,data,"DAT_1009bdd8",word
1009bdda,1009bddc,data,"DAT_1009bdda",word
1009bddc,1009bdde,data,"DAT_1009bddc",word
1009bdde,1009bde0,data,"DAT_1009bdde",word
1009bde0,1009bde2,data,"DAT_1009bde0",word
1009bde2,1009bde4,data,"DAT_1009bde2",word
1009bde4,1009bde6,data,"DAT_1009bde4",word
1009bde6,1009bde8,data,"DAT_1009bde6",word
1009bde8,1009bdea,data,"DAT_1009bde8",word
1009bdea,1009bdec,data,"DAT_1009bdea",word
1009bdec,1009bdee,data,"DAT_1009bdec",word
1009bdee,1009bdf0,data,"DAT_1009bdee",word
1009bdf0,1009bdf2,data,"DAT_1009bdf0",word
1009bdf2,1009bdf4,data,"DAT_1009bdf2",word
1009bdf4,1009bdf8,data,"DAT_1009bdf4",dword
1009bdf8,1009bdfc,data,"DAT_1009bdf8",dword
1009bdfc,1009bdfe,data,"DAT_1009bdfc",word
1009bdfe,1009be00,data,"DAT_1009bdfe",word
1009be00,1009be02,data,"DAT_1009be00",word
1009be02,1009be04,data,"DAT_1009be02",word
1009be04,1009be06,data,"DAT_1009be04",word
1009be06,1009be08,data,"DAT_1009be06",word
1009be08,1009be0a,data,"DAT_1009be08",word
1009be0a,1009be0c,data,"DAT_1009be0a",word
1009be0c,1009be0e,data,"DAT_1009be0c",word
1009be0e,1009be10,data,"DAT_1009be0e",word
1009be10,1009be12,data,"DAT_1009be10",word
1009be12,1009be14,data,"DAT_1009be12",word
1009be14,1009be16,data,"DAT_1009be14",word
1009be16,1009be18,data,"DAT_1009be16",word
1009be18,1009be1a,data,"DAT_1009be18",word
1009be1a,1009be1c,data,"DAT_1009be1a",word
1009be1c,1009be1e,data,"DAT_1009be1c",word
1009be1e,1009be20,data,"DAT_1009be1e",word
1009be20,1009be22,data,"DAT_1009be20",word
1009be22,1009be24,data,"DAT_1009be22",word
1009be24,1009be26,data,"DAT_1009be24",word
1009be26,1009be28,data,"DAT_1009be26",word
1009be28,1009be2a,data,"DAT_1009be28",word
1009be2a,1009be2c,data,"DAT_1009be2a",word
1009be2c,1009be2e,data,"DAT_1009be2c",word
1009be2e,1009be30,data,"DAT_1009be2e",word
1009be30,1009be32,data,"DAT_1009be30",word
1009be32,1009be34,data,"DAT_1009be32",word
1009be34,1009be36,data,"DAT_1009be34",word
1009be36,1009be38,data,"DAT_1009be36",word
1009be38,1009be3a,data,"DAT_1009be38",word
1009be3a,1009be3c,data,"DAT_1009be3a",word
1009be3c,1009be3e,data,"DAT_1009be3c",word
1009be3e,1009be40,data,"DAT_1009be3e",word
1009be40,1009be42,data,"DAT_1009be40",word
1009be42,1009be44,data,"DAT_1009be42",word
1009be44,1009be46,data,"DAT_1009be44",word
1009be46,1009be48,data,"DAT_1009be46",word
1009be48,1009be4a,data,"DAT_1009be48",word
1009be4a,1009be4c,data,"DAT_1009be4a",word
1009be4c,1009be4e,data,"DAT_1009be4c",word
1009be4e,1009be50,data,"DAT_1009be4e",word
1009be50,1009be52,data,"DAT_1009be50",word
1009be52,1009be54,data,"DAT_1009be52",word
1009be54,1009be56,data,"DAT_1009be54",word
1009be56,1009be58,data,"DAT_1009be56",word
1009be58,1009be5a,data,"DAT_1009be58",word
1009be5a,1009be5c,data,"DAT_1009be5a",word
1009be5c,1009be5e,data,"DAT_1009be5c",word
1009be5e,1009be60,data,"DAT_1009be5e",word
1009be60,1009be62,data,"DAT_1009be60",word
1009be62,1009be64,data,"DAT_1009be62",word
1009be64,1009be66,data,"DAT_1009be64",word
1009be66,1009be68,data,"DAT_1009be66",word
1009be68,1009be6a,data,"DAT_1009be68",word
1009be6a,1009be6c,data,"DAT_1009be6a",word
1009be6c,1009be6e,data,"DAT_1009be6c",word
1009be6e,1009be70,data,"DAT_1009be6e",word
1009be70,1009be72,data,"DAT_1009be70",word
1009be72,1009be74,data,"DAT_1009be72",word
1009be74,1009be76,data,"DAT_1009be74",word
1009be76,1009be78,data,"DAT_1009be76",word
1009be78,1009be7c,data,"DAT_1009be78",dword
1009be7c,1009be80,data,"DAT_1009be7c",dword
1009be80,1009be82,data,"DAT_1009be80",word
1009be82,1009be84,data,"DAT_1009be82",word
1009be84,1009be86,data,"DAT_1009be84",word
1009be86,1009be88,data,"DAT_1009be86",word
1009be88,1009be8a,data,"DAT_1009be88",word
1009be8a,1009be8c,data,"DAT_1009be8a",word
1009be8c,1009be8e,data,"DAT_1009be8c",word
1009be8e,1009be90,data,"DAT_1009be8e",word
1009be90,1009be92,data,"DAT_1009be90",word
1009be92,1009be94,data,"DAT_1009be92",word
1009be94,1009be96,data,"DAT_1009be94",word
1009be96,1009be98,data,"DAT_1009be96",word
1009be98,1009be9a,data,"DAT_1009be98",word
1009be9a,1009be9c,data,"DAT_1009be9a",word
1009be9c,1009be9e,data,"DAT_1009be9c",word
1009be9e,1009bea0,data,"DAT_1009be9e",word
1009bea0,1009bea2,data,"DAT_1009bea0",word
1009bea2,1009bea4,data,"DAT_1009bea2",word
1009bea4,1009bea6,data,"DAT_1009bea4",word
1009bea6,1009bea8,data,"DAT_1009bea6",word
1009bea8,1009beaa,data,"DAT_1009bea8",word
1009beaa,1009beac,data,"DAT_1009beaa",word
1009beac,1009beae,data,"DAT_1009beac",word
1009beae,1009beb0,data,"DAT_1009beae",word
1009beb0,1009beb2,data,"DAT_1009beb0",word
1009beb2,1009beb4,data,"DAT_1009beb2",word
1009beb4,1009beb6,data,"DAT_1009beb4",word
1009beb6,1009beb8,data,"DAT_1009beb6",word
1009beb8,1009beba,data,"DAT_1009beb8",word
1009beba,1009bebc,data,"DAT_1009beba",word
1009bebc,1009bebe,data,"DAT_1009bebc",word
1009bebe,1009bec0,data,"DAT_1009bebe",word
1009bec0,1009bec2,data,"DAT_1009bec0",word
1009bec2,1009bec4,data,"DAT_1009bec2",word
1009bec4,1009bec6,data,"DAT_1009bec4",word
1009bec6,1009bec8,data,"DAT_1009bec6",word
1009bec8,1009beca,data,"DAT_1009bec8",word
1009beca,1009becc,data,"DAT_1009beca",word
1009becc,1009bece,data,"DAT_1009becc",word
1009bece,1009bed0,data,"DAT_1009bece",word
1009bed0,1009bed2,data,"DAT_1009bed0",word
1009bed2,1009bed4,data,"DAT_1009bed2",word
1009bed4,1009bed6,data,"DAT_1009bed4",word
1009bed6,1009bed8,data,"DAT_1009bed6",word
1009bed8,1009beda,data,"DAT_1009bed8",word
1009beda,1009bedc,data,"DAT_1009beda",word
1009bedc,1009bede,data,"DAT_1009bedc",word
1009bede,1009bee0,data,"DAT_1009bede",word
1009bee0,1009bee2,data,"DAT_1009bee0",word
1009bee2,1009bee4,data,"DAT_1009bee2",word
1009bee4,1009bee6,data,"DAT_1009bee4",word
1009bee6,1009bee8,data,"DAT_1009bee6",word
1009bee8,1009beea,data,"DAT_1009bee8",word
1009beea,1009beec,data,"DAT_1009beea",word
1009beec,1009beee,data,"DAT_1009beec",word
1009beee,1009bef0,data,"DAT_1009beee",word
1009bef0,1009bef2,data,"DAT_1009bef0",word
1009bef2,1009bef4,data,"DAT_1009bef2",word
1009bef4,1009bef6,data,"DAT_1009bef4",word
1009bef6,1009bef8,data,"DAT_1009bef6",word
1009bef8,1009befa,data,"DAT_1009bef8",word
1009befa,1009befc,data,"DAT_1009befa",word
1009befc,1009befe,data,"DAT_1009befc",word
1009befe,1009bf00,data,"DAT_1009befe",word
1009bf00,1009bf02,data,"DAT_1009bf00",word
1009bf02,1009bf04,data,"DAT_1009bf02",word
1009bf04,1009bf06,data,"DAT_1009bf04",word
1009bf06,1009bf08,data,"DAT_1009bf06",word
1009bf08,1009bf0a,data,"DAT_1009bf08",word
1009bf0a,1009bf0c,data,"DAT_1009bf0a",word
1009bf0c,1009bf10,data,"DAT_1009bf0c",dword
1009bf10,1009bf14,data,"DAT_1009bf10",dword
1009bf14,1009bf16,data,"DAT_1009bf14",word
1009bf16,1009bf18,data,"DAT_1009bf16",word
1009bf18,1009bf1a,data,"DAT_1009bf18",word
1009bf1a,1009bf1c,data,"DAT_1009bf1a",word
1009bf1c,1009bf1e,data,"DAT_1009bf1c",word
1009bf1e,1009bf20,data,"DAT_1009bf1e",word
1009bf20,1009bf22,data,"DAT_1009bf20",word
1009bf22,1009bf24,data,"DAT_1009bf22",word
1009bf24,1009bf26,data,"DAT_1009bf24",word
1009bf26,1009bf28,data,"DAT_1009bf26",word
1009bf28,1009bf2a,data,"DAT_1009bf28",word
1009bf2a,1009bf2c,data,"DAT_1009bf2a",word
1009bf2c,1009bf2e,data,"DAT_1009bf2c",word
1009bf2e,1009bf30,data,"DAT_1009bf2e",word
1009bf30,1009bf32,data,"DAT_1009bf30",word
1009bf32,1009bf34,data,"DAT_1009bf32",word
1009bf34,1009bf36,data,"DAT_1009bf34",word
1009bf36,1009bf38,data,"DAT_1009bf36",word
1009bf38,1009bf3a,data,"DAT_1009bf38",word
1009bf3a,1009bf3c,data,"DAT_1009bf3a",word
1009bf3c,1009bf3e,data,"DAT_1009bf3c",word
1009bf3e,1009bf40,data,"DAT_1009bf3e",word
1009bf40,1009bf42,data,"DAT_1009bf40",word
1009bf42,1009bf44,data,"DAT_1009bf42",word
1009bf44,1009bf46,data,"DAT_1009bf44",word
1009bf46,1009bf48,data,"DAT_1009bf46",word
1009bf48,1009bf4a,data,"DAT_1009bf48",word
1009bf4a,1009bf4c,data,"DAT_1009bf4a",word
1009bf4c,1009bf4e,data,"DAT_1009bf4c",word
1009bf4e,1009bf50,data,"DAT_1009bf4e",word
1009bf50,1009bf52,data,"DAT_1009bf50",word
1009bf52,1009bf54,data,"DAT_1009bf52",word
1009bf54,1009bf56,data,"DAT_1009bf54",word
1009bf56,1009bf58,data,"DAT_1009bf56",word
1009bf58,1009bf5a,data,"DAT_1009bf58",word
1009bf5a,1009bf5c,data,"DAT_1009bf5a",word
1009bf5c,1009bf5e,data,"DAT_1009bf5c",word
1009bf5e,1009bf60,data,"DAT_1009bf5e",word
1009bf60,1009bf62,data,"DAT_1009bf60",word
1009bf62,1009bf64,data,"DAT_1009bf62",word
1009bf64,1009bf66,data,"DAT_1009bf64",word
1009bf66,1009bf68,data,"DAT_1009bf66",word
1009bf68,1009bf6a,data,"DAT_1009bf68",word
1009bf6a,1009bf6c,data,"DAT_1009bf6a",word
1009bf6c,1009bf6e,data,"DAT_1009bf6c",word
1009bf6e,1009bf70,data,"DAT_1009bf6e",word
1009bf70,1009bf72,data,"DAT_1009bf70",word
1009bf72,1009bf74,data,"DAT_1009bf72",word
1009bf74,1009bf76,data,"DAT_1009bf74",word
1009bf76,1009bf78,data,"DAT_1009bf76",word
1009bf78,1009bf7a,data,"DAT_1009bf78",word
1009bf7a,1009bf7c,data,"DAT_1009bf7a",word
1009bf7c,1009bf7e,data,"DAT_1009bf7c",word
1009bf7e,1009bf80,data,"DAT_1009bf7e",word
1009bf80,1009bf82,data,"DAT_1009bf80",word
1009bf82,1009bf84,data,"DAT_1009bf82",word
1009bf84,1009bf86,data,"DAT_1009bf84",word
1009bf86,1009bf88,data,"DAT_1009bf86",word
1009bf88,1009bf8a,data,"DAT_1009bf88",word
1009bf8a,1009bf8c,data,"DAT_1009bf8a",word
1009bf8c,1009bf8e,data,"DAT_1009bf8c",word
1009bf8e,1009bf90,data,"DAT_1009bf8e",word
1009bf90,1009bf92,data,"DAT_1009bf90",word
1009bf92,1009bf94,data,"DAT_1009bf92",word
1009bf94,1009bf96,data,"DAT_1009bf94",word
1009bf96,1009bf98,data,"DAT_1009bf96",word
1009bf98,1009bf9a,data,"DAT_1009bf98",word
1009bf9a,1009bf9c,data,"DAT_1009bf9a",word
1009bf9c,1009bf9e,data,"DAT_1009bf9c",word
1009bf9e,1009bfa0,data,"DAT_1009bf9e",word
1009bfa0,1009bfa2,data,"DAT_1009bfa0",word
1009bfa2,1009bfa4,data,"DAT_1009bfa2",word
1009bfa4,1009bfa6,data,"DAT_1009bfa4",word
1009bfa6,1009bfa8,data,"DAT_1009bfa6",word
1009bfa8,1009bfaa,data,"DAT_1009bfa8",word
1009bfaa,1009bfac,data,"DAT_1009bfaa",word
1009bfac,1009bfae,data,"DAT_1009bfac",word
1009bfae,1009bfb0,data,"DAT_1009bfae",word
1009bfb0,1009bfb2,data,"DAT_1009bfb0",word
1009bfb2,1009bfb4,data,"DAT_1009bfb2",word
1009bfb4,1009bfb6,data,"DAT_1009bfb4",word
1009bfb6,1009bfb8,data,"DAT_1009bfb6",word
1009bfb8,1009bfba,data,"DAT_1009bfb8",word
1009bfba,1009bfbc,data,"DAT_1009bfba",word
1009bfbc,1009bfbe,data,"DAT_1009bfbc",word
1009bfbe,1009bfc0,data,"DAT_1009bfbe",word
1009bfc0,1009bfc2,data,"DAT_1009bfc0",word
1009bfc2,1009bfc4,data,"DAT_1009bfc2",word
1009bfc4,1009bfc6,data,"DAT_1009bfc4",word
1009bfc6,1009bfc8,data,"DAT_1009bfc6",word
1009bfc8,1009bfca,data,"DAT_1009bfc8",word
1009bfca,1009bfcc,data,"DAT_1009bfca",word
1009bfcc,1009bfce,data,"DAT_1009bfcc",word
1009bfce,1009bfd0,data,"DAT_1009bfce",word
1009bfd0,1009bfd2,data,"DAT_1009bfd0",word
1009bfd2,1009bfd4,data,"DAT_1009bfd2",word
1009bfd4,1009bfd6,data,"DAT_1009bfd4",word
1009bfd6,1009bfd8,data,"DAT_1009bfd6",word
1009bfd8,1009bfdc,data,"DAT_1009bfd8",dword
1009bfdc,1009bfe0,data,"DAT_1009bfdc",dword
1009bfe0,1009bfe2,data,"DAT_1009bfe0",word
1009bfe2,1009bfe4,data,"DAT_1009bfe2",word
1009bfe4,1009bfe6,data,"DAT_1009bfe4",word
1009bfe6,1009bfe8,data,"DAT_1009bfe6",word
1009bfe8,1009bfea,data,"DAT_1009bfe8",word
1009bfea,1009bfec,data,"DAT_1009bfea",word
1009bfec,1009bfee,data,"DAT_1009bfec",word
1009bfee,1009bff0,data,"DAT_1009bfee",word
1009bff0,1009bff2,data,"DAT_1009bff0",word
1009bff2,1009bff4,data,"DAT_1009bff2",word
1009bff4,1009bff6,data,"DAT_1009bff4",word
1009bff6,1009bff8,data,"DAT_1009bff6",word
1009bff8,1009bffa,data,"DAT_1009bff8",word
1009bffa,1009bffc,data,"DAT_1009bffa",word
1009bffc,1009bffe,data,"DAT_1009bffc",word
1009bffe,1009c000,data,"DAT_1009bffe",word
1009c000,1009c002,data,"DAT_1009c000",word
1009c002,1009c004,data,"DAT_1009c002",word
1009c004,1009c006,data,"DAT_1009c004",word
1009c006,1009c008,data,"DAT_1009c006",word
1009c008,1009c00a,data,"DAT_1009c008",word
1009c00a,1009c00c,data,"DAT_1009c00a",word
1009c00c,1009c00e,data,"DAT_1009c00c",word
1009c00e,1009c010,data,"DAT_1009c00e",word
1009c010,1009c012,data,"DAT_1009c010",word
1009c012,1009c014,data,"DAT_1009c012",word
1009c014,1009c016,data,"DAT_1009c014",word
1009c016,1009c018,data,"DAT_1009c016",word
1009c018,1009c01a,data,"DAT_1009c018",word
1009c01a,1009c01c,data,"DAT_1009c01a",word
1009c01c,1009c01e,data,"DAT_1009c01c",word
1009c01e,1009c020,data,"DAT_1009c01e",word
1009c020,1009c022,data,"DAT_1009c020",word
1009c022,1009c024,data,"DAT_1009c022",word
1009c024,1009c026,data,"DAT_1009c024",word
1009c026,1009c028,data,"DAT_1009c026",word
1009c028,1009c02a,data,"DAT_1009c028",word
1009c02a,1009c02c,data,"DAT_1009c02a",word
1009c02c,1009c02e,data,"DAT_1009c02c",word
1009c02e,1009c030,data,"DAT_1009c02e",word
1009c030,1009c032,data,"DAT_1009c030",word
1009c032,1009c034,data,"DAT_1009c032",word
1009c034,1009c036,data,"DAT_1009c034",word
1009c036,1009c038,data,"DAT_1009c036",word
1009c038,1009c03a,data,"DAT_1009c038",word
1009c03a,1009c03c,data,"DAT_1009c03a",word
1009c03c,1009c03e,data,"DAT_1009c03c",word
1009c03e,1009c040,data,"DAT_1009c03e",word
1009c040,1009c042,data,"DAT_1009c040",word
1009c042,1009c044,data,"DAT_1009c042",word
1009c044,1009c046,data,"DAT_1009c044",word
1009c046,1009c048,data,"DAT_1009c046",word
1009c048,1009c04a,data,"DAT_1009c048",word
1009c04a,1009c04c,data,"DAT_1009c04a",word
1009c04c,1009c04e,data,"DAT_1009c04c",word
1009c04e,1009c050,data,"DAT_1009c04e",word
1009c050,1009c052,data,"DAT_1009c050",word
1009c052,1009c054,data,"DAT_1009c052",word
1009c054,1009c056,data,"DAT_1009c054",word
1009c056,1009c058,data,"DAT_1009c056",word
1009c058,1009c05a,data,"DAT_1009c058",word
1009c05a,1009c05c,data,"DAT_1009c05a",word
1009c05c,1009c05e,data,"DAT_1009c05c",word
1009c05e,1009c060,data,"DAT_1009c05e",word
1009c060,1009c062,data,"DAT_1009c060",word
1009c062,1009c064,data,"DAT_1009c062",word
1009c064,1009c066,data,"DAT_1009c064",word
1009c066,1009c068,data,"DAT_1009c066",word
1009c068,1009c06a,data,"DAT_1009c068",word
1009c06a,1009c06c,data,"DAT_1009c06a",word
1009c06c,1009c06e,data,"DAT_1009c06c",word
1009c06e,1009c070,data,"DAT_1009c06e",word
1009c070,1009c072,data,"DAT_1009c070",word
1009c072,1009c074,data,"DAT_1009c072",word
1009c074,1009c076,data,"DAT_1009c074",word
1009c076,1009c078,data,"DAT_1009c076",word
1009c078,1009c07a,data,"DAT_1009c078",word
1009c07a,1009c07c,data,"DAT_1009c07a",word
1009c07c,1009c07e,data,"DAT_1009c07c",word
1009c07e,1009c080,data,"DAT_1009c07e",word
1009c080,1009c082,data,"DAT_1009c080",word
1009c082,1009c084,data,"DAT_1009c082",word
1009c084,1009c086,data,"DAT_1009c084",word
1009c086,1009c088,data,"DAT_1009c086",word
1009c088,1009c08a,data,"DAT_1009c088",word
1009c08a,1009c08c,data,"DAT_1009c08a",word
1009c08c,1009c08e,data,"DAT_1009c08c",word
1009c08e,1009c090,data,"DAT_1009c08e",word
1009c090,1009c092,data,"DAT_1009c090",word
1009c092,1009c094,data,"DAT_1009c092",word
1009c094,1009c096,data,"DAT_1009c094",word
1009c096,1009c098,data,"DAT_1009c096",word
1009c098,1009c09a,data,"DAT_1009c098",word
1009c09a,1009c09c,data,"DAT_1009c09a",word
1009c09c,1009c09e,data,"DAT_1009c09c",word
1009c09e,1009c0a0,data,"DAT_1009c09e",word
1009c0a0,1009c0a2,data,"DAT_1009c0a0",word
1009c0a2,1009c0a4,data,"DAT_1009c0a2",word
1009c0a4,1009c0a6,data,"DAT_1009c0a4",word
1009c0a6,1009c0a8,data,"DAT_1009c0a6",word
1009c0a8,1009c0aa,data,"DAT_1009c0a8",word
1009c0aa,1009c0ac,data,"DAT_1009c0aa",word
1009c0ac,1009c0ae,data,"DAT_1009c0ac",word
1009c0ae,1009c0b0,data,"DAT_1009c0ae",word
1009c0b0,1009c0b2,data,"DAT_1009c0b0",word
1009c0b2,1009c0b4,data,"DAT_1009c0b2",word
1009c0b4,1009c0b6,data,"DAT_1009c0b4",word
1009c0b6,1009c0b8,data,"DAT_1009c0b6",word
1009c0b8,1009c0ba,data,"DAT_1009c0b8",word
1009c0ba,1009c0bc,data,"DAT_1009c0ba",word
1009c0bc,1009c0be,data,"DAT_1009c0bc",word
1009c0be,1009c0c0,data,"DAT_1009c0be",word
1009c0c0,1009c0c4,data,"DAT_1009c0c0",dword
1009c0c4,1009c0c8,data,"DAT_1009c0c4",dword
1009c0c8,1009c0ca,data,"DAT_1009c0c8",word
1009c0ca,1009c0cc,data,"DAT_1009c0ca",word
1009c0cc,1009c0ce,data,"DAT_1009c0cc",word
1009c0ce,1009c0d0,data,"DAT_1009c0ce",word
1009c0d0,1009c0d2,data,"DAT_1009c0d0",word
1009c0d2,1009c0d4,data,"DAT_1009c0d2",word
1009c0d4,1009c0d6,data,"DAT_1009c0d4",word
1009c0d6,1009c0d8,data,"DAT_1009c0d6",word
1009c0d8,1009c0da,data,"DAT_1009c0d8",word
1009c0da,1009c0dc,data,"DAT_1009c0da",word
1009c0dc,1009c0de,data,"DAT_1009c0dc",word
1009c0de,1009c0e0,data,"DAT_1009c0de",word
1009c0e0,1009c0e2,data,"DAT_1009c0e0",word
1009c0e2,1009c0e4,data,"DAT_1009c0e2",word
1009c0e4,1009c0e6,data,"DAT_1009c0e4",word
1009c0e6,1009c0e8,data,"DAT_1009c0e6",word
1009c0e8,1009c0ea,data,"DAT_1009c0e8",word
1009c0ea,1009c0ec,data,"DAT_1009c0ea",word
1009c0ec,1009c0ee,data,"DAT_1009c0ec",word
1009c0ee,1009c0f0,data,"DAT_1009c0ee",word
1009c0f0,1009c0f2,data,"DAT_1009c0f0",word
1009c0f2,1009c0f4,data,"DAT_1009c0f2",word
1009c0f4,1009c0f6,data,"DAT_1009c0f4",word
1009c0f6,1009c0f8,data,"DAT_1009c0f6",word
1009c0f8,1009c0fa,data,"DAT_1009c0f8",word
1009c0fa,1009c0fc,data,"DAT_1009c0fa",word
1009c0fc,1009c0fe,data,"DAT_1009c0fc",word
1009c0fe,1009c100,data,"DAT_1009c0fe",word
1009c100,1009c102,data,"DAT_1009c100",word
1009c102,1009c104,data,"DAT_1009c102",word
1009c104,1009c106,data,"DAT_1009c104",word
1009c106,1009c108,data,"DAT_1009c106",word
1009c108,1009c10c,data,"DAT_1009c108",dword
1009c10c,1009c110,data,"DAT_1009c10c",dword
1009c110,1009c112,data,"DAT_1009c110",word
1009c112,1009c114,data,"DAT_1009c112",word
1009c114,1009c116,data,"DAT_1009c114",word
1009c116,1009c118,data,"DAT_1009c116",word
1009c118,1009c11a,data,"DAT_1009c118",word
1009c11a,1009c11c,data,"DAT_1009c11a",word
1009c11c,1009c11e,data,"DAT_1009c11c",word
1009c11e,1009c120,data,"DAT_1009c11e",word
1009c120,1009c122,data,"DAT_1009c120",word
1009c122,1009c124,data,"DAT_1009c122",word
1009c124,1009c126,data,"DAT_1009c124",word
1009c126,1009c128,data,"DAT_1009c126",word
1009c128,1009c12a,data,"DAT_1009c128",word
1009c12a,1009c12c,data,"DAT_1009c12a",word
1009c12c,1009c12e,data,"DAT_1009c12c",word
1009c12e,1009c130,data,"DAT_1009c12e",word
1009c130,1009c132,data,"DAT_1009c130",word
1009c132,1009c134,data,"DAT_1009c132",word
1009c134,1009c136,data,"DAT_1009c134",word
1009c136,1009c138,data,"DAT_1009c136",word
1009c138,1009c13a,data,"DAT_1009c138",word
1009c13a,1009c13c,data,"DAT_1009c13a",word
1009c13c,1009c13e,data,"DAT_1009c13c",word
1009c13e,1009c140,data,"DAT_1009c13e",word
1009c140,1009c142,data,"DAT_1009c140",word
1009c142,1009c144,data,"DAT_1009c142",word
1009c144,1009c146,data,"DAT_1009c144",word
1009c146,1009c148,data,"DAT_1009c146",word
1009c148,1009c14a,data,"DAT_1009c148",word
1009c14a,1009c14c,data,"DAT_1009c14a",word
1009c14c,1009c14e,data,"DAT_1009c14c",word
1009c14e,1009c150,data,"DAT_1009c14e",word
1009c150,1009c152,data,"DAT_1009c150",word
1009c152,1009c154,data,"DAT_1009c152",word
1009c154,1009c156,data,"DAT_1009c154",word
1009c156,1009c158,data,"DAT_1009c156",word
1009c158,1009c15a,data,"DAT_1009c158",word
1009c15a,1009c15c,data,"DAT_1009c15a",word
1009c15c,1009c15e,data,"DAT_1009c15c",word
1009c15e,1009c160,data,"DAT_1009c15e",word
1009c160,1009c162,data,"DAT_1009c160",word
1009c162,1009c164,data,"DAT_1009c162",word
1009c164,1009c166,data,"DAT_1009c164",word
1009c166,1009c168,data,"DAT_1009c166",word
1009c168,1009c16a,data,"DAT_1009c168",word
1009c16a,1009c16c,data,"DAT_1009c16a",word
1009c16c,1009c16e,data,"DAT_1009c16c",word
1009c16e,1009c170,data,"DAT_1009c16e",word
1009c170,1009c172,data,"DAT_1009c170",word
1009c172,1009c174,data,"DAT_1009c172",word
1009c174,1009c176,data,"DAT_1009c174",word
1009c176,1009c178,data,"DAT_1009c176",word
1009c178,1009c17a,data,"DAT_1009c178",word
1009c17a,1009c17c,data,"DAT_1009c17a",word
1009c17c,1009c17e,data,"DAT_1009c17c",word
1009c17e,1009c180,data,"DAT_1009c17e",word
1009c180,1009c182,data,"DAT_1009c180",word
1009c182,1009c184,data,"DAT_1009c182",word
1009c184,1009c186,data,"DAT_1009c184",word
1009c186,1009c188,data,"DAT_1009c186",word
1009c188,1009c18a,data,"DAT_1009c188",word
1009c18a,1009c18c,data,"DAT_1009c18a",word
1009c18c,1009c18e,data,"DAT_1009c18c",word
1009c18e,1009c190,data,"DAT_1009c18e",word
1009c190,1009c192,data,"DAT_1009c190",word
1009c192,1009c194,data,"DAT_1009c192",word
1009c194,1009c196,data,"DAT_1009c194",word
1009c196,1009c198,data,"DAT_1009c196",word
1009c198,1009c19a,data,"DAT_1009c198",word
1009c19a,1009c19c,data,"DAT_1009c19a",word
1009c19c,1009c19e,data,"DAT_1009c19c",word
1009c19e,1009c1a0,data,"DAT_1009c19e",word
1009c1a0,1009c1a2,data,"DAT_1009c1a0",word
1009c1a2,1009c1a4,data,"DAT_1009c1a2",word
1009c1a4,1009c1a6,data,"DAT_1009c1a4",word
1009c1a6,1009c1a8,data,"DAT_1009c1a6",word
1009c1a8,1009c1aa,data,"DAT_1009c1a8",word
1009c1aa,1009c1ac,data,"DAT_1009c1aa",word
1009c1ac,1009c1ae,data,"DAT_1009c1ac",word
1009c1ae,1009c1b0,data,"DAT_1009c1ae",word
1009c1b0,1009c1b2,data,"DAT_1009c1b0",word
1009c1b2,1009c1b4,data,"DAT_1009c1b2",word
1009c1b4,1009c1b6,data,"DAT_1009c1b4",word
1009c1b6,1009c1b8,data,"DAT_1009c1b6",word
1009c1b8,1009c1ba,data,"DAT_1009c1b8",word
1009c1ba,1009c1bc,data,"DAT_1009c1ba",word
1009c1bc,1009c1be,data,"DAT_1009c1bc",word
1009c1be,1009c1c0,data,"DAT_1009c1be",word
1009c1c0,1009c1c2,data,"DAT_1009c1c0",word
1009c1c2,1009c1c4,data,"DAT_1009c1c2",word
1009c1c4,1009c1c6,data,"DAT_1009c1c4",word
1009c1c6,1009c1c8,data,"DAT_1009c1c6",word
1009c1c8,1009c1ca,data,"DAT_1009c1c8",word
1009c1ca,1009c1cc,data,"DAT_1009c1ca",word
1009c1cc,1009c1ce,data,"DAT_1009c1cc",word
1009c1ce,1009c1d0,data,"DAT_1009c1ce",word
1009c1d0,1009c1d2,data,"DAT_1009c1d0",word
1009c1d2,1009c1d4,data,"DAT_1009c1d2",word
1009c1d4,1009c1d6,data,"DAT_1009c1d4",word
1009c1d6,1009c1d8,data,"DAT_1009c1d6",word
1009c1d8,1009c1da,data,"DAT_1009c1d8",word
1009c1da,1009c1dc,data,"DAT_1009c1da",word
1009c1dc,1009c1de,data,"DAT_1009c1dc",word
1009c1de,1009c1e0,data,"DAT_1009c1de",word
1009c1e0,1009c1e2,data,"DAT_1009c1e0",word
1009c1e2,1009c1e4,data,"DAT_1009c1e2",word
1009c1e4,1009c1e6,data,"DAT_1009c1e4",word
1009c1e6,1009c1e8,data,"DAT_1009c1e6",word
1009c1e8,1009c1ea,data,"DAT_1009c1e8",word
1009c1ea,1009c1ec,data,"DAT_1009c1ea",word
1009c1ec,1009c1ee,data,"DAT_1009c1ec",word
1009c1ee,1009c1f0,data,"DAT_1009c1ee",word
1009c1f0,1009c1f2,data,"DAT_1009c1f0",word
1009c1f2,1009c1f4,data,"DAT_1009c1f2",word
1009c1f4,1009c1f6,data,"DAT_1009c1f4",word
1009c1f6,1009c1f8,data,"DAT_1009c1f6",word
1009c1f8,1009c1fa,data,"DAT_1009c1f8",word
1009c1fa,1009c1fc,data,"DAT_1009c1fa",word
1009c1fc,1009c1fe,data,"DAT_1009c1fc",word
1009c1fe,1009c200,data,"DAT_1009c1fe",word
1009c200,1009c202,data,"DAT_1009c200",word
1009c202,1009c204,data,"DAT_1009c202",word
1009c204,1009c208,data,"DAT_1009c204",dword
1009c208,1009c20c,data,"DAT_1009c208",dword
1009c20c,1009c20e,data,"DAT_1009c20c",word
1009c20e,1009c210,data,"DAT_1009c20e",word
1009c210,1009c212,data,"DAT_1009c210",word
1009c212,1009c214,data,"DAT_1009c212",word
1009c214,1009c216,data,"DAT_1009c214",word
1009c216,1009c218,data,"DAT_1009c216",word
1009c218,1009c21a,data,"DAT_1009c218",word
1009c21a,1009c21c,data,"DAT_1009c21a",word
1009c21c,1009c21e,data,"DAT_1009c21c",word
1009c21e,1009c220,data,"DAT_1009c21e",word
1009c220,1009c222,data,"DAT_1009c220",word
1009c222,1009c224,data,"DAT_1009c222",word
1009c224,1009c226,data,"DAT_1009c224",word
1009c226,1009c228,data,"DAT_1009c226",word
1009c228,1009c22a,data,"DAT_1009c228",word
1009c22a,1009c22c,data,"DAT_1009c22a",word
1009c22c,1009c22e,data,"DAT_1009c22c",word
1009c22e,1009c230,data,"DAT_1009c22e",word
1009c230,1009c234,data,"DAT_1009c230",dword
1009c234,1009c238,data,"DAT_1009c234",dword
1009c238,1009c23a,data,"DAT_1009c238",word
1009c23a,1009c23c,data,"DAT_1009c23a",word
1009c23c,1009c23e,data,"DAT_1009c23c",word
1009c23e,1009c240,data,"DAT_1009c23e",word
1009c240,1009c242,data,"DAT_1009c240",word
1009c242,1009c244,data,"DAT_1009c242",word
1009c244,1009c246,data,"DAT_1009c244",word
1009c246,1009c248,data,"DAT_1009c246",word
1009c248,1009c24a,data,"DAT_1009c248",word
1009c24a,1009c24c,data,"DAT_1009c24a",word
1009c24c,1009c24e,data,"DAT_1009c24c",word
1009c24e,1009c250,data,"DAT_1009c24e",word
1009c250,1009c252,data,"DAT_1009c250",word
1009c252,1009c254,data,"DAT_1009c252",word
1009c254,1009c256,data,"DAT_1009c254",word
1009c256,1009c258,data,"DAT_1009c256",word
1009c258,1009c25a,data,"DAT_1009c258",word
1009c25a,1009c25c,data,"DAT_1009c25a",word
1009c25c,1009c25e,data,"DAT_1009c25c",word
1009c25e,1009c260,data,"DAT_1009c25e",word
1009c260,1009c262,data,"DAT_1009c260",word
1009c262,1009c264,data,"DAT_1009c262",word
1009c264,1009c266,data,"DAT_1009c264",word
1009c266,1009c268,data,"DAT_1009c266",word
1009c268,1009c26a,data,"DAT_1009c268",word
1009c26a,1009c26c,data,"DAT_1009c26a",word
1009c26c,1009c26e,data,"DAT_1009c26c",word
1009c26e,1009c270,data,"DAT_1009c26e",word
1009c270,1009c272,data,"DAT_1009c270",word
1009c272,1009c274,data,"DAT_1009c272",word
1009c274,1009c276,data,"DAT_1009c274",word
1009c276,1009c278,data,"DAT_1009c276",word
1009c278,1009c27a,data,"DAT_1009c278",word
1009c27a,1009c27c,data,"DAT_1009c27a",word
1009c27c,1009c27e,data,"DAT_1009c27c",word
1009c27e,1009c280,data,"DAT_1009c27e",word
1009c280,1009c282,data,"DAT_1009c280",word
1009c282,1009c284,data,"DAT_1009c282",word
1009c284,1009c286,data,"DAT_1009c284",word
1009c286,1009c288,data,"DAT_1009c286",word
1009c288,1009c28a,data,"DAT_1009c288",word
1009c28a,1009c28c,data,"DAT_1009c28a",word
1009c28c,1009c28e,data,"DAT_1009c28c",word
1009c28e,1009c290,data,"DAT_1009c28e",word
1009c290,1009c292,data,"DAT_1009c290",word
1009c292,1009c294,data,"DAT_1009c292",word
1009c294,1009c296,data,"DAT_1009c294",word
1009c296,1009c298,data,"DAT_1009c296",word
1009c298,1009c29a,data,"DAT_1009c298",word
1009c29a,1009c29c,data,"DAT_1009c29a",word
1009c29c,1009c29e,data,"DAT_1009c29c",word
1009c29e,1009c2a0,data,"DAT_1009c29e",word
1009c2a0,1009c2a2,data,"DAT_1009c2a0",word
1009c2a2,1009c2a4,data,"DAT_1009c2a2",word
1009c2a4,1009c2a6,data,"DAT_1009c2a4",word
1009c2a6,1009c2a8,data,"DAT_1009c2a6",word
1009c2a8,1009c2aa,data,"DAT_1009c2a8",word
1009c2aa,1009c2ac,data,"DAT_1009c2aa",word
1009c2ac,1009c2ae,data,"DAT_1009c2ac",word
1009c2ae,1009c2b0,data,"DAT_1009c2ae",word
1009c2b0,1009c2b2,data,"DAT_1009c2b0",word
1009c2b2,1009c2b4,data,"DAT_1009c2b2",word
1009c2b4,1009c2b6,data,"DAT_1009c2b4",word
1009c2b6,1009c2b8,data,"DAT_1009c2b6",word
1009c2b8,1009c2ba,data,"DAT_1009c2b8",word
1009c2ba,1009c2bc,data,"DAT_1009c2ba",word
1009c2bc,1009c2be,data,"DAT_1009c2bc",word
1009c2be,1009c2c0,data,"DAT_1009c2be",word
1009c2c0,1009c2c2,data,"DAT_1009c2c0",word
1009c2c2,1009c2c4,data,"DAT_1009c2c2",word
1009c2c4,1009c2c6,data,"DAT_1009c2c4",word
1009c2c6,1009c2c8,data,"DAT_1009c2c6",word
1009c2c8,1009c2ca,data,"DAT_1009c2c8",word
1009c2ca,1009c2cc,data,"DAT_1009c2ca",word
1009c2cc,1009c2ce,data,"DAT_1009c2cc",word
1009c2ce,1009c2d0,data,"DAT_1009c2ce",word
1009c2d0,1009c2d2,data,"DAT_1009c2d0",word
1009c2d2,1009c2d4,data,"DAT_1009c2d2",word
1009c2d4,1009c2d6,data,"DAT_1009c2d4",word
1009c2d6,1009c2d8,data,"DAT_1009c2d6",word
1009c2d8,1009c2da,data,"DAT_1009c2d8",word
1009c2da,1009c2dc,data,"DAT_1009c2da",word
1009c2dc,1009c2de,data,"DAT_1009c2dc",word
1009c2de,1009c2e0,data,"DAT_1009c2de",word
1009c2e0,1009c2e2,data,"DAT_1009c2e0",word
1009c2e2,1009c2e4,data,"DAT_1009c2e2",word
1009c2e4,1009c2e6,data,"DAT_1009c2e4",word
1009c2e6,1009c2e8,data,"DAT_1009c2e6",word
1009c2e8,1009c2ea,data,"DAT_1009c2e8",word
1009c2ea,1009c2ec,data,"DAT_1009c2ea",word
1009c2ec,1009c2ee,data,"DAT_1009c2ec",word
1009c2ee,1009c2f0,data,"DAT_1009c2ee",word
1009c2f0,1009c2f2,data,"DAT_1009c2f0",word
1009c2f2,1009c2f4,data,"DAT_1009c2f2",word
1009c2f4,1009c2f6,data,"DAT_1009c2f4",word
1009c2f6,1009c2f8,data,"DAT_1009c2f6",word
1009c2f8,1009c2fa,data,"DAT_1009c2f8",word
1009c2fa,1009c2fc,data,"DAT_1009c2fa",word
1009c2fc,1009c2fe,data,"DAT_1009c2fc",word
1009c2fe,1009c300,data,"DAT_1009c2fe",word
1009c300,1009c302,data,"DAT_1009c300",word
1009c302,1009c304,data,"DAT_1009c302",word
1009c304,1009c306,data,"DAT_1009c304",word
1009c306,1009c308,data,"DAT_1009c306",word
1009c308,1009c30a,data,"DAT_1009c308",word
1009c30a,1009c30c,data,"DAT_1009c30a",word
1009c30c,1009c30e,data,"DAT_1009c30c",word
1009c30e,1009c310,data,"DAT_1009c30e",word
1009c310,1009c312,data,"DAT_1009c310",word
1009c312,1009c314,data,"DAT_1009c312",word
1009c314,1009c316,data,"DAT_1009c314",word
1009c316,1009c318,data,"DAT_1009c316",word
1009c318,1009c31a,data,"DAT_1009c318",word
1009c31a,1009c31c,data,"DAT_1009c31a",word
1009c31c,1009c31e,data,"DAT_1009c31c",word
1009c31e,1009c320,data,"DAT_1009c31e",word
1009c320,1009c322,data,"DAT_1009c320",word
1009c322,1009c324,data,"DAT_1009c322",word
1009c324,1009c326,data,"DAT_1009c324",word
1009c326,1009c328,data,"DAT_1009c326",word
1009c328,1009c32a,data,"DAT_1009c328",word
1009c32a,1009c32c,data,"DAT_1009c32a",word
1009c32c,1009c32e,data,"DAT_1009c32c",word
1009c32e,1009c330,data,"DAT_1009c32e",word
1009c330,1009c332,data,"DAT_1009c330",word
1009c332,1009c334,data,"DAT_1009c332",word
1009c334,1009c336,data,"DAT_1009c334",word
1009c336,1009c338,data,"DAT_1009c336",word
1009c338,1009c33a,data,"DAT_1009c338",word
1009c33a,1009c33c,data,"DAT_1009c33a",word
1009c33c,1009c33e,data,"DAT_1009c33c",word
1009c33e,1009c340,data,"DAT_1009c33e",word
1009c340,1009c342,data,"DAT_1009c340",word
1009c342,1009c344,data,"DAT_1009c342",word
1009c344,1009c346,data,"DAT_1009c344",word
1009c346,1009c348,data,"DAT_1009c346",word
1009c348,1009c34a,data,"DAT_1009c348",word
1009c34a,1009c34c,data,"DAT_1009c34a",word
1009c34c,1009c34e,data,"DAT_1009c34c",word
1009c34e,1009c350,data,"DAT_1009c34e",word
1009c350,1009c352,data,"DAT_1009c350",word
1009c352,1009c354,data,"DAT_1009c352",word
1009c354,1009c356,data,"DAT_1009c354",word
1009c356,1009c358,data,"DAT_1009c356",word
1009c358,1009c35a,data,"DAT_1009c358",word
1009c35a,1009c35c,data,"DAT_1009c35a",word
1009c35c,1009c35e,data,"DAT_1009c35c",word
1009c35e,1009c360,data,"DAT_1009c35e",word
1009c360,1009c362,data,"DAT_1009c360",word
1009c362,1009c364,data,"DAT_1009c362",word
1009c364,1009c366,data,"DAT_1009c364",word
1009c366,1009c368,data,"DAT_1009c366",word
1009c368,1009c36a,data,"DAT_1009c368",word
1009c36a,1009c36c,data,"DAT_1009c36a",word
1009c36c,1009c36e,data,"DAT_1009c36c",word
1009c36e,1009c370,data,"DAT_1009c36e",word
1009c370,1009c372,data,"DAT_1009c370",word
1009c372,1009c374,data,"DAT_1009c372",word
1009c374,1009c376,data,"DAT_1009c374",word
1009c376,1009c378,data,"DAT_1009c376",word
1009c378,1009c37a,data,"DAT_1009c378",word
1009c37a,1009c37c,data,"DAT_1009c37a",word
1009c37c,1009c37e,data,"DAT_1009c37c",word
1009c37e,1009c380,data,"DAT_1009c37e",word
1009c380,1009c382,data,"DAT_1009c380",word
1009c382,1009c384,data,"DAT_1009c382",word
1009c384,1009c386,data,"DAT_1009c384",word
1009c386,1009c388,data,"DAT_1009c386",word
1009c388,1009c38a,data,"DAT_1009c388",word
1009c38a,1009c38c,data,"DAT_1009c38a",word
1009c38c,1009c38e,data,"DAT_1009c38c",word
1009c38e,1009c390,data,"DAT_1009c38e",word
1009c390,1009c392,data,"DAT_1009c390",word
1009c392,1009c394,data,"DAT_1009c392",word
1009c394,1009c396,data,"DAT_1009c394",word
1009c396,1009c398,data,"DAT_1009c396",word
1009c398,1009c39a,data,"DAT_1009c398",word
1009c39a,1009c39c,data,"DAT_1009c39a",word
1009c39c,1009c39e,data,"DAT_1009c39c",word
1009c39e,1009c3a0,data,"DAT_1009c39e",word
1009c3a0,1009c3a2,data,"DAT_1009c3a0",word
1009c3a2,1009c3a4,data,"DAT_1009c3a2",word
1009c3a4,1009c3a6,data,"DAT_1009c3a4",word
1009c3a6,1009c3a8,data,"DAT_1009c3a6",word
1009c3a8,1009c3aa,data,"DAT_1009c3a8",word
1009c3aa,1009c3ac,data,"DAT_1009c3aa",word
1009c3ac,1009c3ae,data,"DAT_1009c3ac",word
1009c3ae,1009c3b0,data,"DAT_1009c3ae",word
1009c3b0,1009c3b2,data,"DAT_1009c3b0",word
1009c3b2,1009c3b4,data,"DAT_1009c3b2",word
1009c3b4,1009c3b6,data,"DAT_1009c3b4",word
1009c3b6,1009c3b8,data,"DAT_1009c3b6",word
1009c3b8,1009c3ba,data,"DAT_1009c3b8",word
1009c3ba,1009c3bc,data,"DAT_1009c3ba",word
1009c3bc,1009c3be,data,"DAT_1009c3bc",word
1009c3be,1009c3c0,data,"DAT_1009c3be",word
1009c3c0,1009c3c2,data,"DAT_1009c3c0",word
1009c3c2,1009c3c4,data,"DAT_1009c3c2",word
1009c3c4,1009c3c6,data,"DAT_1009c3c4",word
1009c3c6,1009c3c8,data,"DAT_1009c3c6",word
1009c3c8,1009c3ca,data,"DAT_1009c3c8",word
1009c3ca,1009c3cc,data,"DAT_1009c3ca",word
1009c3cc,1009c3ce,data,"DAT_1009c3cc",word
1009c3ce,1009c3d0,data,"DAT_1009c3ce",word
1009c3d0,1009c3d2,data,"DAT_1009c3d0",word
1009c3d2,1009c3d4,data,"DAT_1009c3d2",word
1009c3d4,1009c3d6,data,"DAT_1009c3d4",word
1009c3d6,1009c3d8,data,"DAT_1009c3d6",word
1009c3d8,1009c3da,data,"DAT_1009c3d8",word
1009c3da,1009c3dc,data,"DAT_1009c3da",word
1009c3dc,1009c3de,data,"DAT_1009c3dc",word
1009c3de,1009c3e0,data,"DAT_1009c3de",word
1009c3e0,1009c3e2,data,"DAT_1009c3e0",word
1009c3e2,1009c3e4,data,"DAT_1009c3e2",word
1009c3e4,1009c3e6,data,"DAT_1009c3e4",word
1009c3e6,1009c3e8,data,"DAT_1009c3e6",word
1009c3e8,1009c3ea,data,"DAT_1009c3e8",word
1009c3ea,1009c3ec,data,"DAT_1009c3ea",word
1009c3ec,1009c3ee,data,"DAT_1009c3ec",word
1009c3ee,1009c3f0,data,"DAT_1009c3ee",word
1009c3f0,1009c3f2,data,"DAT_1009c3f0",word
1009c3f2,1009c3f4,data,"DAT_1009c3f2",word
1009c3f4,1009c3f6,data,"DAT_1009c3f4",word
1009c3f6,1009c3f8,data,"DAT_1009c3f6",word
1009c3f8,1009c3fa,data,"DAT_1009c3f8",word
1009c3fa,1009c3fc,data,"DAT_1009c3fa",word
1009c3fc,1009c3fe,data,"DAT_1009c3fc",word
1009c3fe,1009c400,data,"DAT_1009c3fe",word
1009c400,1009c402,data,"DAT_1009c400",word
1009c402,1009c404,data,"DAT_1009c402",word
1009c404,1009c406,data,"DAT_1009c404",word
1009c406,1009c408,data,"DAT_1009c406",word
1009c408,1009c40a,data,"DAT_1009c408",word
1009c40a,1009c40c,data,"DAT_1009c40a",word
1009c40c,1009c410,data,"DAT_1009c40c",dword
1009c410,1009c414,data,"DAT_1009c410",dword
1009c414,1009c416,data,"DAT_1009c414",word
1009c416,1009c418,data,"DAT_1009c416",word
1009c418,1009c41a,data,"DAT_1009c418",word
1009c41a,1009c41c,data,"DAT_1009c41a",word
1009c41c,1009c41e,data,"DAT_1009c41c",word
1009c41e,1009c420,data,"DAT_1009c41e",word
1009c420,1009c422,data,"DAT_1009c420",word
1009c422,1009c424,data,"DAT_1009c422",word
1009c424,1009c426,data,"DAT_1009c424",word
1009c426,1009c428,data,"DAT_1009c426",word
1009c428,1009c42a,data,"DAT_1009c428",word
1009c42a,1009c42c,data,"DAT_1009c42a",word
1009c42c,1009c42e,data,"DAT_1009c42c",word
1009c42e,1009c430,data,"DAT_1009c42e",word
1009c430,1009c432,data,"DAT_1009c430",word
1009c432,1009c434,data,"DAT_1009c432",word
1009c434,1009c436,data,"DAT_1009c434",word
1009c436,1009c438,data,"DAT_1009c436",word
1009c438,1009c43a,data,"DAT_1009c438",word
1009c43a,1009c43c,data,"DAT_1009c43a",word
1009c43c,1009c43e,data,"DAT_1009c43c",word
1009c43e,1009c440,data,"DAT_1009c43e",word
1009c440,1009c442,data,"DAT_1009c440",word
1009c442,1009c444,data,"DAT_1009c442",word
1009c444,1009c446,data,"DAT_1009c444",word
1009c446,1009c448,data,"DAT_1009c446",word
1009c448,1009c44a,data,"DAT_1009c448",word
1009c44a,1009c44c,data,"DAT_1009c44a",word
1009c44c,1009c44e,data,"DAT_1009c44c",word
1009c44e,1009c450,data,"DAT_1009c44e",word
1009c450,1009c452,data,"DAT_1009c450",word
1009c452,1009c454,data,"DAT_1009c452",word
1009c454,1009c456,data,"DAT_1009c454",word
1009c456,1009c458,data,"DAT_1009c456",word
1009c458,1009c45a,data,"DAT_1009c458",word
1009c45a,1009c45c,data,"DAT_1009c45a",word
1009c45c,1009c45e,data,"DAT_1009c45c",word
1009c45e,1009c460,data,"DAT_1009c45e",word
1009c460,1009c462,data,"DAT_1009c460",word
1009c462,1009c464,data,"DAT_1009c462",word
1009c464,1009c466,data,"DAT_1009c464",word
1009c466,1009c468,data,"DAT_1009c466",word
1009c468,1009c46a,data,"DAT_1009c468",word
1009c46a,1009c46c,data,"DAT_1009c46a",word
1009c46c,1009c46e,data,"DAT_1009c46c",word
1009c46e,1009c470,data,"DAT_1009c46e",word
1009c470,1009c472,data,"DAT_1009c470",word
1009c472,1009c474,data,"DAT_1009c472",word
1009c474,1009c476,data,"DAT_1009c474",word
1009c476,1009c478,data,"DAT_1009c476",word
1009c478,1009c47a,data,"DAT_1009c478",word
1009c47a,1009c47c,data,"DAT_1009c47a",word
1009c47c,1009c47e,data,"DAT_1009c47c",word
1009c47e,1009c480,data,"DAT_1009c47e",word
1009c480,1009c482,data,"DAT_1009c480",word
1009c482,1009c484,data,"DAT_1009c482",word
1009c484,1009c486,data,"DAT_1009c484",word
1009c486,1009c488,data,"DAT_1009c486",word
1009c488,1009c48a,data,"DAT_1009c488",word
1009c48a,1009c48c,data,"DAT_1009c48a",word
1009c48c,1009c48e,data,"DAT_1009c48c",word
1009c48e,1009c490,data,"DAT_1009c48e",word
1009c490,1009c492,data,"DAT_1009c490",word
1009c492,1009c494,data,"DAT_1009c492",word
1009c494,1009c496,data,"DAT_1009c494",word
1009c496,1009c498,data,"DAT_1009c496",word
1009c498,1009c49a,data,"DAT_1009c498",word
1009c49a,1009c49c,data,"DAT_1009c49a",word
1009c49c,1009c49e,data,"DAT_1009c49c",word
1009c49e,1009c4a0,data,"DAT_1009c49e",word
1009c4a0,1009c4a2,data,"DAT_1009c4a0",word
1009c4a2,1009c4a4,data,"DAT_1009c4a2",word
1009c4a4,1009c4a6,data,"DAT_1009c4a4",word
1009c4a6,1009c4a8,data,"DAT_1009c4a6",word
1009c4a8,1009c4aa,data,"DAT_1009c4a8",word
1009c4aa,1009c4ac,data,"DAT_1009c4aa",word
1009c4ac,1009c4ae,data,"DAT_1009c4ac",word
1009c4ae,1009c4b0,data,"DAT_1009c4ae",word
1009c4b0,1009c4b2,data,"DAT_1009c4b0",word
1009c4b2,1009c4b4,data,"DAT_1009c4b2",word
1009c4b4,1009c4b6,data,"DAT_1009c4b4",word
1009c4b6,1009c4b8,data,"DAT_1009c4b6",word
1009c4b8,1009c4ba,data,"DAT_1009c4b8",word
1009c4ba,1009c4bc,data,"DAT_1009c4ba",word
1009c4bc,1009c4be,data,"DAT_1009c4bc",word
1009c4be,1009c4c0,data,"DAT_1009c4be",word
1009c4c0,1009c4c2,data,"DAT_1009c4c0",word
1009c4c2,1009c4c4,data,"DAT_1009c4c2",word
1009c4c4,1009c4c6,data,"DAT_1009c4c4",word
1009c4c6,1009c4c8,data,"DAT_1009c4c6",word
1009c4c8,1009c4ca,data,"DAT_1009c4c8",word
1009c4ca,1009c4cc,data,"DAT_1009c4ca",word
1009c4cc,1009c4ce,data,"DAT_1009c4cc",word
1009c4ce,1009c4d0,data,"DAT_1009c4ce",word
1009c4d0,1009c4d2,data,"DAT_1009c4d0",word
1009c4d2,1009c4d4,data,"DAT_1009c4d2",word
1009c4d4,1009c4d6,data,"DAT_1009c4d4",word
1009c4d6,1009c4d8,data,"DAT_1009c4d6",word
1009c4d8,1009c4da,data,"DAT_1009c4d8",word
1009c4da,1009c4dc,data,"DAT_1009c4da",word
1009c4dc,1009c4de,data,"DAT_1009c4dc",word
1009c4de,1009c4e0,data,"DAT_1009c4de",word
1009c4e0,1009c4e2,data,"DAT_1009c4e0",word
1009c4e2,1009c4e4,data,"DAT_1009c4e2",word
1009c4e4,1009c4e6,data,"DAT_1009c4e4",word
1009c4e6,1009c4e8,data,"DAT_1009c4e6",word
1009c4e8,1009c4ea,data,"DAT_1009c4e8",word
1009c4ea,1009c4ec,data,"DAT_1009c4ea",word
1009c4ec,1009c4ee,data,"DAT_1009c4ec",word
1009c4ee,1009c4f0,data,"DAT_1009c4ee",word
1009c4f0,1009c4f2,data,"DAT_1009c4f0",word
1009c4f2,1009c4f4,data,"DAT_1009c4f2",word
1009c4f4,1009c4f6,data,"DAT_1009c4f4",word
1009c4f6,1009c4f8,data,"DAT_1009c4f6",word
1009c4f8,1009c4fa,data,"DAT_1009c4f8",word
1009c4fa,1009c4fc,data,"DAT_1009c4fa",word
1009c4fc,1009c4fe,data,"DAT_1009c4fc",word
1009c4fe,1009c500,data,"DAT_1009c4fe",word
1009c500,1009c502,data,"DAT_1009c500",word
1009c502,1009c504,data,"DAT_1009c502",word
1009c504,1009c506,data,"DAT_1009c504",word
1009c506,1009c508,data,"DAT_1009c506",word
1009c508,1009c50a,data,"DAT_1009c508",word
1009c50a,1009c50c,data,"DAT_1009c50a",word
1009c50c,1009c50e,data,"DAT_1009c50c",word
1009c50e,1009c510,data,"DAT_1009c50e",word
1009c510,1009c512,data,"DAT_1009c510",word
1009c512,1009c514,data,"DAT_1009c512",word
1009c514,1009c516,data,"DAT_1009c514",word
1009c516,1009c518,data,"DAT_1009c516",word
1009c518,1009c51a,data,"DAT_1009c518",word
1009c51a,1009c51c,data,"DAT_1009c51a",word
1009c51c,1009c51e,data,"DAT_1009c51c",word
1009c51e,1009c520,data,"DAT_1009c51e",word
1009c520,1009c522,data,"DAT_1009c520",word
1009c522,1009c524,data,"DAT_1009c522",word
1009c524,1009c526,data,"DAT_1009c524",word
1009c526,1009c528,data,"DAT_1009c526",word
1009c528,1009c52a,data,"DAT_1009c528",word
1009c52a,1009c52c,data,"DAT_1009c52a",word
1009c52c,1009c52e,data,"DAT_1009c52c",word
1009c52e,1009c530,data,"DAT_1009c52e",word
1009c530,1009c532,data,"DAT_1009c530",word
1009c532,1009c534,data,"DAT_1009c532",word
1009c534,1009c536,data,"DAT_1009c534",word
1009c536,1009c538,data,"DAT_1009c536",word
1009c538,1009c53a,data,"DAT_1009c538",word
1009c53a,1009c53c,data,"DAT_1009c53a",word
1009c53c,1009c53e,data,"DAT_1009c53c",word
1009c53e,1009c540,data,"DAT_1009c53e",word
1009c540,1009c542,data,"DAT_1009c540",word
1009c542,1009c544,data,"DAT_1009c542",word
1009c544,1009c546,data,"DAT_1009c544",word
1009c546,1009c548,data,"DAT_1009c546",word
1009c548,1009c54a,data,"DAT_1009c548",word
1009c54a,1009c54c,data,"DAT_1009c54a",word
1009c54c,1009c54e,data,"DAT_1009c54c",word
1009c54e,1009c550,data,"DAT_1009c54e",word
1009c550,1009c552,data,"DAT_1009c550",word
1009c552,1009c554,data,"DAT_1009c552",word
1009c554,1009c556,data,"DAT_1009c554",word
1009c556,1009c558,data,"DAT_1009c556",word
1009c558,1009c55a,data,"DAT_1009c558",word
1009c55a,1009c55c,data,"DAT_1009c55a",word
1009c55c,1009c55e,data,"DAT_1009c55c",word
1009c55e,1009c560,data,"DAT_1009c55e",word
1009c560,1009c562,data,"DAT_1009c560",word
1009c562,1009c564,data,"DAT_1009c562",word
1009c564,1009c566,data,"DAT_1009c564",word
1009c566,1009c568,data,"DAT_1009c566",word
1009c568,1009c56a,data,"DAT_1009c568",word
1009c56a,1009c56c,data,"DAT_1009c56a",word
1009c56c,1009c56e,data,"DAT_1009c56c",word
1009c56e,1009c570,data,"DAT_1009c56e",word
1009c570,1009c572,data,"DAT_1009c570",word
1009c572,1009c574,data,"DAT_1009c572",word
1009c574,1009c576,data,"DAT_1009c574",word
1009c576,1009c578,data,"DAT_1009c576",word
1009c578,1009c57a,data,"DAT_1009c578",word
1009c57a,1009c57c,data,"DAT_1009c57a",word
1009c57c,1009c57e,data,"DAT_1009c57c",word
1009c57e,1009c580,data,"DAT_1009c57e",word
1009c580,1009c582,data,"DAT_1009c580",word
1009c582,1009c584,data,"DAT_1009c582",word
1009c584,1009c586,data,"DAT_1009c584",word
1009c586,1009c588,data,"DAT_1009c586",word
1009c588,1009c58a,data,"DAT_1009c588",word
1009c58a,1009c58c,data,"DAT_1009c58a",word
1009c58c,1009c58e,data,"DAT_1009c58c",word
1009c58e,1009c590,data,"DAT_1009c58e",word
1009c590,1009c592,data,"DAT_1009c590",word
1009c592,1009c594,data,"DAT_1009c592",word
1009c594,1009c596,data,"DAT_1009c594",word
1009c596,1009c598,data,"DAT_1009c596",word
1009c598,1009c59a,data,"DAT_1009c598",word
1009c59a,1009c59c,data,"DAT_1009c59a",word
1009c59c,1009c59e,data,"DAT_1009c59c",word
1009c59e,1009c5a0,data,"DAT_1009c59e",word
1009c5a0,1009c5a2,data,"DAT_1009c5a0",word
1009c5a2,1009c5a4,data,"DAT_1009c5a2",word
1009c5a4,1009c5a6,data,"DAT_1009c5a4",word
1009c5a6,1009c5a8,data,"DAT_1009c5a6",word
1009c5a8,1009c5aa,data,"DAT_1009c5a8",word
1009c5aa,1009c5ac,data,"DAT_1009c5aa",word
1009c5ac,1009c5ae,data,"DAT_1009c5ac",word
1009c5ae,1009c5b0,data,"DAT_1009c5ae",word
1009c5b0,1009c5b2,data,"DAT_1009c5b0",word
1009c5b2,1009c5b4,data,"DAT_1009c5b2",word
1009c5b4,1009c5b6,data,"DAT_1009c5b4",word
1009c5b6,1009c5b8,data,"DAT_1009c5b6",word
1009c5b8,1009c5ba,data,"DAT_1009c5b8",word
1009c5ba,1009c5bc,data,"DAT_1009c5ba",word
1009c5bc,1009c5be,data,"DAT_1009c5bc",word
1009c5be,1009c5c0,data,"DAT_1009c5be",word
1009c5c0,1009c5c2,data,"DAT_1009c5c0",word
1009c5c2,1009c5c4,data,"DAT_1009c5c2",word
1009c5c4,1009c5c6,data,"DAT_1009c5c4",word
1009c5c6,1009c5c8,data,"DAT_1009c5c6",word
1009c5c8,1009c5ca,data,"DAT_1009c5c8",word
1009c5ca,1009c5cc,data,"DAT_1009c5ca",word
1009c5cc,1009c5ce,data,"DAT_1009c5cc",word
1009c5ce,1009c5d0,data,"DAT_1009c5ce",word
1009c5d0,1009c5d2,data,"DAT_1009c5d0",word
1009c5d2,1009c5d4,data,"DAT_1009c5d2",word
1009c5d4,1009c5d6,data,"DAT_1009c5d4",word
1009c5d6,1009c5d8,data,"DAT_1009c5d6",word
1009c5d8,1009c5dc,data,"DAT_1009c5d8",dword
1009c5dc,1009c5e0,data,"DAT_1009c5dc",dword
1009c5e0,1009c5e2,data,"DAT_1009c5e0",word
1009c5e2,1009c5e4,data,"DAT_1009c5e2",word
1009c5e4,1009c5e6,data,"DAT_1009c5e4",word
1009c5e6,1009c5e8,data,"DAT_1009c5e6",word
1009c5e8,1009c5ea,data,"DAT_1009c5e8",word
1009c5ea,1009c5ec,data,"DAT_1009c5ea",word
1009c5ec,1009c5ee,data,"DAT_1009c5ec",word
1009c5ee,1009c5f0,data,"DAT_1009c5ee",word
1009c5f0,1009c5f2,data,"DAT_1009c5f0",word
1009c5f2,1009c5f4,data,"DAT_1009c5f2",word
1009c5f4,1009c5f6,data,"DAT_1009c5f4",word
1009c5f6,1009c5f8,data,"DAT_1009c5f6",word
1009c5f8,1009c5fa,data,"DAT_1009c5f8",word
1009c5fa,1009c5fc,data,"DAT_1009c5fa",word
1009c5fc,1009c5fe,data,"DAT_1009c5fc",word
1009c5fe,1009c600,data,"DAT_1009c5fe",word
1009c600,1009c602,data,"DAT_1009c600",word
1009c602,1009c604,data,"DAT_1009c602",word
1009c604,1009c606,data,"DAT_1009c604",word
1009c606,1009c608,data,"DAT_1009c606",word
1009c608,1009c60a,data,"DAT_1009c608",word
1009c60a,1009c60c,data,"DAT_1009c60a",word
1009c60c,1009c60e,data,"DAT_1009c60c",word
1009c60e,1009c610,data,"DAT_1009c60e",word
1009c610,1009c612,data,"DAT_1009c610",word
1009c612,1009c614,data,"DAT_1009c612",word
1009c614,1009c616,data,"DAT_1009c614",word
1009c616,1009c618,data,"DAT_1009c616",word
1009c618,1009c61a,data,"DAT_1009c618",word
1009c61a,1009c61c,data,"DAT_1009c61a",word
1009c61c,1009c61e,data,"DAT_1009c61c",word
1009c61e,1009c620,data,"DAT_1009c61e",word
1009c620,1009c622,data,"DAT_1009c620",word
1009c622,1009c624,data,"DAT_1009c622",word
1009c624,1009c626,data,"DAT_1009c624",word
1009c626,1009c628,data,"DAT_1009c626",word
1009c628,1009c62a,data,"DAT_1009c628",word
1009c62a,1009c62c,data,"DAT_1009c62a",word
1009c62c,1009c62e,data,"DAT_1009c62c",word
1009c62e,1009c630,data,"DAT_1009c62e",word
1009c630,1009c632,data,"DAT_1009c630",word
1009c632,1009c634,data,"DAT_1009c632",word
1009c634,1009c636,data,"DAT_1009c634",word
1009c636,1009c638,data,"DAT_1009c636",word
1009c638,1009c63a,data,"DAT_1009c638",word
1009c63a,1009c63c,data,"DAT_1009c63a",word
1009c63c,1009c63e,data,"DAT_1009c63c",word
1009c63e,1009c640,data,"DAT_1009c63e",word
1009c640,1009c642,data,"DAT_1009c640",word
1009c642,1009c644,data,"DAT_1009c642",word
1009c644,1009c646,data,"DAT_1009c644",word
1009c646,1009c648,data,"DAT_1009c646",word
1009c648,1009c64a,data,"DAT_1009c648",word
1009c64a,1009c64c,data,"DAT_1009c64a",word
1009c64c,1009c64e,data,"DAT_1009c64c",word
1009c64e,1009c650,data,"DAT_1009c64e",word
1009c650,1009c652,data,"DAT_1009c650",word
1009c652,1009c654,data,"DAT_1009c652",word
1009c654,1009c656,data,"DAT_1009c654",word
1009c656,1009c658,data,"DAT_1009c656",word
1009c658,1009c65a,data,"DAT_1009c658",word
1009c65a,1009c65c,data,"DAT_1009c65a",word
1009c65c,1009c660,data,"DAT_1009c65c",dword
1009c660,1009c664,data,"DAT_1009c660",dword
1009c664,1009c666,data,"DAT_1009c664",word
1009c666,1009c668,data,"DAT_1009c666",word
1009c668,1009c66a,data,"DAT_1009c668",word
1009c66a,1009c66c,data,"DAT_1009c66a",word
1009c66c,1009c66e,data,"DAT_1009c66c",word
1009c66e,1009c670,data,"DAT_1009c66e",word
1009c670,1009c672,data,"DAT_1009c670",word
1009c672,1009c674,data,"DAT_1009c672",word
1009c674,1009c676,data,"DAT_1009c674",word
1009c676,1009c678,data,"DAT_1009c676",word
1009c678,1009c67a,data,"DAT_1009c678",word
1009c67a,1009c67c,data,"DAT_1009c67a",word
1009c67c,1009c67e,data,"DAT_1009c67c",word
1009c67e,1009c680,data,"DAT_1009c67e",word
1009c680,1009c682,data,"DAT_1009c680",word
1009c682,1009c684,data,"DAT_1009c682",word
1009c684,1009c686,data,"DAT_1009c684",word
1009c686,1009c688,data,"DAT_1009c686",word
1009c688,1009c68a,data,"DAT_1009c688",word
1009c68a,1009c68c,data,"DAT_1009c68a",word
1009c68c,1009c68e,data,"DAT_1009c68c",word
1009c68e,1009c690,data,"DAT_1009c68e",word
1009c690,1009c692,data,"DAT_1009c690",word
1009c692,1009c694,data,"DAT_1009c692",word
1009c694,1009c696,data,"DAT_1009c694",word
1009c696,1009c698,data,"DAT_1009c696",word
1009c698,1009c69a,data,"DAT_1009c698",word
1009c69a,1009c69c,data,"DAT_1009c69a",word
1009c69c,1009c69e,data,"DAT_1009c69c",word
1009c69e,1009c6a0,data,"DAT_1009c69e",word
1009c6a0,1009c6a2,data,"DAT_1009c6a0",word
1009c6a2,1009c6a4,data,"DAT_1009c6a2",word
1009c6a4,1009c6a6,data,"DAT_1009c6a4",word
1009c6a6,1009c6a8,data,"DAT_1009c6a6",word
1009c6a8,1009c6aa,data,"DAT_1009c6a8",word
1009c6aa,1009c6ac,data,"DAT_1009c6aa",word
1009c6ac,1009c6ae,data,"DAT_1009c6ac",word
1009c6ae,1009c6b0,data,"DAT_1009c6ae",word
1009c6b0,1009c6b2,data,"DAT_1009c6b0",word
1009c6b2,1009c6b4,data,"DAT_1009c6b2",word
1009c6b4,1009c6b6,data,"DAT_1009c6b4",word
1009c6b6,1009c6b8,data,"DAT_1009c6b6",word
1009c6b8,1009c6ba,data,"DAT_1009c6b8",word
1009c6ba,1009c6bc,data,"DAT_1009c6ba",word
1009c6bc,1009c6be,data,"DAT_1009c6bc",word
1009c6be,1009c6c0,data,"DAT_1009c6be",word
1009c6c0,1009c6c2,data,"DAT_1009c6c0",word
1009c6c2,1009c6c4,data,"DAT_1009c6c2",word
1009c6c4,1009c6c6,data,"DAT_1009c6c4",word
1009c6c6,1009c6c8,data,"DAT_1009c6c6",word
1009c6c8,1009c6ca,data,"DAT_1009c6c8",word
1009c6ca,1009c6cc,data,"DAT_1009c6ca",word
1009c6cc,1009c6ce,data,"DAT_1009c6cc",word
1009c6ce,1009c6d0,data,"DAT_1009c6ce",word
1009c6d0,1009c6d2,data,"DAT_1009c6d0",word
1009c6d2,1009c6d4,data,"DAT_1009c6d2",word
1009c6d4,1009c6d6,data,"DAT_1009c6d4",word
1009c6d6,1009c6d8,data,"DAT_1009c6d6",word
1009c6d8,1009c6da,data,"DAT_1009c6d8",word
1009c6da,1009c6dc,data,"DAT_1009c6da",word
1009c6dc,1009c6de,data,"DAT_1009c6dc",word
1009c6de,1009c6e0,data,"DAT_1009c6de",word
1009c6e0,1009c6e2,data,"DAT_1009c6e0",word
1009c6e2,1009c6e4,data,"DAT_1009c6e2",word
1009c6e4,1009c6e6,data,"DAT_1009c6e4",word
1009c6e6,1009c6e8,data,"DAT_1009c6e6",word
1009c6e8,1009c6ea,data,"DAT_1009c6e8",word
1009c6ea,1009c6ec,data,"DAT_1009c6ea",word
1009c6ec,1009c6ee,data,"DAT_1009c6ec",word
1009c6ee,1009c6f0,data,"DAT_1009c6ee",word
1009c6f0,1009c6f2,data,"DAT_1009c6f0",word
1009c6f2,1009c6f4,data,"DAT_1009c6f2",word
1009c6f4,1009c6f6,data,"DAT_1009c6f4",word
1009c6f6,1009c6f8,data,"DAT_1009c6f6",word
1009c6f8,1009c6fa,data,"DAT_1009c6f8",word
1009c6fa,1009c6fc,data,"DAT_1009c6fa",word
1009c6fc,1009c6fe,data,"DAT_1009c6fc",word
1009c6fe,1009c700,data,"DAT_1009c6fe",word
1009c700,1009c702,data,"DAT_1009c700",word
1009c702,1009c704,data,"DAT_1009c702",word
1009c704,1009c706,data,"DAT_1009c704",word
1009c706,1009c708,data,"DAT_1009c706",word
1009c708,1009c70a,data,"DAT_1009c708",word
1009c70a,1009c70c,data,"DAT_1009c70a",word
1009c70c,1009c70e,data,"DAT_1009c70c",word
1009c70e,1009c710,data,"DAT_1009c70e",word
1009c710,1009c712,data,"DAT_1009c710",word
1009c712,1009c714,data,"DAT_1009c712",word
1009c714,1009c716,data,"DAT_1009c714",word
1009c716,1009c718,data,"DAT_1009c716",word
1009c718,1009c71a,data,"DAT_1009c718",word
1009c71a,1009c71c,data,"DAT_1009c71a",word
1009c71c,1009c71e,data,"DAT_1009c71c",word
1009c71e,1009c720,data,"DAT_1009c71e",word
1009c720,1009c722,data,"DAT_1009c720",word
1009c722,1009c724,data,"DAT_1009c722",word
1009c724,1009c726,data,"DAT_1009c724",word
1009c726,1009c728,data,"DAT_1009c726",word
1009c728,1009c72a,data,"DAT_1009c728",word
1009c72a,1009c72c,data,"DAT_1009c72a",word
1009c72c,1009c72e,data,"DAT_1009c72c",word
1009c72e,1009c730,data,"DAT_1009c72e",word
1009c730,1009c732,data,"DAT_1009c730",word
1009c732,1009c734,data,"DAT_1009c732",word
1009c734,1009c736,data,"DAT_1009c734",word
1009c736,1009c738,data,"DAT_1009c736",word
1009c738,1009c73a,data,"DAT_1009c738",word
1009c73a,1009c73c,data,"DAT_1009c73a",word
1009c73c,1009c73e,data,"DAT_1009c73c",word
1009c73e,1009c740,data,"DAT_1009c73e",word
1009c740,1009c742,data,"DAT_1009c740",word
1009c742,1009c744,data,"DAT_1009c742",word
1009c744,1009c746,data,"DAT_1009c744",word
1009c746,1009c748,data,"DAT_1009c746",word
1009c748,1009c74a,data,"DAT_1009c748",word
1009c74a,1009c74c,data,"DAT_1009c74a",word
1009c74c,1009c74e,data,"DAT_1009c74c",word
1009c74e,1009c750,data,"DAT_1009c74e",word
1009c750,1009c752,data,"DAT_1009c750",word
1009c752,1009c754,data,"DAT_1009c752",word
1009c754,1009c756,data,"DAT_1009c754",word
1009c756,1009c758,data,"DAT_1009c756",word
1009c758,1009c75a,data,"DAT_1009c758",word
1009c75a,1009c75c,data,"DAT_1009c75a",word
1009c75c,1009c75e,data,"DAT_1009c75c",word
1009c75e,1009c760,data,"DAT_1009c75e",word
1009c760,1009c762,data,"DAT_1009c760",word
1009c762,1009c764,data,"DAT_1009c762",word
1009c764,1009c766,data,"DAT_1009c764",word
1009c766,1009c768,data,"DAT_1009c766",word
1009c768,1009c76a,data,"DAT_1009c768",word
1009c76a,1009c76c,data,"DAT_1009c76a",word
1009c76c,1009c76e,data,"DAT_1009c76c",word
1009c76e,1009c770,data,"DAT_1009c76e",word
1009c770,1009c772,data,"DAT_1009c770",word
1009c772,1009c774,data,"DAT_1009c772",word
1009c774,1009c776,data,"DAT_1009c774",word
1009c776,1009c778,data,"DAT_1009c776",word
1009c778,1009c77a,data,"DAT_1009c778",word
1009c77a,1009c77c,data,"DAT_1009c77a",word
1009c77c,1009c77e,data,"DAT_1009c77c",word
1009c77e,1009c780,data,"DAT_1009c77e",word
1009c780,1009c782,data,"DAT_1009c780",word
1009c782,1009c784,data,"DAT_1009c782",word
1009c784,1009c786,data,"DAT_1009c784",word
1009c786,1009c788,data,"DAT_1009c786",word
1009c788,1009c78a,data,"DAT_1009c788",word
1009c78a,1009c78c,data,"DAT_1009c78a",word
1009c78c,1009c78e,data,"DAT_1009c78c",word
1009c78e,1009c790,data,"DAT_1009c78e",word
1009c790,1009c792,data,"DAT_1009c790",word
1009c792,1009c794,data,"DAT_1009c792",word
1009c794,1009c796,data,"DAT_1009c794",word
1009c796,1009c798,data,"DAT_1009c796",word
1009c798,1009c79a,data,"DAT_1009c798",word
1009c79a,1009c79c,data,"DAT_1009c79a",word
1009c79c,1009c79e,data,"DAT_1009c79c",word
1009c79e,1009c7a0,data,"DAT_1009c79e",word
1009c7a0,1009c7a2,data,"DAT_1009c7a0",word
1009c7a2,1009c7a4,data,"DAT_1009c7a2",word
1009c7a4,1009c7a6,data,"DAT_1009c7a4",word
1009c7a6,1009c7a8,data,"DAT_1009c7a6",word
1009c7a8,1009c7aa,data,"DAT_1009c7a8",word
1009c7aa,1009c7ac,data,"DAT_1009c7aa",word
1009c7ac,1009c7ae,data,"DAT_1009c7ac",word
1009c7ae,1009c7b0,data,"DAT_1009c7ae",word
1009c7b0,1009c7b2,data,"DAT_1009c7b0",word
1009c7b2,1009c7b4,data,"DAT_1009c7b2",word
1009c7b4,1009c7b6,data,"DAT_1009c7b4",word
1009c7b6,1009c7b8,data,"DAT_1009c7b6",word
1009c7b8,1009c7ba,data,"DAT_1009c7b8",word
1009c7ba,1009c7bc,data,"DAT_1009c7ba",word
1009c7bc,1009c7be,data,"DAT_1009c7bc",word
1009c7be,1009c7c0,data,"DAT_1009c7be",word
1009c7c0,1009c7c4,data,"DAT_1009c7c0",dword
1009c7c4,1009c7c8,data,"DAT_1009c7c4",dword
1009c7c8,1009c7ca,data,"DAT_1009c7c8",word
1009c7ca,1009c7cc,data,"DAT_1009c7ca",word
1009c7cc,1009c7ce,data,"DAT_1009c7cc",word
1009c7ce,1009c7d0,data,"DAT_1009c7ce",word
1009c7d0,1009c7d2,data,"DAT_1009c7d0",word
1009c7d2,1009c7d4,data,"DAT_1009c7d2",word
1009c7d4,1009c7d6,data,"DAT_1009c7d4",word
1009c7d6,1009c7d8,data,"DAT_1009c7d6",word
1009c7d8,1009c7da,data,"DAT_1009c7d8",word
1009c7da,1009c7dc,data,"DAT_1009c7da",word
1009c7dc,1009c7de,data,"DAT_1009c7dc",word
1009c7de,1009c7e0,data,"DAT_1009c7de",word
1009c7e0,1009c7e2,data,"DAT_1009c7e0",word
1009c7e2,1009c7e4,data,"DAT_1009c7e2",word
1009c7e4,1009c7e6,data,"DAT_1009c7e4",word
1009c7e6,1009c7e8,data,"DAT_1009c7e6",word
1009c7e8,1009c7ea,data,"DAT_1009c7e8",word
1009c7ea,1009c7ec,data,"DAT_1009c7ea",word
1009c7ec,1009c7ee,data,"DAT_1009c7ec",word
1009c7ee,1009c7f0,data,"DAT_1009c7ee",word
1009c7f0,1009c7f2,data,"DAT_1009c7f0",word
1009c7f2,1009c7f4,data,"DAT_1009c7f2",word
1009c7f4,1009c7f6,data,"DAT_1009c7f4",word
1009c7f6,1009c7f8,data,"DAT_1009c7f6",word
1009c7f8,1009c7fa,data,"DAT_1009c7f8",word
1009c7fa,1009c7fc,data,"DAT_1009c7fa",word
1009c7fc,1009c7fe,data,"DAT_1009c7fc",word
1009c7fe,1009c800,data,"DAT_1009c7fe",word
1009c800,1009c802,data,"DAT_1009c800",word
1009c802,1009c804,data,"DAT_1009c802",word
1009c804,1009c806,data,"DAT_1009c804",word
1009c806,1009c808,data,"DAT_1009c806",word
1009c808,1009c80a,data,"DAT_1009c808",word
1009c80a,1009c80c,data,"DAT_1009c80a",word
1009c80c,1009c80e,data,"DAT_1009c80c",word
1009c80e,1009c810,data,"DAT_1009c80e",word
1009c810,1009c812,data,"DAT_1009c810",word
1009c812,1009c814,data,"DAT_1009c812",word
1009c814,1009c816,data,"DAT_1009c814",word
1009c816,1009c818,data,"DAT_1009c816",word
1009c818,1009c81a,data,"DAT_1009c818",word
1009c81a,1009c81c,data,"DAT_1009c81a",word
1009c81c,1009c81e,data,"DAT_1009c81c",word
1009c81e,1009c820,data,"DAT_1009c81e",word
1009c820,1009c822,data,"DAT_1009c820",word
1009c822,1009c824,data,"DAT_1009c822",word
1009c824,1009c826,data,"DAT_1009c824",word
1009c826,1009c828,data,"DAT_1009c826",word
1009c828,1009c82a,data,"DAT_1009c828",word
1009c82a,1009c82c,data,"DAT_1009c82a",word
1009c82c,1009c82e,data,"DAT_1009c82c",word
1009c82e,1009c830,data,"DAT_1009c82e",word
1009c830,1009c832,data,"DAT_1009c830",word
1009c832,1009c834,data,"DAT_1009c832",word
1009c834,1009c836,data,"DAT_1009c834",word
1009c836,1009c838,data,"DAT_1009c836",word
1009c838,1009c83a,data,"DAT_1009c838",word
1009c83a,1009c83c,data,"DAT_1009c83a",word
